design_id,thickness_mm,width_mm,arm_length_mm,fillet_radius_mm,material_id,material_name,load_N,max_stress_MPa,max_deflection_mm,mass_kg,factor_of_safety
D0001,3.136,49.906,42.486,7.646,0,Mild Steel,122.7,72.29,0.1222,0.0887,3.458
D0002,8.445,79.792,94.015,9.863,2,Aluminium,920.0,111.396,0.9223,0.2908,0.853
D0003,8.591,40.151,93.56,6.588,1,Stainless Steel,576.4,144.313,0.3843,0.4389,1.49
D0004,8.002,79.734,60.027,4.269,1,Stainless Steel,1440.7,143.761,0.1581,0.5209,1.496
D0005,6.008,45.076,70.648,4.195,1,Stainless Steel,985.7,345.592,0.7371,0.2602,0.622
D0006,5.842,30.255,53.991,1.779,2,Aluminium,576.6,279.225,0.8723,0.0438,0.34
D0007,5.519,49.02,45.072,5.541,0,Mild Steel,1241.1,282.182,0.2758,0.1627,0.886
D0008,7.187,37.699,69.07,2.218,2,Aluminium,1261.0,413.427,1.7211,0.0859,0.23
D0009,4.245,57.312,76.796,3.755,0,Mild Steel,348.1,199.662,0.7191,0.2494,1.252
D0010,8.557,65.656,77.401,1.74,0,Mild Steel,973.6,151.977,0.2195,0.5803,1.645
D0011,4.404,54.01,53.887,9.135,1,Stainless Steel,797.3,279.274,0.5605,0.1743,0.77
D0012,9.88,40.675,97.545,4.794,2,Aluminium,731.1,154.976,1.0028,0.1799,0.613
D0013,9.534,36.555,45.153,9.342,2,Aluminium,834.8,85.827,0.1406,0.0722,1.107
D0014,8.51,57.534,77.832,4.722,2,Aluminium,378.2,59.539,0.2916,0.1749,1.596
D0015,5.987,63.946,44.826,5.044,2,Aluminium,813.4,123.861,0.3095,0.0788,0.767
D0016,6.626,70.147,94.424,3.688,2,Aluminium,1030.2,266.062,2.4644,0.2014,0.357
D0017,5.28,47.726,78.414,8.497,1,Stainless Steel,597.3,245.578,0.8497,0.2687,0.875
D0018,4.06,79.093,98.194,7.548,0,Mild Steel,374.3,193.354,1.3392,0.4208,1.293
D0019,6.742,31.253,42.971,1.187,2,Aluminium,1316.2,391.196,0.6321,0.0416,0.243
D0020,9.219,52.436,85.995,1.165,1,Stainless Steel,355.1,69.025,0.1139,0.5654,3.115
D0021,6.6,34.123,89.149,6.987,1,Stainless Steel,620.6,277.635,0.9291,0.273,0.774
D0022,4.771,61.876,75.529,5.691,1,Stainless Steel,862.5,337.663,1.1458,0.3033,0.637
D0023,6.249,70.098,54.036,2.633,0,Mild Steel,1339.5,233.563,0.2471,0.3159,1.07
D0024,4.178,55.582,42.907,7.539,2,Aluminium,1077.0,327.776,1.2171,0.0457,0.29
D0025,3.092,30.634,94.311,6.91,2,Aluminium,882.3,1935.149,47.4001,0.041,0.049
D0026,9.761,78.157,63.014,1.333,1,Stainless Steel,257.5,21.835,0.0184,0.6538,9.847
D0027,7.282,77.321,96.729,2.931,1,Stainless Steel,107.1,22.48,0.0673,0.7407,9.564
D0028,4.372,38.44,56.806,9.414,2,Aluminium,1424.9,750.135,4.7138,0.0438,0.127
D0029,3.613,67.375,54.977,7.155,1,Stainless Steel,254.1,108.3,0.2755,0.182,1.985
D0030,7.75,38.237,86.506,8.061,1,Stainless Steel,1341.0,377.953,1.0109,0.3486,0.569
D0031,8.935,36.281,54.866,4.603,1,Stainless Steel,469.8,76.005,0.0621,0.2419,2.829
D0032,5.758,47.087,77.444,5.113,0,Mild Steel,1024.3,391.646,1.0583,0.2802,0.638
D0033,4.601,31.691,66.637,5.651,0,Mild Steel,1455.3,1050.084,2.7895,0.1297,0.238
D0034,5.686,42.402,77.862,4.369,1,Stainless Steel,1262.6,568.401,1.5846,0.2553,0.378
D0035,3.312,38.865,42.517,1.146,2,Aluminium,1032.1,936.708,3.2573,0.0251,0.101
D0036,4.382,53.006,40.432,8.666,0,Mild Steel,153.3,41.506,0.0454,0.1253,6.023
D0037,4.784,65.431,72.442,5.989,2,Aluminium,185.5,64.983,0.5706,0.1041,1.462
D0038,6.757,36.336,96.783,7.862,2,Aluminium,435.9,186.509,2.044,0.1091,0.509
D0039,3.655,33.618,81.495,1.564,0,Mild Steel,973.8,1556.771,6.4205,0.1336,0.161
D0040,7.005,75.194,63.57,4.799,1,Stainless Steel,628.6,87.743,0.1295,0.4554,2.45
D0041,6.75,33.11,63.13,3.027,0,Mild Steel,530.9,194.287,0.2624,0.1883,1.287
D0042,4.64,66.899,71.816,9.607,2,Aluminium,405.1,137.494,1.301,0.1023,0.691
D0043,5.063,39.464,55.982,1.857,2,Aluminium,1196.6,597.523,2.3766,0.0513,0.159
D0044,9.61,33.179,49.119,5.873,1,Stainless Steel,568.6,75.469,0.0474,0.213,2.849
D0045,4.23,44.235,72.164,3.464,0,Mild Steel,1429.6,1020.472,3.209,0.1802,0.245
D0046,9.972,74.83,47.553,3.616,2,Aluminium,462.9,26.733,0.0389,0.1629,3.554
D0047,5.975,60.386,92.44,3.947,1,Stainless Steel,1094.3,382.874,1.391,0.4536,0.562
D0048,9.467,67.345,40.831,9.203,2,Aluminium,950.6,48.728,0.0657,0.1195,1.95
D0049,4.561,44.022,61.933,8.307,2,Aluminium,520.7,242.005,1.7164,0.0571,0.393
D0050,3.982,52.484,91.187,4.382,2,Aluminium,294.8,239.25,3.911,0.0875,0.397
D0051,3.968,34.881,82.667,8.956,2,Aluminium,1167.3,1196.433,17.5432,0.0525,0.079
D0052,5.823,47.902,50.955,8.992,0,Mild Steel,1195.5,263.085,0.3345,0.1897,0.95
D0053,8.324,78.942,78.6,3.07,1,Stainless Steel,670.1,86.813,0.1481,0.7024,2.477
D0054,7.729,69.767,99.41,5.352,1,Stainless Steel,526.7,101.594,0.3329,0.729,2.116
D0055,9.178,72.538,53.439,2.57,1,Stainless Steel,569.9,46.65,0.0321,0.4839,4.609
D0056,4.451,49.287,97.126,6.551,0,Mild Steel,486.4,341.654,2.0506,0.2844,0.732
D0057,9.401,61.368,68.953,1.93,1,Stainless Steel,1022.4,125.922,0.1363,0.541,1.707
D0058,5.377,54.44,48.18,9.252,0,Mild Steel,706.2,149.559,0.1867,0.1882,1.672
D0059,8.0,50.249,88.541,4.807,2,Aluminium,801.7,183.339,1.2541,0.1634,0.518
D0060,6.243,45.32,78.114,9.999,2,Aluminium,121.9,37.646,0.3056,0.1014,2.523
D0061,6.015,44.109,69.262,2.849,2,Aluminium,995.8,374.472,1.9986,0.0843,0.254
D0062,7.6,74.146,51.872,1.271,2,Aluminium,1392.4,166.438,0.3462,0.1342,0.571
D0063,4.264,73.976,61.921,2.274,1,Stainless Steel,1348.1,526.882,1.1571,0.2656,0.408
D0064,4.731,79.606,67.268,5.449,2,Aluminium,788.8,218.747,1.6508,0.1163,0.434
D0065,7.886,58.435,43.248,9.576,1,Stainless Steel,951.0,82.382,0.0556,0.271,2.61
D0066,4.637,67.652,74.638,3.927,0,Mild Steel,1174.3,468.684,1.4476,0.3125,0.533
D0067,3.944,35.418,87.872,9.986,2,Aluminium,287.8,312.61,5.2106,0.0563,0.304
D0068,8.458,56.429,83.311,6.375,1,Stainless Steel,904.2,148.471,0.3174,0.5408,1.448
D0069,8.502,63.46,42.234,3.82,0,Mild Steel,693.1,55.781,0.0268,0.3041,4.482
D0070,3.924,40.101,79.897,8.023,1,Stainless Steel,1269.3,1118.142,5.5362,0.171,0.192
D0071,6.109,77.708,88.173,6.772,2,Aluminium,403.7,90.79,0.9057,0.1921,1.046
D0072,9.768,73.652,49.59,9.081,0,Mild Steel,1248.4,67.313,0.0444,0.4761,3.714
D0073,9.077,56.909,49.455,9.049,1,Stainless Steel,734.9,58.446,0.0433,0.3474,3.679
D0074,8.592,62.162,78.104,7.296,0,Mild Steel,1292.3,170.994,0.3123,0.5567,1.462
D0075,6.474,72.647,72.96,2.666,2,Aluminium,557.2,118.361,0.6365,0.1575,0.803
D0076,4.317,55.541,86.555,1.755,1,Stainless Steel,1269.6,942.94,3.818,0.2823,0.228
D0077,7.917,55.021,55.207,3.165,0,Mild Steel,1132.8,161.489,0.1396,0.3209,1.548
D0078,4.97,42.653,47.717,3.851,0,Mild Steel,1267.9,454.472,0.5262,0.135,0.55
D0079,3.3,39.789,94.761,6.649,1,Stainless Steel,931.6,1387.172,11.4888,0.1692,0.155
D0080,5.409,40.202,98.28,9.195,2,Aluminium,484.0,280.227,4.1875,0.0981,0.339
D0081,5.102,30.931,62.647,2.415,2,Aluminium,428.4,288.823,1.4862,0.0454,0.329
D0082,8.427,59.197,78.054,1.594,1,Stainless Steel,606.8,110.002,0.1688,0.5295,1.955
D0083,8.166,51.043,87.567,3.203,0,Mild Steel,1135.4,260.878,0.5485,0.4871,0.958
D0084,5.752,46.959,48.571,4.823,2,Aluminium,696.7,169.757,0.5178,0.0602,0.56
D0085,9.186,44.59,41.248,5.075,1,Stainless Steel,1294.3,119.675,0.0545,0.2298,1.797
D0086,5.695,50.108,53.958,3.754,2,Aluminium,1090.4,295.492,1.0728,0.0707,0.321
D0087,5.065,61.132,46.784,3.945,0,Mild Steel,1003.5,236.662,0.2587,0.1933,1.056
D0088,9.923,47.279,93.094,6.094,0,Mild Steel,1058.3,175.057,0.3697,0.5828,1.428
D0089,7.238,48.548,48.619,4.85,2,Aluminium,1483.4,230.745,0.5369,0.0784,0.412
D0090,5.835,39.35,62.157,6.366,2,Aluminium,1272.2,437.744,2.265,0.0655,0.217
D0091,7.4,36.481,41.899,3.89,1,Stainless Steel,640.9,114.378,0.0661,0.1538,1.88
D0092,5.371,63.98,92.194,2.889,2,Aluminium,231.4,97.953,1.0603,0.1454,0.97
D0093,5.787,37.769,69.029,9.911,2,Aluminium,803.8,303.662,2.0942,0.0692,0.313
D0094,9.095,62.374,88.397,7.374,1,Stainless Steel,503.9,67.731,0.1537,0.682,3.174
D0095,5.567,63.495,82.095,2.353,2,Aluminium,1484.2,546.613,4.3456,0.1332,0.174
D0096,6.378,53.946,63.369,1.967,0,Mild Steel,754.8,201.506,0.2745,0.291,1.241
D0097,3.957,44.298,90.477,4.155,0,Mild Steel,872.8,850.385,4.7105,0.2116,0.294
D0098,7.82,62.115,90.661,5.414,2,Aluminium,1194.1,230.49,1.7368,0.2021,0.412
D0099,9.212,64.654,44.972,5.771,1,Stainless Steel,232.2,15.686,0.0087,0.3643,13.707
D0100,6.062,61.316,88.964,9.315,0,Mild Steel,843.5,233.74,0.8695,0.4413,1.07
D0101,7.664,58.981,80.693,3.082,2,Aluminium,296.7,61.493,0.3404,0.1674,1.545
D0102,6.447,71.647,86.85,9.805,0,Mild Steel,569.8,116.808,0.3888,0.5354,2.14
D0103,3.642,74.462,84.567,6.489,2,Aluminium,769.1,453.615,7.4933,0.1053,0.209
D0104,3.721,33.257,60.139,7.386,0,Mild Steel,1242.7,1106.06,3.1557,0.0993,0.226
D0105,8.588,57.456,40.142,4.284,2,Aluminium,1461.0,118.862,0.1506,0.0909,0.799
D0106,8.059,52.31,45.268,9.921,2,Aluminium,1258.3,121.759,0.2471,0.0876,0.78
D0107,6.069,59.613,64.487,2.556,2,Aluminium,682.4,177.018,0.796,0.1071,0.537
D0108,4.993,70.745,91.094,8.247,1,Stainless Steel,541.0,194.27,0.9624,0.4376,1.107
D0109,4.352,68.894,45.918,7.896,1,Stainless Steel,1079.1,261.075,0.3812,0.1873,0.824
D0110,6.956,52.466,99.519,7.792,2,Aluminium,216.4,62.621,0.7001,0.1667,1.517
D0111,4.786,74.348,94.442,5.894,0,Mild Steel,964.6,388.52,1.9942,0.4484,0.643
D0112,5.965,40.007,58.678,5.477,2,Aluminium,187.2,59.114,0.2583,0.0643,1.607
D0113,6.584,61.648,51.714,1.577,1,Stainless Steel,1140.6,210.408,0.1858,0.2855,1.022
D0114,7.829,31.522,46.839,3.147,1,Stainless Steel,1119.6,241.517,0.1576,0.1572,0.89
D0115,6.976,37.812,54.286,6.26,1,Stainless Steel,1411.8,320.475,0.3648,0.1947,0.671
D0116,9.87,55.561,86.589,2.676,1,Stainless Steel,422.2,63.458,0.1063,0.6458,3.388
D0117,9.721,44.675,88.707,3.595,0,Mild Steel,238.6,45.188,0.0812,0.5141,5.532
D0118,6.676,33.108,48.456,3.44,0,Mild Steel,1448.5,406.202,0.3346,0.1429,0.615
D0119,9.449,46.766,79.788,5.695,0,Mild Steel,1117.2,177.231,0.2877,0.4705,1.411
D0120,3.744,77.633,84.668,6.301,0,Mild Steel,1351.1,729.042,4.0244,0.3285,0.343
D0121,3.109,74.172,72.713,3.027,1,Stainless Steel,1350.2,1037.581,4.8288,0.228,0.207
D0122,3.618,52.041,96.831,3.873,2,Aluminium,957.0,1012.59,20.4406,0.0837,0.094
D0123,5.04,42.023,83.488,2.742,1,Stainless Steel,692.1,457.716,1.5512,0.2405,0.47
D0124,8.088,48.353,62.916,3.367,1,Stainless Steel,892.1,157.035,0.18,0.3346,1.369
D0125,6.856,39.205,99.064,8.685,2,Aluminium,784.6,304.871,3.5,0.1222,0.312
D0126,7.52,52.282,58.035,6.377,1,Stainless Steel,1182.3,180.478,0.2154,0.3103,1.191
D0127,6.717,46.852,97.648,6.576,0,Mild Steel,551.6,192.82,0.7234,0.4101,1.297
D0128,9.984,47.023,49.459,7.264,2,Aluminium,1379.6,116.599,0.2067,0.1066,0.815
D0129,9.845,32.032,65.343,1.232,1,Stainless Steel,238.1,50.53,0.0451,0.2802,4.255
D0130,6.265,78.52,85.846,3.31,1,Stainless Steel,585.0,138.518,0.3972,0.5743,1.552
D0131,4.112,62.101,69.512,5.158,1,Stainless Steel,1475.4,706.996,2.3779,0.2414,0.304
D0132,5.878,66.641,98.664,4.009,1,Stainless Steel,759.3,263.876,1.1168,0.5256,0.815
D0133,3.59,62.531,65.594,2.055,0,Mild Steel,375.7,256.197,0.7327,0.1965,0.976
D0134,6.999,73.022,97.492,2.551,1,Stainless Steel,715.9,176.219,0.5492,0.6776,1.22
D0135,5.084,67.404,45.424,2.401,2,Aluminium,180.2,40.719,0.1105,0.0715,2.333
D0136,4.297,45.631,40.51,7.797,0,Mild Steel,766.3,253.322,0.2814,0.106,0.987
D0137,9.53,33.718,52.84,2.826,1,Stainless Steel,493.8,79.176,0.0517,0.2309,2.715
D0138,3.723,31.496,90.46,1.816,0,Mild Steel,357.2,637.928,3.2526,0.1416,0.392
D0139,8.451,42.131,84.637,6.587,1,Stainless Steel,513.6,114.189,0.2538,0.4098,1.883
D0140,7.42,68.583,92.013,6.923,1,Stainless Steel,740.0,137.686,0.4264,0.6368,1.562
D0141,6.396,64.907,79.754,3.49,2,Aluminium,227.9,57.856,0.3946,0.152,1.642
D0142,9.991,67.102,55.795,2.49,0,Mild Steel,315.2,24.917,0.0164,0.4992,10.033
D0143,9.926,68.423,82.29,8.222,0,Mild Steel,195.0,18.595,0.0325,0.7458,13.445
D0144,7.193,70.724,58.119,6.253,1,Stainless Steel,204.5,25.136,0.0316,0.4021,8.554
D0145,6.863,70.756,81.532,7.991,2,Aluminium,626.4,112.351,0.8603,0.1817,0.846
D0146,3.928,67.848,72.315,5.08,2,Aluminium,1357.3,675.404,7.2359,0.0885,0.141
D0147,4.195,43.929,60.663,2.925,0,Mild Steel,596.4,377.922,0.821,0.1492,0.662
D0148,7.444,63.208,62.448,9.535,0,Mild Steel,856.7,110.207,0.16,0.3921,2.268
D0149,8.629,64.739,86.37,2.409,2,Aluminium,710.5,119.188,0.6379,0.2215,0.797
D0150,6.194,58.197,86.963,3.128,0,Mild Steel,1480.4,494.09,1.4079,0.4183,0.506
D0151,7.047,43.367,81.877,2.131,2,Aluminium,1310.0,461.584,2.7465,0.1149,0.206
D0152,6.598,64.067,86.129,9.971,0,Mild Steel,415.7,90.324,0.2887,0.4858,2.768
D0153,9.034,53.268,45.603,5.923,2,Aluminium,1057.1,90.595,0.148,0.1007,1.049
D0154,8.113,42.048,43.756,4.094,0,Mild Steel,262.2,35.532,0.0196,0.1992,7.036
D0155,6.386,72.104,52.233,1.861,1,Stainless Steel,864.7,143.032,0.136,0.3271,1.503
D0156,8.147,53.304,70.934,8.024,1,Stainless Steel,1050.9,159.276,0.2697,0.4189,1.35
D0157,5.38,73.211,58.607,3.67,0,Mild Steel,1393.0,312.479,0.492,0.308,0.8
D0158,9.298,44.072,64.92,9.072,1,Stainless Steel,1222.4,157.703,0.1957,0.3618,1.363
D0159,9.588,67.316,75.192,6.792,1,Stainless Steel,566.2,55.389,0.0841,0.66,3.882
D0160,4.96,72.96,60.602,7.153,2,Aluminium,1447.4,346.2,2.0983,0.1007,0.274
D0161,9.905,74.257,82.973,8.577,2,Aluminium,503.7,44.437,0.2312,0.2801,2.138
D0162,9.986,61.993,87.17,9.04,1,Stainless Steel,105.9,11.467,0.0235,0.7339,18.749
D0163,3.927,72.44,86.104,8.231,1,Stainless Steel,1397.8,733.659,4.2161,0.3331,0.293
D0164,4.098,76.421,93.502,6.525,1,Stainless Steel,1437.2,731.522,4.6305,0.3982,0.294
D0165,6.452,39.974,70.62,7.086,1,Stainless Steel,826.9,259.973,0.5621,0.2477,0.827
D0166,5.803,31.354,40.033,2.656,2,Aluminium,138.3,45.693,0.084,0.0334,2.079
D0167,4.116,50.964,81.923,9.867,0,Mild Steel,117.2,75.679,0.3624,0.2294,3.303
D0168,8.855,47.962,93.424,5.886,0,Mild Steel,1021.6,206.808,0.5002,0.5295,1.209
D0169,6.282,32.632,48.202,7.031,1,Stainless Steel,1056.5,292.01,0.3032,0.1344,0.736
D0170,8.905,41.786,52.892,5.656,0,Mild Steel,462.1,60.619,0.0463,0.2627,4.124
D0171,4.184,73.268,76.59,8.182,0,Mild Steel,1402.2,571.304,2.3476,0.3133,0.438
D0172,8.476,65.883,54.185,1.178,0,Mild Steel,490.2,56.169,0.0389,0.4038,4.451
D0173,5.565,52.053,88.159,4.995,2,Aluminium,960.7,404.144,4.2532,0.1172,0.235
D0174,3.711,63.521,86.814,7.687,2,Aluminium,555.8,375.498,6.492,0.0939,0.253
D0175,6.527,72.66,56.824,2.2,2,Aluminium,230.0,38.563,0.1211,0.1237,2.464
D0176,8.04,71.656,98.328,4.187,1,Stainless Steel,285.5,51.65,0.151,0.7704,4.163
D0177,6.746,67.864,69.701,4.335,2,Aluminium,565.6,104.7,0.5329,0.1465,0.907
D0178,6.653,52.676,47.978,9.039,0,Mild Steel,208.4,30.654,0.0297,0.2244,8.156
D0179,6.313,58.33,45.505,2.74,2,Aluminium,916.5,157.689,0.3411,0.0769,0.602
D0180,6.766,65.757,88.214,5.402,1,Stainless Steel,1020.2,235.212,0.7126,0.5338,0.914
D0181,7.181,67.177,50.643,8.674,2,Aluminium,370.2,39.433,0.1121,0.1121,2.409
D0182,9.432,76.235,79.371,4.783,0,Mild Steel,980.5,98.257,0.1533,0.7616,2.544
D0183,4.078,31.541,64.001,3.083,1,Stainless Steel,1105.8,1072.662,2.808,0.112,0.2
D0184,3.753,74.779,77.81,8.541,2,Aluminium,1249.8,628.593,8.6329,0.1002,0.151
D0185,8.4,66.032,74.589,4.405,1,Stainless Steel,1344.6,183.249,0.2955,0.5626,1.173
D0186,3.61,70.168,78.342,6.808,1,Stainless Steel,512.0,300.355,1.5454,0.2699,0.716
D0187,5.336,71.476,88.115,5.229,0,Mild Steel,178.2,58.365,0.2245,0.4485,4.283
D0188,9.763,53.621,64.767,3.607,1,Stainless Steel,820.4,93.703,0.0926,0.4611,2.294
D0189,4.633,35.022,51.938,3.143,0,Mild Steel,559.6,313.842,0.4501,0.1125,0.797
D0190,4.02,50.753,78.978,8.641,0,Mild Steel,1340.0,878.495,4.0035,0.215,0.285
D0191,5.355,50.378,72.289,6.009,2,Aluminium,750.5,277.106,2.1239,0.0895,0.343
D0192,8.492,58.632,50.002,9.088,1,Stainless Steel,1061.4,93.42,0.0766,0.3386,2.301
D0193,4.164,37.716,82.73,8.832,1,Stainless Steel,1142.7,984.344,4.9246,0.1767,0.218
D0194,7.758,42.41,90.35,9.578,1,Stainless Steel,1220.8,313.681,0.9424,0.4043,0.685
D0195,5.791,49.63,59.763,3.952,2,Aluminium,223.7,65.12,0.2871,0.0788,1.459
D0196,7.574,42.395,71.903,7.76,0,Mild Steel,901.6,199.987,0.3639,0.3081,1.25
D0197,9.226,31.902,73.231,2.083,1,Stainless Steel,266.3,68.894,0.0865,0.2931,3.121
D0198,8.574,69.817,90.303,6.468,0,Mild Steel,1372.4,192.096,0.4594,0.7213,1.301
D0199,9.942,31.912,45.246,5.149,1,Stainless Steel,1192.6,145.952,0.073,0.1952,1.473
D0200,8.322,58.884,74.764,8.663,2,Aluminium,1076.6,147.653,0.7685,0.1682,0.643
D0201,9.966,33.565,52.706,1.362,1,Stainless Steel,1344.7,213.047,0.1228,0.2398,1.009
D0202,3.166,64.121,41.484,5.688,2,Aluminium,655.1,291.064,1.3324,0.0387,0.326
D0203,8.054,74.064,78.538,1.731,1,Stainless Steel,623.8,98.318,0.1618,0.6372,2.187
D0204,8.675,36.323,92.622,4.755,2,Aluminium,1369.4,391.859,2.6597,0.134,0.242
D0205,7.217,44.563,60.496,4.352,1,Stainless Steel,299.7,64.841,0.0821,0.2646,3.316
D0206,8.866,69.121,48.588,9.154,0,Mild Steel,1126.6,75.495,0.0537,0.3973,3.311
D0207,3.523,34.403,43.738,3.918,2,Aluminium,648.4,491.012,2.0911,0.0243,0.193
D0208,5.59,46.087,52.247,4.858,2,Aluminium,758.5,212.975,0.7788,0.0618,0.446
D0209,4.566,42.863,91.304,4.406,0,Mild Steel,100.6,77.94,0.375,0.2385,3.208
D0210,6.039,66.558,76.435,5.999,2,Aluminium,417.2,99.136,0.7367,0.141,0.958
D0211,4.218,47.379,46.573,9.964,0,Mild Steel,766.6,288.336,0.4355,0.1242,0.867
D0212,3.241,54.591,41.03,5.821,2,Aluminium,998.0,491.517,2.1498,0.0333,0.193
D0213,4.361,64.944,78.277,6.163,2,Aluminium,1345.1,605.632,6.9439,0.1018,0.157
D0214,9.692,53.926,52.04,5.784,1,Stainless Steel,1336.1,114.142,0.0795,0.3699,1.884
D0215,8.049,54.404,93.911,3.544,2,Aluminium,1167.4,272.811,1.976,0.1887,0.348
D0216,3.483,61.925,63.49,3.796,0,Mild Steel,925.6,580.519,1.8115,0.1827,0.431
D0217,4.388,33.061,69.461,1.846,0,Mild Steel,736.4,709.782,1.7666,0.1345,0.352
D0218,3.899,69.722,70.411,8.079,0,Mild Steel,232.0,104.946,0.3919,0.2554,2.382
D0219,6.235,72.694,50.857,3.725,1,Stainless Steel,1376.1,205.891,0.2129,0.3135,1.044
D0220,7.184,61.578,92.526,5.021,2,Aluminium,1114.4,261.893,2.2414,0.1879,0.363
D0221,4.022,71.917,55.986,3.862,0,Mild Steel,471.0,172.133,0.3533,0.2161,1.452
D0222,7.221,37.259,86.435,8.272,1,Stainless Steel,859.3,281.103,0.8197,0.3163,0.765
D0223,9.954,65.386,82.425,4.535,2,Aluminium,1401.4,155.499,0.7056,0.2462,0.611
D0224,7.094,64.529,48.703,7.818,0,Mild Steel,167.5,18.603,0.0168,0.2975,13.438
D0225,8.502,78.389,47.682,7.708,2,Aluminium,970.4,62.692,0.1266,0.1459,1.515
D0226,4.191,34.165,43.472,3.175,0,Mild Steel,117.4,67.585,0.0767,0.0831,3.699
D0227,8.081,43.535,61.803,3.355,2,Aluminium,1169.9,225.177,0.697,0.0998,0.422
D0228,5.508,59.955,42.659,5.921,1,Stainless Steel,1287.6,224.562,0.2067,0.1916,0.957
D0229,9.778,32.872,84.594,6.924,1,Stainless Steel,559.4,121.222,0.2283,0.3698,1.774
D0230,6.515,34.293,48.282,4.902,0,Mild Steel,725.3,191.475,0.1722,0.144,1.306
D0231,3.308,65.831,96.519,3.426,1,Stainless Steel,385.7,387.046,3.017,0.2858,0.555
D0232,9.371,58.819,59.392,1.104,2,Aluminium,396.6,46.144,0.0995,0.1503,2.059
D0233,4.586,56.913,87.822,6.972,0,Mild Steel,420.8,217.034,1.0385,0.3059,1.152
D0234,4.063,58.492,63.154,3.551,2,Aluminium,674.0,340.874,2.5089,0.0689,0.279
D0235,8.013,46.983,98.485,1.976,1,Stainless Steel,1352.9,419.658,1.1081,0.5042,0.512
D0236,7.374,39.685,77.232,1.784,2,Aluminium,350.8,119.552,0.5888,0.1037,0.795
D0237,9.51,69.439,75.591,5.399,1,Stainless Steel,159.3,16.092,0.0239,0.6789,13.361
D0238,7.501,35.546,93.412,5.408,1,Stainless Steel,1121.5,420.306,1.2628,0.3387,0.512
D0239,4.107,56.186,73.745,6.94,0,Mild Steel,1416.3,764.159,2.9192,0.2271,0.327
D0240,4.356,31.428,83.168,8.014,1,Stainless Steel,1469.6,1406.983,6.7435,0.1549,0.153
D0241,6.426,40.654,68.814,8.201,0,Mild Steel,253.7,75.071,0.1532,0.2399,3.33
D0242,8.285,69.274,42.298,8.272,1,Stainless Steel,1022.8,68.594,0.0407,0.3302,3.134
D0243,6.171,52.772,93.789,5.552,0,Mild Steel,398.7,143.061,0.5304,0.4076,1.748
D0244,4.514,33.247,41.793,9.515,1,Stainless Steel,1271.5,534.104,0.629,0.0853,0.403
D0245,8.411,43.308,64.673,8.93,1,Stainless Steel,1022.3,160.857,0.2224,0.3204,1.337
D0246,7.86,45.565,46.906,7.804,0,Mild Steel,163.3,20.534,0.0152,0.2242,12.175
D0247,9.503,62.274,47.126,8.602,2,Aluminium,515.2,33.158,0.0585,0.128,2.865
D0248,3.039,30.718,97.019,2.022,1,Stainless Steel,1071.0,2984.236,23.51,0.1232,0.072
D0249,7.056,40.527,46.044,2.472,2,Aluminium,847.5,175.665,0.3369,0.0604,0.541
D0250,3.078,46.554,46.97,4.748,0,Mild Steel,1219.5,911.027,1.8615,0.0898,0.274
D0251,5.572,54.549,95.547,8.53,0,Mild Steel,596.7,236.43,1.1033,0.3875,1.057
D0252,3.604,78.192,75.09,4.279,1,Stainless Steel,1464.7,791.538,3.5126,0.2878,0.272
D0253,5.303,34.556,74.304,1.673,0,Mild Steel,586.5,413.301,0.9338,0.1817,0.605
D0254,6.915,56.848,69.412,8.019,0,Mild Steel,142.4,26.687,0.0507,0.3641,9.368
D0255,9.223,53.026,77.543,2.331,1,Stainless Steel,378.8,61.707,0.088,0.5158,3.484
D0256,5.658,50.558,66.723,7.142,0,Mild Steel,1355.1,403.998,0.879,0.2547,0.619
D0257,4.63,70.826,52.283,9.367,2,Aluminium,615.8,144.354,0.7255,0.0787,0.658
D0258,3.858,33.486,62.316,6.694,0,Mild Steel,158.1,136.576,0.3978,0.1074,1.83
D0259,3.789,64.253,92.169,2.29,0,Mild Steel,611.7,507.118,2.741,0.2994,0.493
D0260,7.359,34.109,99.734,3.276,1,Stainless Steel,1466.9,693.311,2.2186,0.3405,0.31
D0261,8.626,79.384,70.747,4.29,2,Aluminium,317.0,32.624,0.1277,0.2224,2.912
D0262,4.682,53.644,57.692,7.707,0,Mild Steel,147.9,50.479,0.1032,0.1933,4.953
D0263,6.966,66.391,59.445,1.808,0,Mild Steel,989.8,172.53,0.1853,0.3669,1.449
D0264,3.639,35.374,57.232,7.567,2,Aluminium,1343.5,1117.776,8.5661,0.0338,0.085
D0265,3.228,31.995,54.052,6.229,2,Aluminium,1241.5,1375.587,10.5656,0.0256,0.069
D0266,3.734,49.916,93.861,7.606,1,Stainless Steel,166.3,152.746,1.097,0.2379,1.408
D0267,6.758,67.675,74.278,7.253,1,Stainless Steel,641.3,114.651,0.2608,0.462,1.875
D0268,9.568,67.218,54.477,1.31,1,Stainless Steel,924.2,81.992,0.0526,0.4765,2.622
D0269,7.289,41.842,46.066,6.475,1,Stainless Steel,306.9,49.019,0.0384,0.1911,4.386
D0270,3.058,52.216,61.812,2.817,1,Stainless Steel,1305.6,1265.189,4.28,0.1342,0.17
D0271,8.228,35.792,52.801,7.083,0,Mild Steel,1294.8,218.796,0.1912,0.2075,1.143
D0272,5.649,66.715,61.774,1.517,0,Mild Steel,1309.3,357.416,0.5133,0.3107,0.699
D0273,9.932,63.066,86.421,5.297,0,Mild Steel,530.5,62.549,0.1108,0.7224,3.997
D0274,6.683,55.038,45.194,6.986,2,Aluminium,181.7,24.97,0.0592,0.0763,3.805
D0275,4.095,31.891,62.387,3.463,1,Stainless Steel,1388.6,1260.704,3.1918,0.1108,0.171
D0276,7.757,40.213,54.954,7.122,1,Stainless Steel,1032.6,179.615,0.1892,0.2331,1.197
D0277,6.288,37.18,95.158,6.353,1,Stainless Steel,1371.8,667.987,2.6502,0.3026,0.322
D0278,8.94,70.283,46.476,8.076,2,Aluminium,351.4,22.34,0.0407,0.134,4.252
D0279,6.672,63.792,63.411,5.775,0,Mild Steel,1055.4,182.547,0.284,0.3602,1.37
D0280,3.249,64.635,66.785,7.126,0,Mild Steel,610.6,406.979,1.6411,0.1872,0.614
D0281,8.325,65.789,45.112,7.901,0,Mild Steel,796.6,59.991,0.0385,0.3297,4.167
D0282,3.574,79.53,94.011,7.721,1,Stainless Steel,383.2,241.494,1.8179,0.3634,0.89
D0283,4.761,73.59,55.554,3.22,2,Aluminium,776.2,209.943,0.9711,0.0893,0.453
D0284,8.533,49.105,69.333,5.264,1,Stainless Steel,1476.2,236.585,0.3342,0.3951,0.909
D0285,5.47,55.505,78.575,1.367,1,Stainless Steel,322.2,144.634,0.3566,0.3244,1.487
D0286,6.228,46.739,44.259,2.376,2,Aluminium,1417.8,310.503,0.6312,0.0591,0.306
D0287,3.686,32.734,58.84,9.613,0,Mild Steel,437.1,393.706,1.0861,0.0947,0.635
D0288,6.412,72.338,52.438,7.039,1,Stainless Steel,1425.8,186.272,0.2235,0.3308,1.154
D0289,7.088,70.71,70.502,1.182,1,Stainless Steel,797.1,156.172,0.23,0.4805,1.377
D0290,9.26,72.761,62.326,9.095,1,Stainless Steel,719.0,54.319,0.0624,0.5711,3.958
D0291,4.488,79.934,85.314,2.366,2,Aluminium,1123.0,505.981,5.5928,0.1405,0.188
D0292,8.957,59.688,81.395,9.222,0,Mild Steel,1054.1,134.321,0.2651,0.5807,1.861
D0293,5.007,31.215,94.718,6.414,2,Aluminium,1493.4,1304.344,18.7806,0.0679,0.073
D0294,4.027,30.206,69.793,1.749,0,Mild Steel,1391.0,1742.256,4.7961,0.1133,0.143
D0295,7.537,71.138,63.615,7.224,1,Stainless Steel,724.3,86.61,0.1268,0.4639,2.482
D0296,7.665,55.276,95.668,2.23,1,Stainless Steel,439.5,120.582,0.3203,0.5513,1.783
D0297,3.429,74.699,80.361,5.964,2,Aluminium,246.8,156.01,2.4651,0.0945,0.609
D0298,9.658,54.12,92.434,9.01,1,Stainless Steel,241.5,33.772,0.0811,0.6571,6.366
D0299,8.383,34.222,98.048,4.834,0,Mild Steel,656.5,223.993,0.6139,0.3754,1.116
D0300,8.605,67.811,85.832,4.05,0,Mild Steel,818.9,121.41,0.2397,0.6684,2.059
D0301,4.064,50.29,63.972,4.408,1,Stainless Steel,135.3,77.378,0.2175,0.1778,2.779
D0302,5.075,47.483,70.342,8.684,2,Aluminium,1089.9,433.882,3.5422,0.0778,0.219
D0303,6.147,46.838,70.88,2.158,0,Mild Steel,795.8,289.425,0.521,0.2723,0.864
D0304,3.891,49.739,71.141,3.048,2,Aluminium,1155.5,861.907,8.2287,0.0632,0.11
D0305,8.133,48.925,66.617,8.181,1,Stainless Steel,191.6,29.699,0.0446,0.3605,7.239
D0306,4.054,66.196,81.238,2.483,0,Mild Steel,1379.2,852.367,3.3534,0.2909,0.293
D0307,8.091,57.499,42.801,3.998,0,Mild Steel,1148.0,112.277,0.0591,0.2657,2.227
D0308,6.806,33.282,58.759,9.657,1,Stainless Steel,1051.6,284.573,0.4214,0.181,0.756
D0309,3.433,56.588,40.944,5.755,0,Mild Steel,570.5,243.102,0.3421,0.1061,1.028
D0310,7.499,54.998,48.931,1.628,0,Mild Steel,379.6,57.858,0.0384,0.2693,4.321
D0311,3.032,58.086,53.712,2.072,1,Stainless Steel,1289.9,1051.858,2.5588,0.1287,0.204
D0312,4.21,70.391,51.538,9.174,2,Aluminium,1325.3,372.797,2.0025,0.0701,0.255
D0313,5.174,76.644,44.009,2.728,0,Mild Steel,923.3,168.403,0.1482,0.2329,1.485
D0314,9.918,51.179,76.3,1.962,0,Mild Steel,771.6,113.681,0.1373,0.5169,2.199
D0315,9.238,55.974,43.305,9.617,0,Mild Steel,656.9,44.553,0.0242,0.2988,5.611
D0316,6.701,50.572,46.446,8.999,1,Stainless Steel,1044.8,152.991,0.1426,0.2141,1.405
D0317,6.846,72.007,47.171,3.901,2,Aluminium,680.0,79.712,0.1791,0.1067,1.192
D0318,9.994,71.537,41.565,5.37,2,Aluminium,722.4,35.616,0.0421,0.1364,2.667
D0319,9.031,59.099,42.689,2.063,2,Aluminium,144.0,12.22,0.0149,0.1046,7.774
D0320,6.612,54.578,79.562,6.107,2,Aluminium,125.4,31.989,0.232,0.1318,2.97
D0321,4.325,48.299,61.088,5.706,0,Mild Steel,618.8,300.489,0.7222,0.1703,0.832
D0322,7.383,62.88,83.029,7.616,0,Mild Steel,474.2,86.089,0.2145,0.5144,2.904
D0323,8.637,42.102,91.459,2.074,1,Stainless Steel,721.1,200.087,0.4214,0.4523,1.075
D0324,4.54,43.49,54.657,1.518,2,Aluminium,110.1,61.371,0.2561,0.0495,1.548
D0325,8.59,61.455,72.774,2.186,2,Aluminium,229.0,34.789,0.1313,0.1763,2.731
D0326,3.773,40.666,91.598,2.062,0,Mild Steel,618.4,826.852,4.3515,0.1876,0.302
D0327,8.979,52.101,73.964,1.24,0,Mild Steel,1330.9,234.692,0.2856,0.4617,1.065
D0328,5.871,64.516,46.181,8.299,0,Mild Steel,464.6,68.551,0.0701,0.2334,3.647
D0329,8.238,50.349,84.718,9.699,0,Mild Steel,369.0,66.963,0.1594,0.4689,3.733
D0330,6.18,55.487,69.594,1.277,1,Stainless Steel,111.5,35.456,0.0595,0.3246,6.064
D0331,9.556,44.227,91.501,6.888,1,Stainless Steel,982.0,178.543,0.404,0.5259,1.204
D0332,9.129,55.178,76.194,5.053,1,Stainless Steel,393.4,54.965,0.0859,0.5219,3.912
D0333,6.641,34.694,41.863,3.813,0,Mild Steel,1444.3,330.93,0.2085,0.1287,0.755
D0334,6.091,70.422,91.105,2.876,2,Aluminium,940.3,284.21,2.5897,0.1794,0.334
D0335,9.994,45.534,77.299,6.571,1,Stainless Steel,1493.6,207.32,0.3146,0.4784,1.037
D0336,9.999,66.423,68.279,8.783,2,Aluminium,474.5,37.687,0.1319,0.2081,2.521
D0337,5.793,74.702,94.843,2.562,2,Aluminium,179.5,59.502,0.6111,0.1884,1.597
D0338,6.399,47.935,90.274,4.651,0,Mild Steel,860.4,317.039,1.008,0.3695,0.789
D0339,8.333,60.431,54.877,5.27,0,Mild Steel,755.6,81.288,0.0714,0.3688,3.075
D0340,9.718,48.348,78.906,3.183,2,Aluminium,857.2,135.836,0.5502,0.1702,0.699
D0341,6.321,42.98,91.668,1.587,1,Stainless Steel,743.9,376.504,1.0941,0.3387,0.571
D0342,3.218,43.629,46.655,8.26,0,Mild Steel,217.8,153.104,0.3041,0.0874,1.633
D0343,4.204,52.796,73.6,5.84,1,Stainless Steel,949.7,533.496,2.0001,0.2222,0.403
D0344,4.34,67.477,68.169,9.621,1,Stainless Steel,682.4,249.223,0.8122,0.2715,0.863
D0345,4.508,74.058,72.727,3.339,2,Aluminium,882.7,340.554,2.9019,0.1114,0.279
D0346,7.333,51.957,69.402,5.444,0,Mild Steel,305.1,60.48,0.0996,0.3529,4.134
D0347,7.535,64.009,59.827,6.029,2,Aluminium,1362.6,176.427,0.6178,0.1324,0.538
D0348,8.036,48.411,62.221,6.386,2,Aluminium,1121.2,175.73,0.6232,0.1111,0.541
D0349,4.289,67.288,87.136,7.025,0,Mild Steel,1456.4,713.555,3.6298,0.3356,0.35
D0350,9.571,66.223,97.162,5.845,0,Mild Steel,954.2,126.553,0.3015,0.8218,1.975
D0351,5.626,69.648,42.593,6.73,1,Stainless Steel,1489.0,209.996,0.1923,0.227,1.024
D0352,8.384,61.769,55.192,7.468,0,Mild Steel,815.4,79.864,0.0753,0.3814,3.13
D0353,7.352,48.898,83.557,8.898,0,Mild Steel,756.8,174.269,0.4544,0.4009,1.435
D0354,3.388,76.02,81.507,9.688,1,Stainless Steel,1084.2,689.725,4.1169,0.2855,0.312
D0355,7.348,54.222,41.96,3.304,2,Aluminium,476.4,59.682,0.0949,0.0767,1.592
D0356,7.692,62.013,79.355,9.751,2,Aluminium,433.9,67.823,0.4454,0.1737,1.401
D0357,3.494,79.112,62.125,9.219,0,Mild Steel,1246.5,545.984,1.7715,0.2292,0.458
D0358,9.695,49.767,73.664,7.964,2,Aluminium,1087.5,134.011,0.5557,0.1631,0.709
D0359,3.625,69.747,94.489,8.822,0,Mild Steel,708.5,497.411,3.5987,0.3188,0.503
D0360,8.695,52.604,95.029,8.397,2,Aluminium,496.9,90.074,0.7148,0.1995,1.055
D0361,6.94,32.074,91.742,5.891,2,Aluminium,708.3,327.044,2.957,0.0937,0.29
D0362,3.425,51.279,81.371,4.452,2,Aluminium,882.0,858.938,13.3753,0.0656,0.111
D0363,5.221,41.316,40.927,2.215,0,Mild Steel,1342.7,430.431,0.313,0.1178,0.581
D0364,3.713,45.042,57.67,7.569,2,Aluminium,482.3,304.957,2.3255,0.0443,0.312
D0365,6.971,49.305,48.922,8.581,0,Mild Steel,1422.2,210.937,0.1994,0.2244,1.185
D0366,5.434,70.315,92.062,6.494,1,Stainless Steel,801.0,259.2,1.1477,0.4784,0.829
D0367,4.545,58.07,84.215,3.696,1,Stainless Steel,506.5,278.791,1.15,0.3023,0.771
D0368,6.973,35.79,66.299,8.895,0,Mild Steel,1425.0,391.964,0.6844,0.2208,0.638
D0369,8.083,78.444,93.962,1.061,0,Mild Steel,984.2,181.309,0.3941,0.7951,1.379
D0370,3.671,36.207,52.628,9.834,2,Aluminium,1110.0,815.184,5.2362,0.0321,0.117
D0371,7.361,56.411,93.19,5.259,1,Stainless Steel,716.9,175.7,0.5345,0.5262,1.224
D0372,5.272,79.728,67.585,7.422,1,Stainless Steel,704.7,152.772,0.3859,0.3864,1.407
D0373,4.829,34.06,56.62,9.86,1,Stainless Steel,1282.3,622.415,1.2577,0.1267,0.345
D0374,3.503,60.241,93.662,3.985,1,Stainless Steel,1360.9,1269.617,8.9511,0.2688,0.169
D0375,6.854,55.226,92.14,7.975,2,Aluminium,233.6,60.84,0.5958,0.1601,1.561
D0376,3.742,71.577,94.728,3.02,0,Mild Steel,275.7,204.55,1.2494,0.3386,1.222
D0377,8.108,40.354,66.251,9.183,2,Aluminium,1412.3,259.876,1.1069,0.0995,0.366
D0378,4.703,30.549,99.974,4.588,2,Aluminium,1473.0,1650.111,26.8447,0.0659,0.058
D0379,6.164,51.012,61.737,1.873,1,Stainless Steel,1292.2,381.272,0.5276,0.264,0.564
D0380,3.222,54.313,65.821,1.66,0,Mild Steel,427.3,425.843,1.341,0.1537,0.587
D0381,4.221,40.62,75.93,4.389,0,Mild Steel,779.7,611.994,2.234,0.1737,0.409
D0382,8.226,68.206,79.059,2.779,2,Aluminium,869.2,135.957,0.6559,0.2036,0.699
D0383,9.639,71.198,44.369,8.582,2,Aluminium,836.1,43.208,0.0664,0.1398,2.199
D0384,6.344,39.333,93.067,4.367,0,Mild Steel,1369.5,651.775,2.1983,0.3099,0.384
D0385,3.05,65.747,71.458,6.738,0,Mild Steel,203.8,162.178,0.7976,0.1912,1.542
D0386,7.686,75.346,56.287,8.808,0,Mild Steel,976.0,90.756,0.1018,0.435,2.755
D0387,7.895,33.354,44.815,5.014,0,Mild Steel,895.0,158.589,0.0982,0.1575,1.576
D0388,6.259,66.995,81.777,4.745,2,Aluminium,1211.0,299.863,2.3371,0.1574,0.317
D0389,9.581,34.585,80.483,3.707,2,Aluminium,1421.1,322.45,1.4119,0.1224,0.295
D0390,6.094,43.618,93.209,9.773,0,Mild Steel,1278.0,513.196,2.0967,0.3306,0.487
D0391,8.943,77.19,52.447,3.266,2,Aluminium,1268.7,97.313,0.1922,0.1662,0.976
D0392,9.912,66.264,77.247,3.749,0,Mild Steel,839.6,89.477,0.1199,0.6771,2.794
D0393,5.257,55.306,51.753,8.245,1,Stainless Steel,905.9,214.681,0.3238,0.2047,1.001
D0394,9.108,45.483,58.458,3.832,1,Stainless Steel,553.2,75.714,0.0666,0.3293,2.84
D0395,8.009,35.61,84.823,7.634,2,Aluminium,839.4,237.087,1.6236,0.111,0.401
D0396,4.096,79.255,77.909,5.986,2,Aluminium,260.9,108.082,1.3135,0.1161,0.879
D0397,3.0,64.836,98.946,3.122,0,Mild Steel,116.9,148.296,1.2936,0.2569,1.686
D0398,8.63,79.197,68.036,6.733,0,Mild Steel,718.8,65.529,0.089,0.6205,3.815
D0399,9.748,79.213,46.884,6.308,0,Mild Steel,126.5,6.452,0.0036,0.4831,38.745
D0400,5.603,68.657,96.6,4.75,0,Mild Steel,929.8,324.104,1.388,0.4959,0.771
D0401,6.908,42.606,64.997,8.391,2,Aluminium,884.5,205.85,1.0026,0.0878,0.462
D0402,8.672,46.685,84.494,6.285,2,Aluminium,1065.5,205.584,1.224,0.157,0.462
D0403,6.01,79.407,52.13,4.234,0,Mild Steel,441.5,64.675,0.0726,0.332,3.865
D0404,5.115,57.947,84.856,1.078,2,Aluminium,1128.6,610.385,5.156,0.1154,0.156
D0405,4.323,56.389,88.084,9.645,1,Stainless Steel,814.7,463.584,2.5322,0.2921,0.464
D0406,6.932,61.632,59.279,3.922,1,Stainless Steel,116.1,19.51,0.0244,0.3444,11.02
D0407,4.008,53.015,40.848,9.159,1,Stainless Steel,887.3,289.801,0.3672,0.118,0.742
D0408,3.118,48.501,60.304,1.71,0,Mild Steel,1000.8,1081.005,2.986,0.1217,0.231
D0409,3.239,66.702,44.276,9.169,2,Aluminium,1455.8,627.18,3.2318,0.0439,0.151
D0410,9.531,68.546,85.437,8.248,0,Mild Steel,394.2,41.9,0.0828,0.7449,5.967
D0411,5.926,47.32,64.055,2.303,0,Mild Steel,589.1,203.094,0.3144,0.2397,1.231
D0412,5.386,34.13,43.714,4.62,0,Mild Steel,125.7,43.079,0.0394,0.1072,5.803
D0413,8.673,76.597,67.006,8.412,0,Mild Steel,372.3,32.823,0.0448,0.594,7.617
D0414,9.023,41.935,78.076,1.885,0,Mild Steel,762.3,168.588,0.2356,0.3942,1.483
D0415,7.637,63.996,95.065,9.881,0,Mild Steel,645.1,118.341,0.3888,0.62,2.113
D0416,5.211,36.12,89.81,5.717,2,Aluminium,273.0,185.236,2.2429,0.0776,0.513
D0417,8.616,69.538,60.248,1.826,2,Aluminium,582.5,65.647,0.166,0.1657,1.447
D0418,5.928,73.526,63.54,5.906,0,Mild Steel,1447.8,268.503,0.4849,0.3696,0.931
D0419,8.721,63.621,45.897,6.077,0,Mild Steel,1339.0,102.576,0.0614,0.3399,2.437
D0420,3.663,47.8,95.374,3.018,1,Stainless Steel,744.2,865.459,5.6953,0.2271,0.248
D0421,3.265,43.509,60.666,3.907,2,Aluminium,291.1,277.845,2.488,0.0396,0.342
D0422,7.137,62.983,71.536,6.84,2,Aluminium,496.7,84.14,0.4603,0.1476,1.129
D0423,6.31,49.975,91.406,1.442,2,Aluminium,213.7,94.04,0.7533,0.1323,1.01
D0424,4.071,46.807,83.476,7.552,1,Stainless Steel,131.9,97.326,0.5033,0.2163,2.209
D0425,8.36,48.75,47.245,7.822,1,Stainless Steel,573.9,60.738,0.044,0.2619,3.54
D0426,3.989,30.517,91.476,7.312,0,Mild Steel,1483.2,1918.905,11.7202,0.1486,0.13
D0427,5.525,37.802,47.416,4.701,2,Aluminium,723.7,231.097,0.7014,0.0455,0.411
D0428,7.415,66.967,81.055,7.167,2,Aluminium,362.1,60.47,0.4095,0.1847,1.571
D0429,4.248,49.196,69.115,4.496,0,Mild Steel,1475.3,856.818,2.5839,0.1927,0.292
D0430,7.931,73.859,67.144,2.77,2,Aluminium,675.7,88.74,0.3218,0.1805,1.071
D0431,7.081,72.87,89.491,4.683,0,Mild Steel,1231.9,246.097,0.6824,0.6163,1.016
D0432,5.1,57.259,47.713,3.831,2,Aluminium,479.9,122.404,0.3978,0.064,0.776
D0433,8.039,71.517,40.739,5.326,2,Aluminium,221.6,15.924,0.0234,0.1075,5.966
D0434,7.379,43.801,80.471,6.146,0,Mild Steel,1140.1,300.216,0.6752,0.3471,0.833
D0435,3.681,65.827,43.414,1.653,1,Stainless Steel,602.8,256.438,0.3113,0.1431,0.838
D0436,7.649,49.586,80.226,6.011,0,Mild Steel,711.5,155.303,0.3312,0.406,1.61
D0437,8.95,61.3,57.642,5.536,1,Stainless Steel,288.6,27.982,0.0261,0.4301,7.683
D0438,5.391,49.442,84.021,3.086,2,Aluminium,1101.0,539.498,4.8874,0.1028,0.176
D0439,8.194,68.194,74.095,3.685,0,Mild Steel,1489.5,210.653,0.323,0.5525,1.187
D0440,8.94,63.569,51.202,8.461,1,Stainless Steel,625.9,48.035,0.0383,0.3958,4.476
D0441,7.525,48.421,87.197,8.419,2,Aluminium,1451.2,340.817,2.7037,0.1458,0.279
D0442,6.209,60.233,92.291,2.834,0,Mild Steel,584.4,202.459,0.6371,0.4606,1.235
D0443,9.814,32.775,49.818,3.975,0,Mild Steel,539.9,75.73,0.0431,0.2138,3.301
D0444,9.081,74.999,93.101,5.099,1,Stainless Steel,491.1,62.157,0.1462,0.8624,3.459
D0445,9.832,48.015,49.067,3.467,1,Stainless Steel,1399.5,134.267,0.0751,0.315,1.601
D0446,5.191,72.203,86.187,6.834,1,Stainless Steel,991.3,315.476,1.3027,0.4393,0.682
D0447,4.358,46.023,87.183,3.286,0,Mild Steel,247.4,196.306,0.8609,0.2333,1.274
D0448,4.816,67.009,97.044,7.244,2,Aluminium,1260.4,554.074,8.922,0.1437,0.171
D0449,3.704,36.159,44.472,4.522,1,Stainless Steel,1183.5,771.677,1.1742,0.081,0.279
D0450,3.757,60.067,76.844,5.996,0,Mild Steel,211.6,133.934,0.6029,0.2314,1.867
D0451,6.9,38.932,79.187,4.775,2,Aluminium,457.0,157.913,1.0288,0.0976,0.602
D0452,7.429,43.461,56.334,9.748,2,Aluminium,595.2,100.467,0.3462,0.0835,0.946
D0453,6.071,30.85,93.814,8.176,1,Stainless Steel,1096.6,647.651,2.7191,0.2389,0.332
D0454,8.149,73.732,57.862,9.288,0,Mild Steel,663.7,57.724,0.0644,0.464,4.331
D0455,8.563,72.964,78.799,5.507,1,Stainless Steel,310.0,37.449,0.0686,0.6695,5.741
D0456,7.042,56.134,46.369,6.766,1,Stainless Steel,1094.7,138.48,0.1154,0.2493,1.553
D0457,8.744,56.028,80.724,7.284,0,Mild Steel,1386.3,203.874,0.3894,0.5277,1.226
D0458,3.159,41.141,45.031,3.233,1,Stainless Steel,1264.7,1040.732,1.8446,0.0796,0.207
D0459,9.353,47.013,92.805,5.262,2,Aluminium,617.6,117.155,0.744,0.1873,0.811
D0460,3.491,50.213,75.471,3.189,0,Mild Steel,841.5,795.582,3.3857,0.1766,0.314
D0461,8.576,54.652,96.382,1.195,2,Aluminium,182.5,43.786,0.2747,0.2074,2.17
D0462,7.618,52.205,70.043,6.262,0,Mild Steel,842.6,152.404,0.2509,0.3717,1.64
D0463,8.977,34.619,44.135,4.355,2,Aluminium,193.4,26.405,0.0385,0.063,3.598
D0464,9.79,73.838,88.123,2.72,1,Stainless Steel,991.8,115.714,0.2031,0.8663,1.858
D0465,7.259,35.909,83.399,6.218,0,Mild Steel,529.7,181.241,0.4475,0.2901,1.379
D0466,4.054,60.428,94.202,4.599,2,Aluminium,1398.2,976.829,16.8268,0.1059,0.097
D0467,7.198,79.086,74.142,4.476,0,Mild Steel,1412.5,210.938,0.3904,0.5632,1.185
D0468,6.589,33.401,64.092,3.553,1,Stainless Steel,1295.9,485.186,0.7401,0.1918,0.443
D0469,7.078,79.379,94.099,4.977,0,Mild Steel,1283.9,244.949,0.7601,0.7055,1.021
D0470,9.839,68.961,52.722,1.889,2,Aluminium,1452.7,111.846,0.1879,0.1642,0.849
D0471,7.298,39.661,49.285,1.584,2,Aluminium,938.8,210.989,0.4226,0.0655,0.45
D0472,5.543,54.965,47.482,2.841,2,Aluminium,833.3,200.257,0.5525,0.0664,0.474
D0473,3.186,66.909,53.266,5.403,1,Stainless Steel,275.4,149.629,0.3985,0.1544,1.437
D0474,9.719,46.657,85.415,3.955,1,Stainless Steel,858.7,147.794,0.2589,0.5268,1.455
D0475,9.124,55.657,88.14,7.489,1,Stainless Steel,974.9,145.134,0.3272,0.6087,1.481
D0476,3.634,65.031,83.865,9.588,2,Aluminium,392.7,261.111,4.3025,0.091,0.364
D0477,5.586,46.748,67.922,3.374,2,Aluminium,455.3,175.909,1.015,0.0814,0.54
D0478,4.392,51.63,87.723,5.346,0,Mild Steel,905.5,580.415,2.7952,0.2655,0.431
D0479,6.614,52.632,83.532,3.911,1,Stainless Steel,775.8,234.449,0.6154,0.3955,0.917
D0480,9.892,61.337,87.77,6.225,0,Mild Steel,1018.2,122.604,0.2319,0.7107,2.039
D0481,3.316,59.442,93.643,8.429,0,Mild Steel,404.7,394.897,3.0677,0.2463,0.633
D0482,9.868,43.774,77.64,7.823,2,Aluminium,1152.0,165.313,0.743,0.1539,0.575
D0483,3.486,42.94,47.999,5.357,0,Mild Steel,573.3,370.122,0.697,0.0959,0.675
D0484,7.939,75.608,49.81,3.174,2,Aluminium,507.4,47.232,0.0961,0.1372,2.011
D0485,4.314,58.348,46.411,9.114,1,Stainless Steel,1028.2,299.176,0.4546,0.1589,0.719
D0486,4.573,37.099,67.412,8.03,0,Mild Steel,210.1,126.018,0.3629,0.1526,1.984
D0487,9.496,57.383,48.009,9.58,1,Stainless Steel,195.6,13.653,0.0091,0.3558,15.748
D0488,4.674,32.764,83.852,2.437,1,Stainless Steel,419.3,418.45,1.5309,0.1747,0.514
D0489,6.567,61.888,97.67,9.776,2,Aluminium,830.1,214.157,2.5578,0.1822,0.444
D0490,3.471,67.34,92.339,5.627,1,Stainless Steel,199.2,158.036,1.1545,0.2935,1.36
D0491,9.543,42.763,56.816,1.994,2,Aluminium,140.1,19.773,0.0401,0.1064,4.805
D0492,6.887,52.884,91.179,8.126,2,Aluminium,129.3,34.371,0.3288,0.1524,2.764
D0493,6.509,67.153,75.651,4.518,2,Aluminium,1184.9,254.699,1.6063,0.1518,0.373
D0494,9.627,77.892,76.773,1.044,1,Stainless Steel,413.8,44.756,0.0558,0.7829,4.804
D0495,3.915,37.361,79.651,6.898,0,Mild Steel,995.1,954.858,4.4859,0.1555,0.262
D0496,9.345,46.969,53.258,1.712,1,Stainless Steel,841.2,106.941,0.0687,0.3179,2.01
D0497,8.178,52.578,86.103,3.181,0,Mild Steel,997.5,218.439,0.4428,0.4941,1.144
D0498,3.564,66.602,46.398,2.762,1,Stainless Steel,928.9,403.227,0.638,0.1498,0.533
D0499,8.814,68.026,40.287,3.913,2,Aluminium,1247.2,83.266,0.1015,0.1109,1.141
D0500,8.833,45.904,62.353,3.322,1,Stainless Steel,1381.7,216.227,0.2194,0.3438,0.994
D0501,7.253,55.013,70.433,8.809,0,Mild Steel,945.8,167.551,0.3149,0.375,1.492
D0502,7.985,75.931,42.533,5.017,1,Stainless Steel,896.7,64.882,0.037,0.3507,3.314
D0503,4.847,51.036,93.471,3.111,2,Aluminium,378.5,242.051,3.0829,0.1061,0.392
D0504,4.189,74.759,90.229,2.047,2,Aluminium,127.1,75.346,0.9851,0.1297,1.261
D0505,6.994,36.004,56.652,2.478,0,Mild Steel,1118.7,326.313,0.3302,0.1904,0.766
D0506,8.184,76.081,85.961,3.484,1,Stainless Steel,804.9,119.722,0.2541,0.7279,1.796
D0507,6.795,76.924,95.708,8.538,1,Stainless Steel,914.5,178.389,0.6887,0.6803,1.205
D0508,8.085,51.932,75.827,2.372,0,Mild Steel,427.5,88.838,0.1358,0.4249,2.814
D0509,6.977,67.566,42.456,5.941,0,Mild Steel,416.3,41.759,0.0278,0.2671,5.987
D0510,9.705,55.79,73.526,6.142,0,Mild Steel,360.3,41.466,0.0562,0.5313,6.029
D0511,9.439,79.925,50.504,9.026,2,Aluminium,1151.0,62.046,0.1279,0.1749,1.531
D0512,6.523,52.87,90.157,3.692,2,Aluminium,599.5,201.761,1.7358,0.1427,0.471
D0513,9.417,70.803,83.635,1.276,2,Aluminium,1079.8,144.237,0.6194,0.2559,0.659
D0514,3.008,35.26,82.623,6.951,2,Aluminium,817.6,1441.997,27.8631,0.0402,0.066
D0515,8.506,34.784,94.651,8.1,2,Aluminium,919.1,262.936,2.1104,0.1285,0.361
D0516,8.581,48.313,71.61,7.037,0,Mild Steel,720.8,113.57,0.1734,0.3962,2.201
D0517,4.429,66.912,86.055,1.397,2,Aluminium,1378.8,833.003,8.76,0.1171,0.114
D0518,6.336,33.387,51.062,8.266,0,Mild Steel,676.4,185.393,0.2121,0.1441,1.348
D0519,7.703,62.031,79.904,7.197,1,Stainless Steel,1074.0,178.003,0.4005,0.5192,1.208
D0520,7.834,41.409,74.651,7.439,1,Stainless Steel,1386.3,309.914,0.6003,0.3294,0.694
D0521,4.203,39.363,64.655,3.574,1,Stainless Steel,517.5,373.916,0.9915,0.1455,0.575
D0522,3.081,74.874,79.237,6.696,0,Mild Steel,536.4,407.204,2.4374,0.2439,0.614
D0523,5.111,59.632,69.166,8.294,0,Mild Steel,304.6,94.233,0.2531,0.2813,2.653
D0524,4.745,36.048,50.826,7.493,2,Aluminium,334.9,146.676,0.6619,0.0399,0.648
D0525,3.707,63.4,45.241,9.584,0,Mild Steel,1231.6,435.429,0.7061,0.1419,0.574
D0526,6.77,59.524,70.176,5.859,0,Mild Steel,1208.2,240.77,0.4522,0.3774,1.038
D0527,3.635,37.595,70.469,7.913,2,Aluminium,333.1,321.664,3.7408,0.0442,0.295
D0528,5.123,36.675,46.945,1.495,0,Mild Steel,491.7,223.253,0.2063,0.1177,1.12
D0529,4.497,39.042,81.645,2.89,2,Aluminium,1423.2,1207.02,12.6463,0.0658,0.079
D0530,5.681,68.393,46.95,8.274,2,Aluminium,469.1,70.564,0.2244,0.0837,1.346
D0531,8.891,44.036,47.19,6.573,1,Stainless Steel,398.1,43.092,0.028,0.2513,4.989
D0532,5.669,56.576,56.985,4.63,0,Mild Steel,462.5,113.577,0.1661,0.2439,2.201
D0533,5.771,53.526,90.311,5.849,0,Mild Steel,977.7,372.403,1.4001,0.3723,0.671
D0534,8.459,45.031,85.431,7.398,0,Mild Steel,1343.3,275.366,0.6146,0.4343,0.908
D0535,6.09,66.726,40.451,7.342,1,Stainless Steel,363.9,43.346,0.0331,0.2236,4.96
D0536,5.75,53.535,59.73,6.078,0,Mild Steel,820.9,206.644,0.3437,0.2454,1.21
D0537,4.003,79.361,61.634,7.835,1,Stainless Steel,266.5,88.147,0.2541,0.2663,2.439
D0538,8.575,53.258,81.884,6.324,0,Mild Steel,1199.4,200.363,0.3922,0.499,1.248
D0539,7.269,55.526,40.157,8.15,1,Stainless Steel,1256.7,126.979,0.0791,0.2204,1.693
D0540,5.819,66.822,60.82,4.662,0,Mild Steel,1238.2,261.67,0.4231,0.3156,0.955
D0541,8.537,55.135,41.015,4.127,2,Aluminium,1471.8,129.696,0.1716,0.0886,0.732
D0542,5.323,57.161,89.473,8.426,0,Mild Steel,124.7,48.168,0.2072,0.3633,5.19
D0543,5.107,53.348,46.333,6.546,0,Mild Steel,1341.6,322.282,0.3756,0.1685,0.776
D0544,8.345,34.655,80.02,9.285,0,Mild Steel,514.8,126.171,0.262,0.3088,1.981
D0545,9.674,43.702,99.624,2.545,2,Aluminium,829.4,190.492,1.2013,0.1933,0.499
D0546,7.312,72.812,81.074,3.742,0,Mild Steel,945.9,168.397,0.3541,0.5761,1.485
D0547,9.208,41.397,78.513,2.33,1,Stainless Steel,1042.7,220.979,0.3237,0.407,0.973
D0548,6.708,59.888,75.142,2.205,1,Stainless Steel,206.5,52.78,0.1005,0.4105,4.074
D0549,9.023,52.192,49.034,9.977,1,Stainless Steel,1180.7,100.827,0.0753,0.314,2.132
D0550,4.412,38.518,78.362,1.024,2,Aluminium,174.5,174.448,1.4717,0.0611,0.545
D0551,3.17,37.623,46.002,6.297,2,Aluminium,944.2,782.568,4.4442,0.0252,0.121
D0552,6.572,63.181,66.776,1.224,1,Stainless Steel,529.4,126.654,0.1822,0.3771,1.698
D0553,8.257,55.691,46.359,1.984,2,Aluminium,844.5,98.243,0.1556,0.0979,0.967
D0554,3.801,59.286,93.968,6.852,0,Mild Steel,556.4,420.058,2.8363,0.2826,0.595
D0555,3.145,68.632,79.673,7.332,2,Aluminium,912.1,728.718,12.5209,0.0789,0.13
D0556,7.571,59.994,53.602,2.033,1,Stainless Steel,950.0,139.331,0.1165,0.3311,1.543
D0557,8.352,74.089,65.72,8.79,2,Aluminium,237.7,22.568,0.0906,0.1867,4.209
D0558,3.6,40.243,56.542,5.52,2,Aluminium,145.5,110.794,0.8125,0.0376,0.857
D0559,8.436,71.239,60.439,2.202,2,Aluminium,1490.2,167.676,0.4459,0.1667,0.567
D0560,3.815,54.144,73.344,6.359,2,Aluminium,546.1,352.914,4.1535,0.0695,0.269
D0561,9.166,58.285,59.187,3.051,1,Stainless Steel,1303.4,144.149,0.1248,0.43,1.492
D0562,8.71,46.007,84.511,6.486,0,Mild Steel,1164.5,224.844,0.4624,0.4519,1.112
D0563,9.056,52.821,87.632,5.624,1,Stainless Steel,645.7,107.816,0.2295,0.5701,1.994
D0564,9.526,77.877,96.753,7.101,0,Mild Steel,1264.3,138.001,0.3402,0.9579,1.812
D0565,8.343,45.573,87.255,3.376,2,Aluminium,1383.8,338.318,2.0134,0.1523,0.281
D0566,8.983,47.925,74.617,4.671,0,Mild Steel,189.7,31.203,0.0454,0.4287,8.012
D0567,4.355,31.345,57.466,9.259,0,Mild Steel,334.7,220.327,0.4907,0.1047,1.135
D0568,3.969,32.394,93.085,2.567,0,Mild Steel,365.1,545.568,2.9076,0.1597,0.458
D0569,4.13,59.806,88.415,5.68,1,Stainless Steel,1026.5,634.64,3.4898,0.297,0.339
D0570,8.602,79.998,82.047,1.911,1,Stainless Steel,584.6,77.864,0.1314,0.7679,2.761
D0571,5.585,41.136,41.49,6.653,2,Aluminium,671.0,158.447,0.3876,0.0438,0.6
D0572,6.832,75.773,91.415,4.863,1,Stainless Steel,189.2,39.336,0.124,0.6436,5.466
D0573,6.044,44.345,52.656,8.585,0,Mild Steel,1372.8,316.726,0.4093,0.1883,0.789
D0574,4.795,35.926,82.809,2.921,0,Mild Steel,613.2,509.378,1.7588,0.1904,0.491
D0575,8.634,34.955,69.448,5.586,0,Mild Steel,994.8,217.182,0.2962,0.2797,1.151
D0576,8.255,33.297,76.955,8.431,1,Stainless Steel,659.4,167.897,0.3325,0.2877,1.281
D0577,9.254,38.589,84.057,7.71,2,Aluminium,952.4,189.073,1.0725,0.1378,0.502
D0578,8.28,66.94,87.797,6.934,1,Stainless Steel,1337.3,199.422,0.4935,0.6618,1.078
D0579,8.303,79.96,56.277,6.064,2,Aluminium,1315.5,107.497,0.297,0.1715,0.884
D0580,3.75,60.65,43.598,2.919,0,Mild Steel,585.4,236.561,0.3033,0.1323,1.057
D0581,4.98,77.121,49.85,7.579,0,Mild Steel,1061.7,194.454,0.2761,0.2555,1.286
D0582,8.812,63.07,95.595,8.854,2,Aluminium,372.6,54.764,0.4372,0.2439,1.735
D0583,6.678,32.629,66.334,8.818,0,Mild Steel,300.4,98.298,0.1804,0.1929,2.543
D0584,4.985,62.728,52.062,9.026,0,Mild Steel,1338.2,307.409,0.486,0.2172,0.813
D0585,7.143,39.78,68.006,5.763,1,Stainless Steel,1251.6,329.324,0.5628,0.2628,0.653
D0586,7.493,79.703,99.633,4.49,2,Aluminium,673.0,124.502,1.1506,0.2731,0.763
D0587,8.031,75.968,59.505,1.265,2,Aluminium,1262.4,152.036,0.3919,0.1666,0.625
D0588,5.286,45.207,67.071,9.163,0,Mild Steel,1277.4,468.893,1.1548,0.2139,0.533
D0589,7.927,55.868,54.63,5.807,2,Aluminium,425.3,52.946,0.1445,0.111,1.794
D0590,9.949,77.097,40.338,4.818,2,Aluminium,1354.7,61.809,0.0679,0.142,1.537
D0591,8.787,70.932,44.03,8.686,2,Aluminium,547.6,33.249,0.0563,0.126,2.857
D0592,9.262,53.408,57.808,4.911,2,Aluminium,1286.9,137.964,0.3397,0.1313,0.689
D0593,9.923,37.05,96.135,1.067,0,Mild Steel,1217.4,326.374,0.5975,0.4717,0.766
D0594,9.144,47.587,95.269,4.264,2,Aluminium,722.9,150.372,0.9961,0.1903,0.632
D0595,9.241,61.153,85.394,6.476,0,Mild Steel,1092.7,144.177,0.282,0.644,1.734
D0596,4.518,71.933,54.127,7.074,2,Aluminium,155.5,40.128,0.2155,0.0807,2.367
D0597,9.443,74.207,86.691,4.068,1,Stainless Steel,1321.3,152.344,0.2855,0.8262,1.411
D0598,6.522,56.789,77.517,8.292,2,Aluminium,1484.7,344.169,2.5446,0.1318,0.276
D0599,6.87,51.292,44.04,5.528,1,Stainless Steel,943.5,134.85,0.1004,0.2111,1.594
D0600,4.471,31.303,65.353,1.868,1,Stainless Steel,302.7,279.635,0.626,0.1244,0.769
D0601,8.385,53.784,59.953,6.615,1,Stainless Steel,1128.4,141.101,0.159,0.3677,1.524
D0602,6.645,33.634,57.939,1.338,2,Aluminium,208.7,79.03,0.2385,0.0594,1.202
D0603,7.033,79.281,58.867,2.068,2,Aluminium,590.8,82.493,0.2533,0.1507,1.152
D0604,5.389,75.491,87.339,5.436,0,Mild Steel,922.9,276.668,1.0409,0.4741,0.904
D0605,8.72,79.413,60.646,4.185,2,Aluminium,894.3,77.644,0.2196,0.1928,1.224
D0606,4.41,51.607,43.674,3.254,1,Stainless Steel,467.3,162.449,0.1823,0.1352,1.323
D0607,8.259,34.429,56.149,1.698,0,Mild Steel,874.2,202.451,0.1596,0.2131,1.235
D0608,4.879,46.514,73.84,2.791,1,Stainless Steel,1241.9,694.074,1.918,0.2279,0.31
D0609,5.185,79.681,54.211,1.212,2,Aluminium,828.4,200.376,0.6888,0.1028,0.474
D0610,5.023,73.055,79.04,8.884,2,Aluminium,1131.2,334.487,3.4973,0.1331,0.284
D0611,9.603,43.269,58.148,5.481,2,Aluminium,631.8,77.205,0.188,0.1109,1.23
D0612,3.359,67.164,47.51,9.854,1,Stainless Steel,1140.4,486.802,0.9957,0.1458,0.442
D0613,4.01,43.076,88.489,2.176,2,Aluminium,850.3,919.143,12.2969,0.0702,0.103
D0614,6.952,39.396,95.51,2.872,1,Stainless Steel,153.1,68.039,0.2089,0.3557,3.16
D0615,8.614,62.82,62.262,1.355,2,Aluminium,896.1,118.7,0.3123,0.1546,0.8
D0616,3.261,51.467,40.125,5.614,1,Stainless Steel,1075.7,545.697,0.8073,0.0916,0.394
D0617,5.241,66.699,99.824,8.323,0,Mild Steel,297.7,113.363,0.6169,0.4657,2.205
D0618,9.206,31.468,73.943,9.009,0,Mild Steel,1189.2,249.536,0.3917,0.2859,1.002
D0619,9.916,49.531,81.042,8.839,0,Mild Steel,873.8,111.998,0.1926,0.5312,2.232
D0620,7.161,53.329,95.279,9.092,0,Mild Steel,782.6,197.02,0.6914,0.4856,1.269
D0621,7.215,36.098,53.296,6.679,1,Stainless Steel,501.6,108.79,0.1161,0.1888,1.976
D0622,4.652,60.487,93.152,8.446,1,Stainless Steel,1097.4,536.845,3.0181,0.3565,0.4
D0623,8.355,74.897,62.395,8.933,0,Mild Steel,468.4,41.616,0.0521,0.521,6.007
D0624,9.946,37.488,89.54,2.591,1,Stainless Steel,246.4,56.163,0.0994,0.454,3.828
D0625,8.622,58.017,55.668,6.939,1,Stainless Steel,1342.6,136.132,0.1291,0.3787,1.579
D0626,5.861,58.905,78.926,2.149,0,Mild Steel,566.8,199.461,0.4699,0.3637,1.253
D0627,7.839,66.341,81.483,9.334,1,Stainless Steel,624.2,91.128,0.219,0.5763,2.359
D0628,4.764,51.772,80.775,6.049,1,Stainless Steel,816.4,405.462,1.5928,0.271,0.53
D0629,8.733,36.528,61.108,8.968,1,Stainless Steel,1277.7,210.223,0.2484,0.2651,1.023
D0630,4.933,73.583,94.411,3.673,1,Stainless Steel,1441.1,606.069,2.8465,0.466,0.355
D0631,9.546,38.954,43.176,3.073,2,Aluminium,1256.6,140.473,0.173,0.0737,0.676
D0632,8.961,65.939,68.619,2.905,0,Mild Steel,638.9,76.038,0.087,0.5411,3.288
D0633,9.296,55.67,92.102,4.379,1,Stainless Steel,1018.8,169.149,0.3689,0.6482,1.271
D0634,5.299,59.539,78.506,5.485,1,Stainless Steel,1489.2,523.66,1.6855,0.3369,0.411
D0635,4.128,69.373,92.395,3.597,0,Mild Steel,384.9,232.665,1.2437,0.3531,1.075
D0636,4.253,36.411,88.296,8.186,2,Aluminium,1106.5,1013.772,15.7637,0.0628,0.094
D0637,5.32,51.717,72.454,4.529,0,Mild Steel,574.9,221.141,0.5616,0.266,1.131
D0638,8.554,40.833,83.562,9.678,0,Mild Steel,1330.5,274.253,0.6076,0.3895,0.912
D0639,9.55,63.56,98.217,5.447,2,Aluminium,212.4,30.172,0.2107,0.2737,3.149
D0640,3.422,38.734,74.475,8.302,2,Aluminium,1050.3,1174.105,16.2007,0.0453,0.081
D0641,6.724,44.511,58.769,3.585,2,Aluminium,1362.3,337.619,1.1844,0.0807,0.281
D0642,9.78,77.03,67.359,6.907,2,Aluminium,1233.4,90.848,0.3033,0.2329,1.046
D0643,5.219,42.243,52.219,9.643,2,Aluminium,1444.0,449.811,1.9854,0.0528,0.211
D0644,3.966,51.976,73.192,5.145,1,Stainless Steel,1345.3,867.057,3.3709,0.2052,0.248
D0645,9.2,52.272,75.031,1.566,2,Aluminium,227.4,37.992,0.1368,0.1656,2.501
D0646,4.193,75.593,90.242,3.593,0,Mild Steel,620.9,327.242,1.6377,0.3817,0.764
D0647,8.392,72.499,51.394,3.505,1,Stainless Steel,1395.8,124.259,0.0916,0.4253,1.73
D0648,7.32,57.17,91.585,9.693,1,Stainless Steel,558.8,119.889,0.3967,0.5213,1.793
D0649,6.257,39.194,72.809,2.169,2,Aluminium,578.5,249.729,1.3484,0.082,0.38
D0650,9.037,49.747,42.186,6.089,2,Aluminium,1007.1,84.997,0.1194,0.0871,1.118
D0651,8.173,37.034,53.941,8.532,1,Stainless Steel,476.0,77.612,0.0766,0.222,2.77
D0652,4.564,67.449,92.328,6.399,1,Stainless Steel,248.7,116.228,0.6325,0.3865,1.85
D0653,6.984,58.933,89.079,8.154,0,Mild Steel,683.1,155.141,0.481,0.4893,1.611
D0654,8.11,57.768,72.787,9.822,2,Aluminium,1198.4,167.207,0.8695,0.1565,0.568
D0655,5.762,55.754,87.236,6.147,1,Stainless Steel,794.8,278.937,1.0251,0.3812,0.771
D0656,8.842,64.325,68.59,2.477,1,Stainless Steel,1125.1,143.593,0.1692,0.5306,1.497
D0657,9.13,69.72,53.665,3.905,2,Aluminium,820.1,66.73,0.1385,0.1568,1.424
D0658,8.9,42.664,67.139,3.109,1,Stainless Steel,1298.3,234.373,0.2707,0.3467,0.917
D0659,4.621,45.463,54.741,5.674,0,Mild Steel,1031.7,422.746,0.7546,0.1535,0.591
D0660,3.249,31.702,45.742,8.147,0,Mild Steel,623.3,580.034,1.0971,0.0629,0.431
D0661,8.776,58.837,98.773,5.792,0,Mild Steel,1285.9,228.709,0.6231,0.6807,1.093
D0662,8.057,34.769,55.132,6.804,2,Aluminium,1065.4,202.569,0.5692,0.0709,0.469
D0663,9.075,30.451,94.149,3.546,0,Mild Steel,1420.4,476.618,1.0418,0.3472,0.525
D0664,4.313,72.093,58.419,2.544,0,Mild Steel,1265.3,459.306,0.8722,0.2424,0.544
D0665,6.959,59.546,80.276,6.528,1,Stainless Steel,583.1,123.823,0.3115,0.4524,1.736
D0666,8.585,45.166,83.778,9.572,2,Aluminium,168.8,31.393,0.2014,0.1491,3.026
D0667,9.936,39.137,95.98,8.065,1,Stainless Steel,1160.5,226.12,0.554,0.5076,0.951
D0668,7.319,34.605,80.981,4.56,2,Aluminium,460.2,165.88,1.0445,0.0941,0.573
D0669,4.57,35.272,47.438,9.674,2,Aluminium,857.0,375.722,1.5751,0.0351,0.253
D0670,7.805,56.062,58.809,1.771,0,Mild Steel,871.3,143.851,0.133,0.3434,1.738
D0671,4.474,53.969,43.84,8.689,2,Aluminium,837.9,232.174,0.8467,0.0486,0.409
D0672,7.711,57.404,50.602,7.824,1,Stainless Steel,348.5,38.835,0.0356,0.3046,5.536
D0673,4.274,61.727,77.853,9.729,1,Stainless Steel,292.8,137.7,0.5944,0.2793,1.561
D0674,4.797,32.693,90.164,3.01,0,Mild Steel,572.5,565.264,2.3255,0.1887,0.442
D0675,6.481,59.66,95.766,9.267,1,Stainless Steel,1420.9,385.14,1.5929,0.5035,0.558
D0676,6.397,48.92,44.585,3.501,2,Aluminium,1404.8,264.301,0.5636,0.064,0.359
D0677,7.099,73.231,52.529,4.903,1,Stainless Steel,124.3,14.315,0.0143,0.3714,15.02
D0678,8.253,77.225,63.857,3.825,0,Mild Steel,740.8,78.204,0.0889,0.5431,3.197
D0679,6.48,56.263,95.044,6.726,1,Stainless Steel,587.3,176.839,0.6825,0.4713,1.216
D0680,5.886,59.509,93.039,1.046,2,Aluminium,282.9,125.374,1.0888,0.1496,0.758
D0681,3.638,32.282,49.798,3.268,2,Aluminium,217.4,194.824,1.0008,0.0268,0.488
D0682,8.987,53.735,77.137,1.242,0,Mild Steel,432.6,77.001,0.1018,0.4971,3.247
D0683,7.485,73.769,68.746,2.094,2,Aluminium,1316.0,204.91,0.8013,0.1742,0.464
D0684,8.566,53.794,75.751,6.686,2,Aluminium,709.9,107.657,0.529,0.1602,0.882
D0685,3.695,50.047,75.896,1.293,0,Mild Steel,449.4,453.591,1.5568,0.1873,0.551
D0686,3.745,62.549,84.953,8.492,2,Aluminium,152.7,100.658,1.6513,0.0914,0.944
D0687,3.786,46.194,88.804,3.64,1,Stainless Steel,908.1,924.701,5.2575,0.2112,0.233
D0688,3.204,35.887,57.732,5.667,1,Stainless Steel,1198.6,1295.5,4.051,0.0903,0.166
D0689,6.323,76.478,79.324,4.428,1,Stainless Steel,203.1,42.507,0.1086,0.5217,5.058
D0690,4.719,71.713,86.335,9.189,2,Aluminium,356.8,131.691,1.7666,0.1341,0.721
D0691,4.61,40.974,79.768,4.274,2,Aluminium,873.4,611.552,6.3996,0.0692,0.155
D0692,3.66,40.691,88.673,5.46,2,Aluminium,854.4,979.766,17.3143,0.0606,0.097
D0693,7.968,44.182,42.628,3.26,2,Aluminium,1318.6,177.816,0.2649,0.0689,0.534
D0694,3.532,77.504,43.392,3.293,2,Aluminium,1050.0,359.866,1.456,0.0545,0.264
D0695,3.824,52.456,64.233,4.704,0,Mild Steel,164.8,100.245,0.2978,0.1719,2.494
D0696,9.843,71.692,59.213,9.376,0,Mild Steel,1204.2,78.088,0.0731,0.5576,3.201
D0697,4.105,39.433,93.006,3.584,2,Aluminium,991.6,1073.201,16.9497,0.0691,0.089
D0698,9.338,59.343,99.115,9.371,1,Stainless Steel,866.2,124.967,0.3617,0.747,1.72
D0699,6.408,79.57,96.114,7.958,0,Mild Steel,890.4,189.94,0.7551,0.654,1.316
D0700,8.686,48.373,64.783,5.256,0,Mild Steel,1125.7,165.75,0.1931,0.3632,1.508
D0701,8.692,74.074,75.496,1.83,1,Stainless Steel,1127.7,146.996,0.2068,0.6611,1.463
D0702,4.3,70.465,65.886,6.285,1,Stainless Steel,219.5,78.464,0.2323,0.2715,2.74
D0703,6.087,48.073,55.54,5.676,0,Mild Steel,177.9,42.354,0.0562,0.2169,5.903
D0704,8.311,76.714,62.498,3.334,0,Mild Steel,214.3,22.501,0.0238,0.5317,11.11
D0705,5.236,41.921,82.071,1.836,0,Mild Steel,750.9,486.873,1.3791,0.2404,0.513
D0706,6.415,70.479,65.882,2.377,1,Stainless Steel,481.5,98.524,0.1533,0.4051,2.182
D0707,3.412,35.32,43.618,5.134,0,Mild Steel,537.2,401.228,0.6357,0.0701,0.623
D0708,6.101,79.838,45.333,6.825,1,Stainless Steel,715.6,80.607,0.0762,0.3003,2.667
D0709,7.578,62.675,49.553,9.31,1,Stainless Steel,964.0,96.421,0.0891,0.3201,2.23
D0710,8.182,57.795,85.852,6.958,1,Stainless Steel,528.2,91.092,0.2188,0.5521,2.36
D0711,6.744,52.714,58.428,5.184,2,Aluminium,810.0,156.462,0.5793,0.0953,0.607
D0712,7.91,66.795,71.837,5.011,1,Stainless Steel,1417.5,200.379,0.3295,0.5162,1.073
D0713,7.055,77.245,67.241,7.166,2,Aluminium,870.3,114.392,0.5655,0.1682,0.83
D0714,8.571,69.701,48.142,2.419,2,Aluminium,1074.9,94.499,0.1584,0.132,1.005
D0715,7.983,43.499,96.528,3.858,2,Aluminium,175.8,52.855,0.4142,0.1539,1.797
D0716,7.118,72.922,67.669,3.88,2,Aluminium,833.0,128.975,0.5689,0.1612,0.737
D0717,6.8,42.932,87.035,3.159,1,Stainless Steel,1069.9,407.76,1.0831,0.3456,0.527
D0718,8.894,32.106,82.582,6.96,1,Stainless Steel,1133.1,291.005,0.5855,0.3207,0.739
D0719,3.55,45.307,85.086,7.759,0,Mild Steel,394.8,400.518,2.3988,0.1827,0.624
D0720,5.646,72.031,49.721,9.842,1,Stainless Steel,605.6,90.575,0.119,0.275,2.374
D0721,6.817,78.679,47.074,9.091,0,Mild Steel,201.7,18.609,0.0169,0.337,13.434
D0722,3.231,35.659,99.793,5.411,2,Aluminium,355.0,660.551,17.0054,0.0528,0.144
D0723,6.264,46.017,80.757,5.864,2,Aluminium,701.0,239.271,1.8924,0.1068,0.397
D0724,4.066,38.476,77.162,4.869,0,Mild Steel,999.7,884.886,3.5518,0.1611,0.283
D0725,4.822,39.477,41.843,2.635,2,Aluminium,398.9,153.648,0.3827,0.0366,0.618
D0726,8.889,61.951,47.588,1.679,0,Mild Steel,1265.6,120.128,0.0627,0.3497,2.081
D0727,3.899,57.72,77.001,7.593,2,Aluminium,1026.9,615.253,7.9462,0.0795,0.154
D0728,7.988,31.332,85.477,1.699,0,Mild Steel,286.1,118.053,0.2237,0.2855,2.118
D0729,7.256,60.05,87.774,8.696,1,Stainless Steel,850.9,172.377,0.52,0.5201,1.247
D0730,5.852,78.806,98.135,9.706,1,Stainless Steel,1207.7,305.155,1.4977,0.6155,0.705
D0731,6.61,49.318,42.816,3.653,2,Aluminium,464.5,77.829,0.1484,0.0641,1.221
D0732,4.015,43.608,48.731,6.514,1,Stainless Steel,875.6,422.983,0.7441,0.116,0.508
D0733,5.552,30.621,70.121,8.071,2,Aluminium,306.3,160.983,1.1683,0.0547,0.59
D0734,6.716,70.078,86.894,1.986,2,Aluminium,479.5,122.523,0.859,0.1877,0.775
D0735,5.448,60.204,88.584,2.193,0,Mild Steel,677.1,298.632,0.967,0.3877,0.837
D0736,3.951,53.187,46.761,9.063,2,Aluminium,427.9,164.102,0.7733,0.0451,0.579
D0737,3.028,51.688,65.183,9.967,2,Aluminium,1347.3,1261.521,15.0686,0.0468,0.075
D0738,5.644,64.597,81.413,5.832,1,Stainless Steel,777.8,230.497,0.7488,0.4037,0.933
D0739,8.394,57.434,73.419,3.611,2,Aluminium,1054.3,168.379,0.712,0.1625,0.564
D0740,9.126,44.707,65.127,9.539,2,Aluminium,335.4,43.853,0.1581,0.122,2.166
D0741,8.247,79.548,49.041,1.055,2,Aluminium,288.4,26.317,0.0442,0.1477,3.61
D0742,4.592,32.587,42.392,8.478,2,Aluminium,936.2,396.457,1.3106,0.0291,0.24
D0743,6.622,55.822,70.18,3.198,1,Stainless Steel,543.3,134.502,0.2401,0.3528,1.598
D0744,6.78,59.263,89.922,7.102,0,Mild Steel,756.2,186.511,0.5953,0.4822,1.34
D0745,4.226,72.275,74.202,7.044,2,Aluminium,161.9,64.662,0.7033,0.104,1.469
D0746,6.973,54.8,73.597,4.916,1,Stainless Steel,497.9,110.826,0.2214,0.3825,1.94
D0747,5.612,38.451,52.749,1.94,1,Stainless Steel,1049.7,416.04,0.4697,0.1548,0.517
D0748,7.745,36.427,76.375,1.193,0,Mild Steel,644.8,223.883,0.3395,0.2875,1.117
D0749,8.177,38.808,99.006,7.117,0,Mild Steel,1257.5,371.285,1.1503,0.4193,0.673
D0750,6.391,42.477,96.233,5.082,0,Mild Steel,1219.4,532.543,1.9599,0.3486,0.469
D0751,7.511,58.795,67.943,4.08,2,Aluminium,1149.0,199.117,0.8387,0.1377,0.477
D0752,5.667,71.547,57.961,6.65,0,Mild Steel,469.0,86.64,0.1403,0.3136,2.885
D0753,4.05,43.517,57.087,8.277,0,Mild Steel,1006.3,548.029,1.2953,0.1343,0.456
D0754,3.958,60.755,73.644,5.542,2,Aluminium,1398.5,769.84,8.5961,0.0813,0.123
D0755,5.689,44.27,76.052,3.502,1,Stainless Steel,869.8,381.652,0.9725,0.2605,0.563
D0756,7.268,65.963,61.239,5.004,1,Stainless Steel,747.9,106.417,0.1406,0.3993,2.02
D0757,4.005,43.782,79.217,3.273,2,Aluminium,306.8,271.041,3.1431,0.0638,0.35
D0758,8.548,62.61,67.442,5.105,1,Stainless Steel,939.5,115.155,0.1527,0.4909,1.867
D0759,8.93,55.357,91.348,2.96,0,Mild Steel,614.5,116.403,0.2376,0.6026,2.148
D0760,8.586,50.494,40.891,3.046,2,Aluminium,483.8,48.182,0.06,0.0814,1.972
D0761,5.761,43.108,53.076,1.309,0,Mild Steel,859.1,305.549,0.3117,0.1759,0.818
D0762,4.418,42.323,68.912,4.904,1,Stainless Steel,912.9,563.12,1.6965,0.1752,0.382
D0763,4.531,62.329,68.121,9.262,2,Aluminium,592.7,214.859,1.8735,0.0883,0.442
D0764,6.982,33.266,74.677,6.654,2,Aluminium,1178.3,412.638,2.5119,0.0796,0.23
D0765,7.067,56.774,59.986,9.86,1,Stainless Steel,492.4,74.137,0.1099,0.3273,2.9
D0766,6.62,66.077,95.1,3.306,2,Aluminium,193.6,54.601,0.5037,0.1909,1.74
D0767,6.128,55.954,79.511,6.052,1,Stainless Steel,470.4,134.453,0.3805,0.3708,1.599
D0768,8.339,42.733,62.284,5.292,1,Stainless Steel,1226.4,211.321,0.2478,0.3018,1.017
D0769,8.151,40.164,46.976,7.632,0,Mild Steel,979.5,131.585,0.0934,0.2052,1.9
D0770,8.764,78.533,90.572,8.677,1,Stainless Steel,386.4,43.803,0.1125,0.8478,4.908
D0771,4.962,75.057,80.82,2.97,1,Stainless Steel,1113.2,404.57,1.328,0.4094,0.531
D0772,3.509,76.892,58.619,2.943,2,Aluminium,1443.4,696.41,5.0719,0.0726,0.136
D0773,5.542,61.0,61.556,4.956,0,Mild Steel,1340.4,339.061,0.6023,0.2777,0.737
D0774,3.455,40.444,47.761,1.654,2,Aluminium,307.9,263.494,1.1663,0.0306,0.361
D0775,8.84,55.778,90.963,8.027,2,Aluminium,744.3,119.215,0.8427,0.2059,0.797
D0776,8.441,65.17,92.753,8.483,2,Aluminium,171.6,25.805,0.2025,0.2342,3.681
D0777,4.788,31.071,40.495,2.58,1,Stainless Steel,865.0,416.574,0.349,0.0819,0.516
D0778,3.881,59.36,60.366,8.054,0,Mild Steel,714.8,328.693,0.9066,0.1856,0.761
D0779,5.208,72.263,45.346,4.41,0,Mild Steel,160.8,28.941,0.0294,0.2277,8.638
D0780,9.806,71.297,99.347,9.463,2,Aluminium,776.7,85.402,0.6567,0.3188,1.112
D0781,5.384,47.652,85.916,4.824,2,Aluminium,692.7,331.534,3.4241,0.1012,0.287
D0782,9.83,71.392,84.617,8.606,1,Stainless Steel,1479.3,140.267,0.274,0.8076,1.533
D0783,3.282,54.255,87.378,4.889,0,Mild Steel,728.2,767.504,5.0652,0.2076,0.326
D0784,4.736,62.085,57.513,5.358,0,Mild Steel,1028.1,312.965,0.5933,0.2257,0.799
D0785,3.674,37.461,58.848,3.113,1,Stainless Steel,664.1,601.04,1.5093,0.1102,0.358
D0786,3.068,69.935,79.59,6.097,1,Stainless Steel,1458.3,1201.43,7.5465,0.2322,0.179
D0787,8.678,61.894,74.086,4.208,0,Mild Steel,673.3,92.358,0.1354,0.531,2.707
D0788,6.493,69.657,85.712,8.264,2,Aluminium,1192.3,251.357,2.2829,0.1779,0.378
D0789,5.468,31.758,54.302,3.767,1,Stainless Steel,1316.6,609.399,0.8414,0.1282,0.353
D0790,7.455,71.958,69.663,9.244,0,Mild Steel,1184.1,149.616,0.2685,0.4987,1.671
D0791,9.039,49.69,80.201,4.487,0,Mild Steel,632.5,107.394,0.1778,0.4807,2.328
D0792,9.252,74.23,97.697,9.721,1,Stainless Steel,1476.6,169.582,0.4855,0.9125,1.268
D0793,8.639,51.849,89.024,3.331,2,Aluminium,510.4,105.161,0.6245,0.183,0.903
D0794,7.733,65.305,97.466,9.133,2,Aluminium,600.0,109.53,1.0664,0.2259,0.867
D0795,7.564,48.239,64.186,7.883,1,Stainless Steel,834.7,145.194,0.2191,0.3185,1.481
D0796,3.567,78.609,48.158,7.276,0,Mild Steel,345.4,113.251,0.2163,0.1802,2.207
D0797,8.661,51.996,76.389,1.289,2,Aluminium,706.7,137.824,0.5405,0.1579,0.689
D0798,8.772,54.428,51.214,7.698,1,Stainless Steel,214.8,20.294,0.0163,0.3325,10.594
D0799,6.594,49.886,54.711,4.788,0,Mild Steel,735.8,148.728,0.1685,0.2402,1.681
D0800,3.521,51.059,48.983,8.905,1,Stainless Steel,614.0,323.572,0.6712,0.1198,0.664
D0801,9.307,78.556,64.806,5.325,0,Mild Steel,258.9,20.661,0.0222,0.6323,12.1
D0802,8.618,64.015,87.29,6.816,0,Mild Steel,703.5,101.814,0.2284,0.6426,2.455
D0803,6.791,79.318,59.309,2.422,1,Stainless Steel,702.1,103.142,0.1222,0.4345,2.085
D0804,3.495,61.267,99.947,5.903,2,Aluminium,481.2,445.571,10.6486,0.0982,0.213
D0805,6.99,77.238,46.776,4.751,2,Aluminium,694.8,69.89,0.1563,0.1159,1.359
D0806,6.667,38.113,70.82,1.089,2,Aluminium,190.5,78.732,0.3473,0.0826,1.207
D0807,6.176,63.586,67.472,1.39,1,Stainless Steel,231.0,61.676,0.0982,0.3604,3.486
D0808,3.475,33.857,84.738,4.427,0,Mild Steel,1162.6,1739.776,9.9548,0.1331,0.144
D0809,9.572,76.402,74.558,5.506,1,Stainless Steel,1487.5,132.639,0.1907,0.7416,1.621
D0810,5.713,42.578,93.001,3.264,2,Aluminium,1041.7,584.436,6.1191,0.1038,0.163
D0811,9.328,31.843,57.681,8.199,0,Mild Steel,848.5,136.428,0.126,0.2286,1.832
D0812,5.277,36.477,98.093,4.124,2,Aluminium,866.4,661.127,8.8463,0.0867,0.144
D0813,6.765,33.573,60.686,2.383,2,Aluminium,497.6,178.384,0.6203,0.0633,0.533
D0814,5.069,66.247,89.696,5.547,0,Mild Steel,662.5,258.746,1.1078,0.402,0.966
D0815,6.898,47.234,95.447,6.97,2,Aluminium,1415.2,452.044,4.6004,0.1428,0.21
D0816,8.114,76.754,87.597,7.431,2,Aluminium,1283.7,170.545,1.2201,0.2504,0.557
D0817,7.013,73.927,40.579,4.418,0,Mild Steel,1247.0,114.569,0.0653,0.2808,2.182
D0818,8.413,68.375,50.541,6.213,0,Mild Steel,180.6,15.066,0.0115,0.388,16.594
D0819,6.444,32.242,68.898,5.55,1,Stainless Steel,317.5,126.692,0.2495,0.1947,1.697
D0820,6.26,46.364,78.141,9.641,2,Aluminium,847.6,255.785,2.0611,0.1041,0.371
D0821,6.88,53.823,95.145,1.809,0,Mild Steel,311.1,109.574,0.3057,0.4702,2.282
D0822,7.912,52.423,44.767,2.732,1,Stainless Steel,1013.8,125.866,0.0726,0.2525,1.708
D0823,6.295,52.402,58.987,2.876,0,Mild Steel,576.1,142.627,0.1809,0.2597,1.753
D0824,4.737,39.004,87.21,1.723,1,Stainless Steel,786.1,707.65,2.6066,0.2191,0.304
D0825,5.92,47.122,89.285,2.076,1,Stainless Steel,865.8,425.068,1.3061,0.3388,0.506
D0826,5.009,56.945,97.234,3.524,0,Mild Steel,217.9,119.566,0.5599,0.3701,2.091
D0827,7.174,57.804,57.287,7.425,2,Aluminium,654.3,94.36,0.3341,0.109,1.007
D0828,3.556,75.585,46.29,3.915,2,Aluminium,793.6,284.672,1.3429,0.0571,0.334
D0829,8.689,70.135,94.168,5.048,2,Aluminium,228.1,33.902,0.24,0.2634,2.802
D0830,5.942,50.06,64.124,5.353,0,Mild Steel,229.5,64.004,0.1152,0.2546,3.906
D0831,6.866,53.235,97.451,4.248,0,Mild Steel,1044.6,335.012,1.1218,0.4754,0.746
D0832,6.686,47.511,79.011,1.46,0,Mild Steel,763.3,273.337,0.5302,0.3349,0.915
D0833,7.497,49.147,86.31,5.944,1,Stainless Steel,498.8,122.782,0.3209,0.4325,1.751
D0834,4.901,53.28,71.423,9.601,0,Mild Steel,1263.6,481.127,1.4681,0.2489,0.52
D0835,9.748,57.543,61.132,1.763,2,Aluminium,361.9,39.656,0.0899,0.1574,2.396
D0836,5.745,58.254,58.576,4.628,2,Aluminium,643.8,154.076,0.6792,0.09,0.617
D0837,3.709,79.779,50.864,9.65,2,Aluminium,1317.2,415.713,2.4689,0.0691,0.229
D0838,9.153,41.719,50.114,1.032,0,Mild Steel,1382.3,201.084,0.1088,0.2554,1.243
D0839,4.902,46.213,80.337,4.523,0,Mild Steel,362.6,200.683,0.6905,0.2429,1.246
D0840,5.276,55.519,41.141,4.967,2,Aluminium,747.1,151.624,0.3699,0.0553,0.627
D0841,7.945,33.602,44.643,7.527,0,Mild Steel,813.8,130.429,0.0859,0.159,1.917
D0842,6.145,31.168,48.687,4.097,1,Stainless Steel,327.9,110.478,0.1084,0.1268,1.946
D0843,5.361,71.616,42.863,4.36,2,Aluminium,1060.8,173.199,0.4389,0.0755,0.549
D0844,5.721,66.203,96.255,2.523,0,Mild Steel,757.8,295.116,1.0902,0.4865,0.847
D0845,3.172,45.67,50.46,7.518,0,Mild Steel,492.8,368.475,0.8688,0.0975,0.678
D0846,3.864,38.624,54.242,6.149,0,Mild Steel,1005.7,660.874,1.4406,0.108,0.378
D0847,8.76,51.09,93.199,2.712,0,Mild Steel,492.0,108.072,0.232,0.5566,2.313
D0848,6.829,50.916,61.05,2.227,0,Mild Steel,867.3,204.613,0.2434,0.2833,1.222
D0849,3.259,73.572,73.762,7.855,2,Aluminium,499.1,320.725,4.5582,0.0812,0.296
D0850,4.104,71.861,82.696,9.35,1,Stainless Steel,853.0,396.781,2.0123,0.3317,0.542
D0851,3.688,52.229,87.086,6.7,2,Aluminium,944.8,796.196,13.8038,0.077,0.119
D0852,8.299,43.46,88.366,8.573,2,Aluminium,699.4,154.696,1.1263,0.1463,0.614
D0853,8.702,38.551,81.601,6.246,2,Aluminium,662.6,148.742,0.8215,0.1257,0.639
D0854,6.061,37.686,51.822,2.044,0,Mild Steel,1218.4,416.491,0.4041,0.158,0.6
D0855,4.693,78.185,69.666,9.448,0,Mild Steel,340.5,93.805,0.285,0.3411,2.665
D0856,3.568,41.466,82.986,3.352,2,Aluminium,1222.9,1465.818,21.5038,0.0564,0.065
D0857,7.147,59.746,91.977,6.049,0,Mild Steel,739.3,173.351,0.5275,0.5241,1.442
D0858,3.108,30.681,81.973,2.474,0,Mild Steel,1135.0,2472.022,13.5802,0.1043,0.101
D0859,9.56,71.079,73.251,9.605,2,Aluminium,254.6,21.619,0.0934,0.2285,4.394
D0860,9.81,58.226,99.897,7.328,2,Aluminium,403.3,57.302,0.424,0.2619,1.658
D0861,6.301,43.843,89.884,3.978,2,Aluminium,461.5,196.12,1.7716,0.114,0.484
D0862,7.396,60.124,76.284,8.139,2,Aluminium,467.5,80.305,0.4946,0.1557,1.183
D0863,6.657,53.112,96.157,1.409,0,Mild Steel,523.1,206.351,0.5935,0.4537,1.212
D0864,5.42,31.641,81.139,7.158,2,Aluminium,841.9,527.667,5.1757,0.0639,0.18
D0865,3.923,52.754,91.929,7.316,2,Aluminium,1199.8,931.462,16.9669,0.0873,0.102
D0866,7.672,77.159,61.039,7.41,2,Aluminium,283.4,28.895,0.1072,0.1659,3.288
D0867,9.451,44.751,76.671,2.362,2,Aluminium,779.3,141.815,0.539,0.1488,0.67
D0868,7.035,45.74,65.332,5.299,2,Aluminium,289.3,66.447,0.2937,0.0965,1.43
D0869,6.119,58.379,78.765,9.442,1,Stainless Steel,1126.8,284.843,0.8532,0.3827,0.755
D0870,6.532,45.172,62.933,2.792,0,Mild Steel,1210.5,348.289,0.4793,0.2478,0.718
D0871,4.869,77.179,40.52,1.956,1,Stainless Steel,934.7,184.231,0.1447,0.2071,1.167
D0872,3.042,38.83,49.704,7.458,0,Mild Steel,908.7,855.649,2.0408,0.0784,0.292
D0873,4.085,57.035,67.448,9.149,0,Mild Steel,1284.8,620.053,2.0284,0.2097,0.403
D0874,4.188,77.565,53.121,9.604,0,Mild Steel,1255.7,333.793,0.6605,0.2303,0.749
D0875,7.908,61.439,40.102,6.787,2,Aluminium,1025.0,83.007,0.1261,0.0894,1.144
D0876,3.326,64.183,72.842,1.511,1,Stainless Steel,933.8,835.848,3.1677,0.2115,0.257
D0877,5.192,67.967,72.613,1.159,1,Stainless Steel,1006.4,383.137,0.8397,0.3485,0.561
D0878,5.984,31.567,58.07,7.666,2,Aluminium,428.0,158.659,0.7185,0.0503,0.599
D0879,6.465,59.482,80.374,5.461,1,Stainless Steel,530.0,133.36,0.3549,0.4203,1.612
D0880,5.949,40.258,43.543,9.993,1,Stainless Steel,758.1,160.729,0.153,0.1418,1.338
D0881,7.328,60.973,88.672,9.683,0,Mild Steel,888.6,172.776,0.5165,0.5287,1.447
D0882,7.303,40.711,93.515,9.156,2,Aluminium,392.0,122.249,1.1721,0.1276,0.777
D0883,5.451,46.789,44.935,2.443,1,Stainless Steel,1179.9,333.472,0.2928,0.1559,0.645
D0884,5.649,64.565,55.42,2.12,0,Mild Steel,1217.9,294.573,0.3562,0.2697,0.849
D0885,8.78,71.888,95.085,1.815,2,Aluminium,1120.4,186.089,1.1475,0.2755,0.511
D0886,6.879,55.148,87.974,9.413,2,Aluminium,929.4,223.68,2.0435,0.1532,0.425
D0887,7.464,60.341,59.13,3.561,0,Mild Steel,552.0,84.022,0.091,0.3554,2.975
D0888,3.111,65.362,75.889,4.616,0,Mild Steel,413.2,349.635,1.8351,0.2059,0.715
D0889,8.741,40.987,80.681,2.095,0,Mild Steel,263.2,64.633,0.101,0.3858,3.868
D0890,4.145,52.666,60.994,5.686,0,Mild Steel,345.3,166.128,0.4179,0.1777,1.505
D0891,7.647,54.6,97.76,8.217,0,Mild Steel,466.9,106.345,0.3574,0.5447,2.351
D0892,7.076,31.249,91.149,5.869,2,Aluminium,926.9,421.708,3.6749,0.0925,0.225
D0893,7.88,75.426,53.532,4.555,1,Stainless Steel,798.0,76.298,0.0688,0.4327,2.818
D0894,3.851,58.718,98.036,4.586,2,Aluminium,921.7,757.933,15.0136,0.1018,0.125
D0895,4.894,42.057,88.772,8.283,2,Aluminium,865.4,528.567,7.1175,0.0839,0.18
D0896,5.707,79.825,64.069,6.611,1,Stainless Steel,540.2,97.702,0.1985,0.3969,2.201
D0897,4.934,48.674,58.723,8.453,1,Stainless Steel,890.8,305.524,0.6394,0.1918,0.704
D0898,6.567,72.602,98.619,8.01,0,Mild Steel,1299.4,297.715,1.2123,0.6275,0.84
D0899,4.074,43.371,78.952,8.236,0,Mild Steel,406.5,303.525,1.3639,0.1862,0.824
D0900,6.057,65.605,63.31,1.832,1,Stainless Steel,1384.7,337.568,0.4995,0.3421,0.637
D0901,9.828,52.345,53.205,3.861,0,Mild Steel,1494.6,140.455,0.0906,0.3653,1.78
D0902,7.818,56.996,55.622,6.616,0,Mild Steel,1251.0,155.391,0.1581,0.3308,1.609
D0903,9.82,52.615,49.637,3.333,0,Mild Steel,130.8,11.673,0.0064,0.3423,21.417
D0904,7.512,30.876,50.244,5.67,2,Aluminium,764.4,175.334,0.4295,0.0535,0.542
D0905,4.824,77.686,77.791,2.896,1,Stainless Steel,1107.2,395.765,1.2386,0.3965,0.543
D0906,8.092,56.373,85.064,6.439,2,Aluminium,856.1,155.313,1.0225,0.1781,0.612
D0907,6.666,57.917,79.46,6.943,1,Stainless Steel,1213.7,280.36,0.7358,0.4172,0.767
D0908,4.257,33.013,97.218,8.167,0,Mild Steel,878.9,976.274,6.341,0.1823,0.256
D0909,8.993,73.08,77.5,5.397,1,Stainless Steel,700.5,76.303,0.1271,0.6927,2.818
D0910,3.68,36.94,86.221,4.158,0,Mild Steel,1194.7,1517.845,8.3193,0.1564,0.165
D0911,8.198,71.083,42.448,9.792,2,Aluminium,608.4,39.463,0.0689,0.1135,2.407
D0912,3.766,33.862,76.303,2.724,0,Mild Steel,110.7,141.057,0.5439,0.1299,1.772
D0913,9.833,42.908,82.549,7.428,1,Stainless Steel,165.5,26.182,0.0473,0.4737,8.212
D0914,4.641,78.252,71.248,9.14,2,Aluminium,1108.7,319.536,2.9711,0.1188,0.297
D0915,5.374,60.271,50.762,3.8,1,Stainless Steel,136.4,32.048,0.0395,0.2236,6.709
D0916,5.087,67.722,80.223,2.94,1,Stainless Steel,1308.2,500.927,1.5701,0.3759,0.429
D0917,5.343,36.222,83.514,5.194,1,Stainless Steel,190.8,116.783,0.417,0.2198,1.841
D0918,3.252,67.255,43.037,9.056,2,Aluminium,289.6,119.291,0.5784,0.0432,0.796
D0919,4.828,51.195,70.483,1.502,0,Mild Steel,1411.5,769.782,1.7156,0.2325,0.325
D0920,5.883,47.716,99.65,2.081,1,Stainless Steel,1329.4,727.691,2.8067,0.3804,0.295
D0921,6.125,66.861,98.632,5.947,2,Aluminium,1269.4,378.255,4.5951,0.1854,0.251
D0922,7.167,63.111,44.761,6.9,1,Stainless Steel,1132.1,118.648,0.0906,0.2754,1.812
D0923,7.073,37.417,95.18,8.527,1,Stainless Steel,282.2,104.586,0.3809,0.3426,2.056
D0924,5.912,56.519,87.009,4.461,0,Mild Steel,1038.1,363.764,1.1713,0.388,0.687
D0925,7.936,32.491,59.588,6.013,0,Mild Steel,1279.6,296.154,0.3334,0.205,0.844
D0926,4.331,63.872,60.132,5.663,2,Aluminium,489.1,176.564,1.1886,0.0763,0.538
D0927,9.689,52.836,77.364,6.832,1,Stainless Steel,862.8,108.455,0.1723,0.5386,1.982
D0928,9.525,75.027,92.408,8.754,0,Mild Steel,1039.6,108.077,0.253,0.8813,2.313
D0929,6.273,72.4,98.998,3.824,1,Stainless Steel,1434.1,412.791,1.6137,0.6115,0.521
D0930,8.524,36.771,46.873,1.622,1,Stainless Steel,1485.6,254.279,0.1392,0.1998,0.846
D0931,7.588,57.342,58.37,5.388,1,Stainless Steel,1235.6,175.792,0.2033,0.3454,1.223
D0932,3.626,42.381,42.471,8.935,2,Aluminium,495.6,257.207,1.0893,0.03,0.369
D0933,8.305,48.851,54.119,2.01,0,Mild Steel,760.6,116.326,0.0862,0.293,2.149
D0934,8.662,76.342,65.712,8.486,1,Stainless Steel,479.0,41.577,0.0568,0.591,5.171
D0935,3.397,68.937,95.812,4.054,1,Stainless Steel,910.4,800.416,6.1392,0.3052,0.269
D0936,6.629,59.629,45.83,1.108,2,Aluminium,872.8,150.676,0.2805,0.0831,0.63
D0937,8.18,73.78,46.339,5.882,0,Mild Steel,1169.0,88.094,0.0576,0.3732,2.838
D0938,9.533,49.647,64.643,1.922,0,Mild Steel,505.5,70.279,0.0635,0.4083,3.557
D0939,4.437,72.948,98.899,9.633,1,Stainless Steel,610.0,286.042,1.9192,0.4354,0.752
D0940,3.483,35.056,54.646,2.461,1,Stainless Steel,581.7,601.938,1.3276,0.0908,0.357
D0941,6.441,66.886,61.428,2.171,2,Aluminium,791.3,159.974,0.5948,0.1215,0.594
D0942,6.143,59.459,90.035,7.636,1,Stainless Steel,407.6,118.612,0.4474,0.4472,1.813
D0943,5.345,33.348,61.953,3.079,2,Aluminium,109.4,59.518,0.296,0.0507,1.596
D0944,8.251,68.237,65.157,5.191,1,Stainless Steel,1056.2,121.979,0.158,0.4989,1.763
D0945,8.123,47.115,84.697,2.469,0,Mild Steel,917.0,231.379,0.4412,0.4326,1.08
D0946,5.179,72.742,92.641,7.268,0,Mild Steel,1466.3,495.069,2.307,0.4658,0.505
D0947,5.844,38.061,68.208,6.351,2,Aluminium,486.7,189.549,1.1784,0.0696,0.501
D0948,6.01,62.583,57.243,2.989,0,Mild Steel,1173.9,255.386,0.3241,0.2873,0.979
D0949,6.556,72.978,73.459,4.112,2,Aluminium,644.6,124.389,0.7204,0.1613,0.764
D0950,3.456,31.936,72.189,3.34,0,Mild Steel,1307.9,1877.234,7.4624,0.1063,0.133
D0951,3.686,57.325,68.448,1.249,0,Mild Steel,387.9,311.12,0.8667,0.193,0.804
D0952,7.678,73.796,80.824,4.593,0,Mild Steel,193.0,29.802,0.061,0.6111,8.389
D0953,5.57,46.405,83.897,8.39,1,Stainless Steel,911.6,373.939,1.3915,0.2949,0.575
D0954,4.834,62.633,59.553,7.733,1,Stainless Steel,653.6,185.701,0.4045,0.2452,1.158
D0955,9.464,68.316,61.156,9.9,2,Aluminium,611.0,45.642,0.1399,0.1815,2.081
D0956,4.866,43.746,50.883,7.498,1,Stainless Steel,418.7,144.322,0.2268,0.1473,1.49
D0957,8.859,39.12,41.345,7.173,1,Stainless Steel,765.8,80.933,0.0413,0.1949,2.657
D0958,7.533,68.757,54.007,8.041,1,Stainless Steel,1334.3,137.53,0.1482,0.3804,1.563
D0959,8.914,63.48,62.173,2.201,2,Aluminium,826.5,96.776,0.2561,0.1615,0.982
D0960,3.54,39.928,55.942,4.712,1,Stainless Steel,717.7,575.353,1.4701,0.1075,0.374
D0961,6.252,45.458,91.815,4.727,0,Mild Steel,338.9,139.256,0.4723,0.3482,1.795
D0962,4.206,71.466,65.097,4.203,1,Stainless Steel,1171.1,454.596,1.2593,0.2661,0.473
D0963,8.623,46.423,50.326,8.765,2,Aluminium,835.4,91.524,0.2074,0.0925,1.038
D0964,6.486,42.098,82.474,2.639,0,Mild Steel,534.1,220.92,0.5217,0.3005,1.132
D0965,6.755,74.627,94.316,6.201,2,Aluminium,987.8,209.551,2.0884,0.2182,0.453
D0966,7.488,58.778,67.607,7.392,1,Stainless Steel,1077.8,167.05,0.2797,0.4047,1.287
D0967,5.248,46.167,45.728,6.892,1,Stainless Steel,1030.1,266.236,0.306,0.1507,0.808
D0968,6.325,71.749,95.74,3.9,0,Mild Steel,598.1,164.878,0.5781,0.5798,1.516
D0969,5.06,79.756,51.841,4.527,2,Aluminium,821.2,160.493,0.642,0.096,0.592
D0970,9.185,39.919,98.564,1.102,0,Mild Steel,210.4,62.242,0.1303,0.4823,4.017
D0971,5.497,37.513,89.514,3.673,0,Mild Steel,1370.9,881.325,3.1556,0.2463,0.284
D0972,6.084,34.315,55.136,5.972,1,Stainless Steel,732.2,240.362,0.3291,0.1566,0.894
D0973,4.643,30.151,82.345,2.113,1,Stainless Steel,951.6,1051.545,3.6491,0.1568,0.204
D0974,9.823,39.227,73.117,2.659,1,Stainless Steel,783.0,142.148,0.1706,0.3832,1.513
D0975,4.269,66.158,47.792,5.254,0,Mild Steel,1129.4,325.125,0.479,0.1801,0.769
D0976,7.373,64.868,84.392,4.563,0,Mild Steel,1497.7,296.063,0.6925,0.5386,0.844
D0977,9.99,47.694,79.485,8.34,0,Mild Steel,1002.2,130.549,0.2117,0.5054,1.915
D0978,9.906,63.509,62.576,2.281,1,Stainless Steel,1491.3,143.343,0.1227,0.5354,1.5
D0979,4.873,32.307,46.559,4.247,1,Stainless Steel,582.0,273.252,0.3256,0.0997,0.787
D0980,8.367,47.848,48.07,8.096,1,Stainless Steel,915.1,99.599,0.0752,0.2617,2.159
D0981,7.726,45.727,72.53,1.61,1,Stainless Steel,1089.6,280.067,0.4086,0.3485,0.768
D0982,4.55,36.381,91.659,5.742,2,Aluminium,1132.0,996.221,14.7421,0.0696,0.095
D0983,3.201,31.445,56.771,9.253,1,Stainless Steel,1404.1,1684.178,5.1608,0.0777,0.128
D0984,7.963,42.993,85.652,4.237,1,Stainless Steel,825.4,220.173,0.4951,0.3988,0.977
D0985,4.929,79.578,44.881,3.538,1,Stainless Steel,601.9,112.227,0.1184,0.2394,1.916
D0986,5.783,79.038,85.57,5.925,1,Stainless Steel,131.3,31.891,0.1115,0.5319,6.742
D0987,9.384,40.514,51.583,5.897,1,Stainless Steel,1306.9,155.622,0.111,0.2667,1.382
D0988,6.553,78.756,90.139,1.514,0,Mild Steel,1214.1,309.678,0.8024,0.6208,0.807
D0989,3.594,57.979,73.809,1.686,0,Mild Steel,623.5,533.277,1.863,0.2052,0.469
D0990,7.482,39.634,99.427,6.789,2,Aluminium,1164.9,400.781,3.999,0.1353,0.237
D0991,9.459,35.953,77.881,4.116,1,Stainless Steel,1229.5,261.534,0.3956,0.3602,0.822
D0992,9.084,32.401,80.509,4.153,1,Stainless Steel,888.8,233.26,0.3958,0.3223,0.922
D0993,6.777,35.768,51.898,1.901,0,Mild Steel,1211.8,358.233,0.3043,0.1679,0.698
D0994,4.723,72.796,62.616,8.85,1,Stainless Steel,1093.5,288.917,0.7253,0.2928,0.744
D0995,9.187,38.579,47.628,7.396,1,Stainless Steel,659.0,75.72,0.0493,0.2296,2.839
D0996,6.298,41.305,51.386,7.034,1,Stainless Steel,1178.6,273.054,0.3212,0.1818,0.787
D0997,7.308,70.928,75.348,2.595,1,Stainless Steel,1321.0,238.22,0.4231,0.5312,0.903
D0998,3.641,75.724,74.366,5.835,1,Stainless Steel,926.0,478.833,2.1598,0.2788,0.449
D0999,8.501,50.071,63.272,4.252,2,Aluminium,748.3,112.321,0.3573,0.1236,0.846
D1000,4.671,69.888,73.618,8.653,1,Stainless Steel,248.8,82.399,0.2888,0.3269,2.609
D1001,4.916,50.093,80.299,3.09,2,Aluminium,1416.8,773.933,7.1443,0.0908,0.123
D1002,3.358,40.762,83.12,3.618,2,Aluminium,742.8,998.714,16.0238,0.0522,0.095
D1003,8.063,43.875,89.99,2.746,1,Stainless Steel,1481.7,426.277,0.9729,0.433,0.504
D1004,5.798,76.255,43.162,8.404,2,Aluminium,609.2,72.592,0.191,0.0876,1.309
D1005,7.62,43.182,68.009,9.516,0,Mild Steel,1139.2,223.867,0.3751,0.2986,1.117
D1006,4.254,71.486,45.456,7.22,2,Aluminium,757.4,184.46,0.7497,0.0634,0.515
D1007,5.834,68.871,80.523,9.137,2,Aluminium,1226.5,295.015,2.7153,0.1485,0.322
D1008,6.034,79.581,72.326,9.952,1,Stainless Steel,615.5,106.862,0.2761,0.4723,2.012
D1009,5.275,78.658,90.756,2.157,2,Aluminium,1494.9,550.169,5.612,0.1728,0.173
D1010,4.512,73.248,45.438,2.895,1,Stainless Steel,433.2,108.297,0.1252,0.2042,1.985
D1011,7.624,49.926,72.513,6.549,0,Mild Steel,137.9,26.723,0.0475,0.3683,9.355
D1012,5.718,75.995,62.817,7.376,2,Aluminium,995.7,181.389,1.0069,0.1253,0.524
D1013,9.725,75.168,75.024,3.63,0,Mild Steel,494.5,46.966,0.0604,0.7319,5.323
D1014,8.185,74.764,58.212,4.52,0,Mild Steel,941.0,92.241,0.0906,0.4754,2.71
D1015,8.111,65.377,61.163,4.57,1,Stainless Steel,281.7,33.668,0.0383,0.4411,6.386
D1016,8.731,49.605,59.33,3.588,2,Aluminium,555.4,77.263,0.2036,0.1179,1.23
D1017,7.242,54.394,85.631,2.602,1,Stainless Steel,1453.3,394.811,0.9155,0.4587,0.545
D1018,5.967,64.892,51.239,3.063,1,Stainless Steel,1313.4,248.856,0.2656,0.2698,0.864
D1019,8.472,65.662,41.988,8.993,0,Mild Steel,544.4,36.153,0.0202,0.3117,6.915
D1020,8.391,49.553,52.664,9.131,0,Mild Steel,409.7,45.899,0.0409,0.2922,5.447
D1021,6.363,72.177,54.208,4.503,0,Mild Steel,359.0,53.627,0.0615,0.3323,4.662
D1022,6.83,76.248,54.517,7.463,0,Mild Steel,1406.0,159.809,0.1876,0.3789,1.564
D1023,9.584,30.364,89.863,5.878,2,Aluminium,1349.9,359.862,2.1245,0.12,0.264
D1024,5.239,45.674,90.907,2.798,2,Aluminium,337.0,207.388,2.2352,0.0998,0.458
D1025,8.927,76.197,87.491,1.417,2,Aluminium,312.9,44.686,0.2241,0.2732,2.126
D1026,4.66,61.116,43.261,7.874,0,Mild Steel,1459.4,329.773,0.382,0.1644,0.758
D1027,8.567,34.928,94.249,7.378,0,Mild Steel,1306.3,372.364,0.9958,0.3764,0.671
D1028,5.222,46.039,66.424,1.482,0,Mild Steel,331.9,164.042,0.2966,0.2131,1.524
D1029,6.181,36.924,48.408,7.572,1,Stainless Steel,120.9,30.155,0.0326,0.1503,7.13
D1030,8.411,55.121,50.614,1.85,1,Stainless Steel,1190.2,148.607,0.0975,0.3191,1.447
D1031,9.508,48.739,50.65,7.886,1,Stainless Steel,397.3,35.677,0.0255,0.3192,6.026
D1032,7.795,39.597,50.265,6.277,0,Mild Steel,687.9,112.892,0.0932,0.207,2.215
D1033,4.281,72.591,71.414,5.658,2,Aluminium,316.3,121.868,1.1724,0.1019,0.78
D1034,9.541,78.326,78.679,9.897,0,Mild Steel,540.6,44.658,0.0774,0.7847,5.598
D1035,7.3,32.504,68.634,8.297,0,Mild Steel,970.2,283.091,0.4962,0.2173,0.883
D1036,8.296,37.308,41.128,5.846,2,Aluminium,1017.1,131.299,0.1926,0.0584,0.724
D1037,9.501,67.546,64.948,2.102,2,Aluminium,551.9,56.521,0.1513,0.1913,1.681
D1038,3.791,37.38,88.342,4.593,0,Mild Steel,165.9,198.678,1.1232,0.1671,1.258
D1039,5.432,73.493,92.247,9.381,1,Stainless Steel,539.1,158.549,0.7444,0.5009,1.356
D1040,6.728,42.306,41.616,1.227,2,Aluminium,1009.6,214.874,0.3274,0.0544,0.442
D1041,9.585,62.078,41.222,6.066,2,Aluminium,799.4,47.523,0.0594,0.1126,1.999
D1042,7.001,70.519,82.637,1.624,2,Aluminium,788.8,180.379,1.0663,0.1873,0.527
D1043,3.306,58.118,46.588,5.579,1,Stainless Steel,565.8,287.76,0.5647,0.1217,0.747
D1044,6.435,44.796,42.772,1.304,1,Stainless Steel,854.0,190.996,0.116,0.1677,1.126
D1045,3.255,72.234,40.707,5.428,2,Aluminium,1363.2,503.621,2.1405,0.0439,0.189
D1046,4.056,74.619,73.576,7.676,0,Mild Steel,910.3,373.419,1.4559,0.2972,0.669
D1047,7.553,75.671,50.051,6.493,0,Mild Steel,579.7,52.136,0.0446,0.3818,4.795
D1048,9.562,70.378,57.387,3.917,1,Stainless Steel,591.5,46.799,0.0377,0.5252,4.594
D1049,4.656,50.357,86.484,7.003,2,Aluminium,397.0,221.392,2.9286,0.0931,0.429
D1050,8.483,30.495,90.806,9.352,0,Mild Steel,386.5,118.409,0.3109,0.3135,2.111
D1051,9.796,79.559,41.161,8.447,1,Stainless Steel,1020.4,42.646,0.0197,0.4363,5.042
D1052,9.944,45.824,66.491,7.094,1,Stainless Steel,1396.1,164.711,0.1888,0.4121,1.305
D1053,9.824,65.254,98.342,8.557,1,Stainless Steel,1359.6,164.267,0.4332,0.8574,1.309
D1054,9.147,50.397,60.39,9.181,2,Aluminium,837.1,90.294,0.2771,0.1278,1.052
D1055,3.113,77.541,74.43,9.655,0,Mild Steel,954.7,643.726,3.3643,0.2398,0.388
D1056,3.882,55.814,85.351,9.712,2,Aluminium,1450.2,1001.859,16.005,0.0849,0.095
D1057,8.737,56.817,55.276,1.881,1,Stainless Steel,873.3,107.296,0.0807,0.3732,2.004
D1058,4.216,68.112,98.469,6.626,2,Aluminium,665.4,378.65,7.2136,0.1298,0.251
D1059,8.664,70.576,91.95,6.719,1,Stainless Steel,771.8,105.99,0.2709,0.7646,2.028
D1060,4.681,76.74,79.885,5.464,0,Mild Steel,242.8,84.548,0.3146,0.3829,2.957
D1061,5.01,64.394,92.863,7.019,2,Aluminium,720.5,294.506,4.1315,0.1375,0.323
D1062,3.232,75.71,50.34,7.751,2,Aluminium,1289.6,559.127,3.733,0.0565,0.17
D1063,5.195,59.897,64.992,2.511,0,Mild Steel,932.9,323.891,0.6101,0.2699,0.772
D1064,7.015,42.96,48.713,2.909,2,Aluminium,331.7,67.695,0.1499,0.0674,1.403
D1065,9.885,34.024,90.702,5.583,2,Aluminium,1492.1,341.957,1.964,0.14,0.278
D1066,4.377,54.874,44.645,1.433,1,Stainless Steel,1411.1,549.453,0.5654,0.1458,0.391
D1067,3.041,69.393,88.561,6.933,2,Aluminium,358.1,336.483,7.3886,0.0858,0.282
D1068,5.231,64.773,66.608,2.388,1,Stainless Steel,789.3,258.623,0.5215,0.3069,0.831
D1069,6.136,51.74,42.09,5.094,1,Stainless Steel,877.5,148.073,0.1135,0.1817,1.452
D1070,9.219,34.053,94.903,6.962,0,Mild Steel,1310.7,341.825,0.8398,0.3976,0.731
D1071,6.791,77.412,85.1,1.758,2,Aluminium,714.9,160.994,1.0534,0.2054,0.59
D1072,6.945,48.104,54.527,9.058,0,Mild Steel,748.5,126.537,0.1506,0.2431,1.976
D1073,5.404,57.059,80.09,7.671,2,Aluminium,344.8,117.629,1.14,0.1134,0.808
D1074,6.317,63.326,93.235,9.639,1,Stainless Steel,494.2,128.109,0.5201,0.5072,1.678
D1075,4.726,41.89,49.672,2.887,1,Stainless Steel,1466.5,644.64,0.8424,0.1337,0.334
D1076,8.809,42.337,42.007,7.951,0,Mild Steel,951.8,93.521,0.0488,0.2091,2.673
D1077,5.259,42.883,52.399,3.23,2,Aluminium,280.3,102.407,0.3747,0.0542,0.928
D1078,4.234,36.599,69.29,1.51,0,Mild Steel,768.4,735.251,1.8407,0.1433,0.34
D1079,6.373,30.246,57.592,8.088,1,Stainless Steel,472.8,160.173,0.2391,0.151,1.342
D1080,5.29,30.477,62.844,4.449,2,Aluminium,536.8,308.117,1.712,0.0465,0.308
D1081,3.122,56.098,81.719,6.931,2,Aluminium,108.8,110.709,2.016,0.0657,0.858
D1082,8.712,63.906,53.066,1.991,2,Aluminium,416.7,43.678,0.0854,0.1356,2.175
D1083,5.074,65.992,62.472,7.508,2,Aluminium,105.1,27.269,0.1723,0.096,3.484
D1084,8.422,61.07,56.74,1.619,1,Stainless Steel,1370.5,175.019,0.1423,0.3969,1.228
D1085,4.115,53.315,41.251,7.986,0,Mild Steel,1351.9,421.757,0.5108,0.1208,0.593
D1086,3.262,51.69,81.21,9.212,2,Aluminium,102.6,103.163,1.7756,0.0629,0.921
D1087,9.046,53.196,53.228,4.606,2,Aluminium,370.6,38.771,0.0823,0.1176,2.45
D1088,6.174,58.802,96.026,1.081,2,Aluminium,188.2,79.245,0.698,0.16,1.199
D1089,3.515,61.002,61.65,2.737,1,Stainless Steel,579.9,375.028,1.0631,0.1798,0.573
D1090,7.957,71.782,44.676,9.623,0,Mild Steel,343.2,24.576,0.0169,0.3405,10.173
D1091,3.965,70.764,54.991,2.735,1,Stainless Steel,1298.4,519.481,1.0148,0.2098,0.414
D1092,6.517,57.358,68.576,7.964,1,Stainless Steel,1317.7,269.7,0.5546,0.3486,0.797
D1093,4.088,49.219,88.611,7.725,2,Aluminium,1397.2,1030.463,16.7569,0.0818,0.092
D1094,7.21,39.422,91.13,3.157,1,Stainless Steel,765.5,298.804,0.8126,0.3523,0.72
D1095,4.846,30.469,92.969,7.912,0,Mild Steel,1209.7,1094.53,5.6078,0.1832,0.228
D1096,7.855,75.088,85.607,5.715,0,Mild Steel,285.6,42.277,0.0985,0.6738,5.913
D1097,7.059,34.2,57.036,7.803,2,Aluminium,1267.6,313.987,1.1336,0.0632,0.303
D1098,8.263,59.031,83.15,1.287,2,Aluminium,688.9,141.065,0.6895,0.1862,0.673
D1099,6.656,41.243,71.305,3.248,0,Mild Steel,367.7,123.689,0.2192,0.2612,2.021
D1100,3.623,69.73,42.84,6.458,1,Stainless Steel,1019.2,328.721,0.501,0.1472,0.654
D1101,3.035,61.425,65.499,9.273,1,Stainless Steel,1373.8,1083.024,4.6601,0.1661,0.199
D1102,7.173,42.178,77.603,9.878,1,Stainless Steel,147.2,37.532,0.0916,0.3193,5.728
D1103,7.154,53.675,63.598,6.543,2,Aluminium,1069.9,189.878,0.812,0.1121,0.5
D1104,3.615,30.768,83.738,6.402,0,Mild Steel,1247.8,1792.143,10.0846,0.1243,0.139
D1105,3.09,38.398,75.659,2.174,0,Mild Steel,1281.8,2132.038,9.797,0.1198,0.117
D1106,5.856,66.387,81.866,7.433,0,Mild Steel,1063.8,276.404,0.8756,0.4247,0.904
D1107,9.036,71.422,83.914,1.768,0,Mild Steel,1424.4,199.462,0.3194,0.7227,1.253
D1108,3.975,69.067,92.925,5.739,2,Aluminium,456.4,275.269,4.8954,0.1171,0.345
D1109,7.141,53.875,66.573,7.387,2,Aluminium,1317.0,239.019,1.1481,0.1176,0.397
D1110,9.799,42.25,59.793,8.946,0,Mild Steel,783.6,88.555,0.0843,0.3304,2.823
D1111,7.508,70.919,52.68,9.251,1,Stainless Steel,1371.6,131.258,0.1385,0.3815,1.638
D1112,8.432,34.097,98.148,8.345,0,Mild Steel,328.2,100.328,0.3035,0.3766,2.492
D1113,8.909,71.976,40.359,1.37,0,Mild Steel,572.1,40.148,0.0148,0.3454,6.227
D1114,5.15,57.393,82.802,9.433,0,Mild Steel,263.3,98.372,0.3813,0.3266,2.541
D1115,5.74,67.92,69.19,5.732,0,Mild Steel,1088.3,253.714,0.5614,0.3599,0.985
D1116,7.561,74.45,85.904,7.574,1,Stainless Steel,1148.4,174.64,0.4688,0.6577,1.231
D1117,8.572,33.436,71.832,3.386,2,Aluminium,849.6,221.626,0.8667,0.0945,0.429
D1118,8.895,68.734,44.22,1.568,1,Stainless Steel,624.8,49.908,0.0231,0.3677,4.308
D1119,6.592,31.592,63.033,2.454,2,Aluminium,833.7,344.645,1.3377,0.0603,0.276
D1120,8.129,75.031,84.107,6.903,1,Stainless Steel,679.2,89.586,0.2078,0.6976,2.4
D1121,4.318,59.719,52.337,3.536,0,Mild Steel,226.4,83.319,0.135,0.1801,3.001
D1122,9.392,43.159,83.325,4.578,0,Mild Steel,1151.2,217.252,0.3726,0.4507,1.151
D1123,6.002,35.993,77.557,1.148,0,Mild Steel,983.8,573.958,1.1797,0.2236,0.436
D1124,9.867,48.176,66.282,2.948,0,Mild Steel,1024.8,134.448,0.129,0.4204,1.859
D1125,5.526,59.077,88.508,8.645,2,Aluminium,432.4,148.507,1.7429,0.1326,0.64
D1126,6.169,58.863,67.891,3.149,2,Aluminium,249.2,64.59,0.3271,0.1132,1.471
D1127,4.157,40.378,48.275,8.731,2,Aluminium,162.7,76.633,0.3657,0.0372,1.24
D1128,4.032,64.707,69.343,4.526,1,Stainless Steel,812.4,395.18,1.3235,0.2461,0.544
D1129,9.463,74.942,47.911,1.939,1,Stainless Steel,1008.1,69.729,0.0362,0.4621,3.083
D1130,7.04,79.104,72.027,6.358,1,Stainless Steel,1083.0,152.882,0.3039,0.5455,1.406
D1131,4.033,59.356,50.421,7.272,1,Stainless Steel,985.3,354.017,0.6721,0.1642,0.607
D1132,7.159,70.711,55.506,5.298,2,Aluminium,620.0,75.818,0.2369,0.129,1.253
D1133,8.723,70.24,81.946,7.372,2,Aluminium,1446.2,172.574,0.9897,0.2304,0.55
D1134,7.613,39.377,64.025,4.098,2,Aluminium,798.1,189.687,0.6988,0.0881,0.501
D1135,8.213,40.901,95.94,2.828,1,Stainless Steel,703.8,222.875,0.5685,0.4383,0.965
D1136,3.902,58.478,71.685,5.641,0,Mild Steel,192.6,109.791,0.4085,0.2183,2.277
D1137,7.988,58.446,65.078,7.889,2,Aluminium,547.3,72.148,0.2935,0.1395,1.317
D1138,7.544,56.599,54.002,4.678,1,Stainless Steel,580.8,80.388,0.078,0.3136,2.675
D1139,8.972,68.059,43.102,7.64,2,Aluminium,446.4,27.295,0.0422,0.1208,3.481
D1140,4.768,66.619,65.933,4.168,1,Stainless Steel,760.2,255.911,0.6255,0.2848,0.84
D1141,3.473,72.909,73.935,5.522,2,Aluminium,759.5,446.044,5.8243,0.0859,0.213
D1142,9.099,78.411,98.646,7.237,1,Stainless Steel,1423.9,170.364,0.4796,0.9572,1.262
D1143,6.941,45.284,60.22,3.038,2,Aluminium,306.1,74.15,0.2558,0.0869,1.281
D1144,8.608,49.672,48.22,6.992,2,Aluminium,1449.0,148.867,0.2973,0.0946,0.638
D1145,4.125,53.229,59.919,9.473,0,Mild Steel,998.6,449.921,1.1504,0.1756,0.556
D1146,4.197,44.133,91.56,5.851,1,Stainless Steel,1304.8,1093.877,6.3608,0.2307,0.197
D1147,6.224,77.741,94.508,9.887,1,Stainless Steel,1454.0,318.866,1.3573,0.6219,0.674
D1148,6.371,48.224,81.008,2.005,2,Aluminium,1328.3,506.784,3.282,0.1142,0.187
D1149,6.677,67.664,55.723,4.958,2,Aluminium,500.2,73.727,0.2491,0.1155,1.289
D1150,5.447,42.218,99.053,6.756,2,Aluminium,1364.8,782.779,11.2686,0.1046,0.121
D1151,5.521,68.626,66.979,4.654,1,Stainless Steel,308.3,76.849,0.1662,0.3452,2.798
D1152,5.512,31.369,91.078,5.933,1,Stainless Steel,139.2,98.898,0.4148,0.2142,2.174
D1153,9.443,44.431,70.711,3.436,1,Stainless Steel,217.2,35.019,0.0425,0.4035,6.14
D1154,7.372,68.186,52.113,1.005,2,Aluminium,1428.7,201.403,0.4291,0.1202,0.472
D1155,8.196,50.851,90.745,8.455,0,Mild Steel,1457.7,290.207,0.7782,0.5047,0.861
D1156,4.544,58.033,56.325,7.612,1,Stainless Steel,1232.6,402.091,0.8383,0.202,0.535
D1157,9.742,69.99,98.122,7.982,0,Mild Steel,278.6,32.213,0.0813,0.8929,7.761
D1158,5.092,52.171,48.594,6.256,2,Aluminium,1411.7,368.429,1.3634,0.0593,0.258
D1159,4.386,63.703,93.266,7.249,1,Stainless Steel,570.2,301.65,1.7834,0.3544,0.713
D1160,6.706,39.155,79.805,8.035,1,Stainless Steel,304.0,100.522,0.2712,0.285,2.139
D1161,4.006,58.404,67.207,9.731,1,Stainless Steel,136.8,66.8,0.2292,0.2138,3.219
D1162,5.271,64.683,58.686,2.434,1,Stainless Steel,1194.3,339.316,0.5281,0.2721,0.634
D1163,8.274,52.959,74.252,7.837,2,Aluminium,936.5,146.026,0.7408,0.1493,0.651
D1164,5.74,56.257,87.854,6.788,1,Stainless Steel,1220.2,422.9,1.6116,0.3858,0.508
D1165,5.557,41.752,73.219,9.758,1,Stainless Steel,1015.8,398.143,1.1535,0.231,0.54
D1166,6.203,79.973,54.685,4.937,0,Mild Steel,1215.6,170.07,0.2083,0.362,1.47
D1167,6.253,65.397,50.232,1.123,0,Mild Steel,332.2,64.023,0.0527,0.2741,3.905
D1168,5.16,57.011,53.902,9.016,1,Stainless Steel,1492.7,366.006,0.6185,0.2157,0.587
D1169,5.144,34.667,92.425,5.362,2,Aluminium,1228.3,925.534,11.912,0.0757,0.103
D1170,5.232,34.141,84.097,5.577,2,Aluminium,752.7,504.599,5.3087,0.0689,0.188
D1171,5.503,38.631,47.188,4.947,1,Stainless Steel,504.6,156.514,0.1707,0.1364,1.374
D1172,4.2,54.784,53.47,7.969,1,Stainless Steel,830.7,314.565,0.6484,0.1673,0.683
D1173,3.246,57.74,73.976,6.647,1,Stainless Steel,316.0,261.684,1.343,0.1885,0.822
D1174,3.861,59.202,46.015,6.657,0,Mild Steel,743.7,268.235,0.4254,0.1403,0.932
D1175,8.316,48.687,99.231,3.275,0,Mild Steel,745.9,196.22,0.5205,0.5362,1.274
D1176,7.265,67.424,77.15,8.163,1,Stainless Steel,935.2,149.588,0.3442,0.514,1.437
D1177,7.935,32.058,54.079,9.933,0,Mild Steel,1071.7,207.974,0.2117,0.1836,1.202
D1178,7.063,51.317,70.526,8.845,0,Mild Steel,1166.2,232.685,0.4526,0.3411,1.074
D1179,5.677,30.374,72.898,1.42,0,Mild Steel,520.0,367.357,0.725,0.1677,0.681
D1180,9.62,57.149,80.97,4.241,0,Mild Steel,988.4,132.694,0.2063,0.594,1.884
D1181,4.76,45.6,58.658,7.826,1,Stainless Steel,135.7,53.599,0.1154,0.1732,4.011
D1182,9.754,69.294,81.741,4.351,2,Aluminium,1399.4,151.85,0.6891,0.2536,0.626
D1183,7.705,51.989,97.678,1.009,2,Aluminium,847.0,269.387,1.9238,0.1796,0.353
D1184,7.052,77.592,91.639,4.033,1,Stainless Steel,1162.5,231.375,0.6813,0.682,0.929
D1185,8.199,71.44,55.147,2.322,1,Stainless Steel,327.5,35.147,0.0289,0.4393,6.117
D1186,6.554,34.962,61.878,2.447,0,Mild Steel,284.2,105.374,0.1368,0.1892,2.372
D1187,7.011,41.158,76.188,1.73,0,Mild Steel,1495.2,534.949,0.9324,0.2934,0.467
D1188,9.326,52.068,66.527,4.457,1,Stainless Steel,1168.2,148.474,0.1688,0.4393,1.448
D1189,8.729,33.134,65.402,5.509,1,Stainless Steel,912.8,194.598,0.2401,0.2573,1.105
D1190,9.003,33.509,86.492,6.677,0,Mild Steel,1138.9,289.456,0.6028,0.3482,0.864
D1191,8.882,57.665,75.107,6.299,1,Stainless Steel,1427.4,189.679,0.3102,0.5232,1.133
D1192,3.225,66.165,40.575,7.364,0,Mild Steel,975.5,391.755,0.5875,0.1155,0.638
D1193,7.194,59.318,82.822,1.775,0,Mild Steel,1378.3,353.236,0.709,0.4717,0.708
D1194,7.321,37.322,58.177,3.845,2,Aluminium,997.2,246.782,0.7771,0.073,0.385
D1195,3.134,47.54,82.846,8.457,1,Stainless Steel,531.8,642.492,4.2829,0.1679,0.335
D1196,4.604,37.782,74.964,4.108,1,Stainless Steel,103.7,74.776,0.2456,0.1773,2.875
D1197,9.074,46.495,66.654,4.013,2,Aluminium,1232.1,188.008,0.6089,0.1291,0.505
D1198,7.562,76.81,90.731,4.343,2,Aluminium,1060.0,183.372,1.3818,0.2419,0.518
D1199,7.674,56.193,87.988,2.8,2,Aluminium,1481.9,355.752,2.304,0.1742,0.267
D1200,9.423,75.074,59.538,6.868,1,Stainless Steel,629.8,45.046,0.0439,0.5728,4.773
D1201,4.763,57.489,65.469,7.309,2,Aluminium,1188.6,418.827,3.112,0.0823,0.227
D1202,3.648,63.303,87.414,5.257,1,Stainless Steel,1356.4,997.216,6.1125,0.2745,0.216
D1203,3.993,59.243,90.568,8.226,2,Aluminium,925.1,604.01,10.5638,0.0983,0.157
D1204,9.703,66.548,76.158,4.363,2,Aluminium,1430.6,151.97,0.6026,0.2257,0.625
D1205,5.152,35.001,44.75,2.552,1,Stainless Steel,1110.3,459.854,0.4309,0.1097,0.468
D1206,9.286,64.768,54.471,4.989,2,Aluminium,542.1,44.81,0.0979,0.1504,2.12
D1207,6.585,55.805,42.747,4.856,1,Stainless Steel,185.1,26.128,0.0188,0.2136,8.229
D1208,3.312,31.551,90.421,6.754,2,Aluminium,733.8,1305.106,27.426,0.0434,0.073
D1209,4.989,63.86,75.067,1.268,0,Mild Steel,437.8,195.793,0.4671,0.3191,1.277
D1210,8.17,53.156,69.111,7.931,2,Aluminium,446.8,65.962,0.295,0.1378,1.44
D1211,8.079,57.285,42.822,5.494,1,Stainless Steel,1193.7,110.941,0.0643,0.2695,1.938
D1212,6.821,61.409,67.221,9.736,2,Aluminium,698.1,116.528,0.6309,0.1292,0.815
D1213,9.592,44.406,77.702,7.609,1,Stainless Steel,643.4,96.4,0.1596,0.4501,2.23
D1214,9.958,49.835,92.785,1.471,2,Aluminium,599.2,112.11,0.5638,0.2114,0.847
D1215,9.082,57.989,78.016,2.042,0,Mild Steel,931.7,145.854,0.2037,0.5483,1.714
D1216,5.187,70.634,55.716,3.574,0,Mild Steel,426.5,101.199,0.1496,0.2724,2.47
D1217,8.449,59.34,70.269,2.195,1,Stainless Steel,864.1,135.392,0.1736,0.4791,1.588
D1218,4.798,43.195,51.853,7.92,2,Aluminium,1290.9,468.075,2.187,0.0493,0.203
D1219,4.959,50.529,41.721,3.55,2,Aluminium,1414.0,381.568,0.9664,0.048,0.249
D1220,4.782,34.709,86.146,2.455,1,Stainless Steel,1432.8,1328.863,5.0025,0.1944,0.162
D1221,7.63,39.178,58.122,9.872,1,Stainless Steel,1020.0,187.198,0.2385,0.2363,1.149
D1222,9.706,65.9,48.542,2.924,1,Stainless Steel,506.1,36.697,0.0199,0.4223,5.859
D1223,6.178,33.996,70.729,9.599,2,Aluminium,690.4,263.761,1.7667,0.0682,0.36
D1224,5.55,40.806,72.134,9.318,1,Stainless Steel,1488.0,592.551,1.6595,0.2222,0.363
D1225,8.146,45.386,53.108,3.213,1,Stainless Steel,960.1,151.083,0.1215,0.267,1.423
D1226,8.8,69.188,46.588,2.261,2,Aluminium,805.6,66.245,0.1002,0.1302,1.434
D1227,7.744,66.484,52.099,5.631,0,Mild Steel,115.9,12.129,0.0106,0.358,20.612
D1228,5.524,59.15,96.854,5.113,2,Aluminium,960.3,394.119,5.0733,0.1453,0.241
D1229,9.301,75.478,47.703,4.347,0,Mild Steel,622.0,39.46,0.0222,0.4469,6.336
D1230,7.065,34.352,68.328,4.33,0,Mild Steel,645.8,212.966,0.3402,0.2213,1.174
D1231,3.132,42.263,89.616,7.337,2,Aluminium,1122.2,1651.821,36.0618,0.0544,0.058
D1232,6.514,67.065,77.295,1.133,2,Aluminium,133.1,35.548,0.1922,0.155,2.672
D1233,7.116,69.074,51.372,9.686,2,Aluminium,1405.4,147.468,0.4437,0.1159,0.644
D1234,3.992,51.434,84.046,1.484,2,Aluminium,1028.6,949.895,10.8214,0.0792,0.1
D1235,7.729,58.596,88.055,9.281,1,Stainless Steel,1373.0,251.903,0.7181,0.5424,0.854
D1236,8.715,70.653,67.62,3.852,1,Stainless Steel,699.6,77.27,0.0959,0.5662,2.782
D1237,7.178,54.715,67.518,5.182,0,Mild Steel,643.1,123.583,0.1957,0.3539,2.023
D1238,7.693,32.943,57.109,6.953,0,Mild Steel,996.1,224.153,0.2474,0.1931,1.115
D1239,5.188,56.619,94.742,9.945,0,Mild Steel,647.4,275.128,1.3924,0.3714,0.909
D1240,5.288,65.212,98.21,8.262,0,Mild Steel,1334.5,503.266,2.6213,0.452,0.497
D1241,3.87,64.465,78.369,9.893,1,Stainless Steel,561.1,310.116,1.498,0.2659,0.693
D1242,9.699,66.946,53.557,9.491,2,Aluminium,844.8,54.368,0.1232,0.1596,1.747
D1243,9.997,43.053,58.223,7.945,2,Aluminium,356.4,37.98,0.0948,0.115,2.501
D1244,3.07,69.625,63.248,1.828,1,Stainless Steel,1436.0,1151.673,3.7387,0.1838,0.187
D1245,5.098,70.868,75.921,3.939,2,Aluminium,1181.5,385.622,3.1922,0.1259,0.246
D1246,4.951,79.165,61.38,5.928,2,Aluminium,1319.8,304.587,1.8411,0.1104,0.312
D1247,7.735,43.255,94.686,3.133,2,Aluminium,1387.1,451.052,3.41,0.1454,0.211
D1248,5.132,78.526,60.788,8.958,1,Stainless Steel,820.6,166.561,0.3599,0.3332,1.291
D1249,8.963,77.578,75.772,2.818,0,Mild Steel,1350.7,151.417,0.2104,0.7031,1.651
D1250,3.273,66.111,85.48,5.652,2,Aluminium,1440.5,1202.408,22.5049,0.0849,0.079
D1251,6.987,52.418,74.795,9.814,0,Mild Steel,781.3,162.359,0.3656,0.3656,1.54
D1252,9.17,59.773,71.943,1.343,1,Stainless Steel,880.6,125.684,0.1474,0.5363,1.711
D1253,8.659,68.769,97.251,7.281,0,Mild Steel,1459.0,214.366,0.6011,0.7728,1.166
D1254,4.747,41.109,58.95,6.135,2,Aluminium,1428.3,654.718,3.8564,0.0528,0.145
D1255,5.714,31.538,66.189,5.468,1,Stainless Steel,627.5,306.55,0.641,0.1622,0.701
D1256,5.198,42.648,91.196,4.676,0,Mild Steel,235.2,143.129,0.5956,0.2698,1.747
D1257,9.576,35.327,61.787,8.619,0,Mild Steel,650.5,95.395,0.0989,0.2789,2.621
D1258,4.458,30.745,85.888,7.602,1,Stainless Steel,1365.6,1329.399,6.5833,0.1601,0.162
D1259,7.517,52.581,61.577,4.01,1,Stainless Steel,1391.6,244.79,0.3015,0.331,0.878
D1260,6.518,66.872,67.172,2.263,2,Aluminium,726.1,156.116,0.6888,0.1344,0.609
D1261,8.646,56.725,68.782,2.866,0,Mild Steel,1369.9,203.417,0.2432,0.4502,1.229
D1262,6.603,64.583,84.33,8.838,2,Aluminium,544.2,116.736,1.0173,0.1651,0.814
D1263,6.4,75.102,92.609,4.558,1,Stainless Steel,554.5,134.257,0.4636,0.6054,1.601
D1264,5.731,73.725,61.364,5.323,2,Aluminium,1301.3,252.066,1.2563,0.119,0.377
D1265,6.672,45.976,81.33,1.864,0,Mild Steel,1223.2,455.089,0.9638,0.3329,0.549
D1266,7.406,59.872,52.377,3.775,0,Mild Steel,745.1,101.677,0.0881,0.3099,2.459
D1267,3.051,72.78,62.77,6.516,0,Mild Steel,397.4,250.698,0.9509,0.186,0.997
D1268,3.036,34.346,75.804,4.134,1,Stainless Steel,494.9,846.731,4.649,0.1075,0.254
D1269,5.016,67.611,98.489,3.766,2,Aluminium,1430.2,659.248,9.282,0.1533,0.144
D1270,5.049,50.22,89.191,7.2,0,Mild Steel,1483.8,733.492,3.2581,0.3018,0.341
D1271,6.638,34.981,70.243,8.95,1,Stainless Steel,1429.9,466.367,1.0041,0.2218,0.461
D1272,5.932,43.047,64.901,4.25,0,Mild Steel,505.0,173.825,0.3072,0.2212,1.438
D1273,9.237,70.504,64.846,6.315,2,Aluminium,784.9,68.594,0.2233,0.1938,1.385
D1274,4.888,79.026,97.874,3.632,2,Aluminium,1226.0,506.959,7.2193,0.1735,0.187
D1275,3.375,40.089,76.744,2.028,2,Aluminium,397.8,555.181,6.7618,0.0477,0.171
D1276,8.524,32.197,96.809,3.1,2,Aluminium,213.3,79.729,0.5625,0.122,1.192
D1277,4.017,35.591,55.88,8.384,1,Stainless Steel,746.8,494.785,1.1707,0.1086,0.435
D1278,6.11,55.897,56.354,9.23,2,Aluminium,1336.4,253.959,1.0877,0.0883,0.374
D1279,6.125,62.174,67.788,6.335,0,Mild Steel,1346.1,293.061,0.5871,0.3445,0.853
D1280,3.444,79.152,65.534,9.976,2,Aluminium,822.2,390.748,4.1483,0.082,0.243
D1281,4.225,76.158,97.096,6.856,2,Aluminium,517.1,257.401,4.7786,0.1434,0.369
D1282,5.637,55.1,60.877,4.151,2,Aluminium,249.5,69.328,0.3307,0.0868,1.37
D1283,7.528,31.092,41.435,5.034,1,Stainless Steel,1230.8,235.624,0.1368,0.1319,0.912
D1284,5.166,52.896,40.202,7.34,2,Aluminium,1343.0,271.536,0.6938,0.0504,0.35
D1285,3.578,74.155,57.308,1.542,1,Stainless Steel,1355.5,720.194,1.557,0.2068,0.299
D1286,4.053,30.329,70.571,4.945,0,Mild Steel,279.7,288.235,0.9739,0.1158,0.867
D1287,9.08,52.996,89.763,1.996,2,Aluminium,863.4,170.657,0.9126,0.1983,0.557
D1288,7.367,67.795,66.264,2.901,0,Mild Steel,1389.5,223.357,0.2983,0.4417,1.119
D1289,6.305,48.511,45.414,4.156,0,Mild Steel,889.5,171.007,0.1371,0.1854,1.462
D1290,5.496,78.893,85.978,7.304,1,Stainless Steel,459.9,118.998,0.4625,0.507,1.807
D1291,7.299,78.167,71.638,2.398,0,Mild Steel,700.1,110.394,0.1694,0.5454,2.265
D1292,9.782,35.775,83.179,8.028,2,Aluminium,895.6,170.308,0.8923,0.1336,0.558
D1293,3.971,73.643,65.059,6.58,1,Stainless Steel,212.7,82.801,0.2632,0.2588,2.597
D1294,8.13,49.968,88.591,1.524,0,Mild Steel,342.0,89.626,0.1771,0.4803,2.789
D1295,8.272,45.494,94.084,1.012,2,Aluminium,1136.5,346.811,2.131,0.1625,0.274
D1296,5.36,30.722,57.215,1.383,1,Stainless Steel,1327.7,813.407,1.0892,0.1281,0.264
D1297,5.357,77.295,53.73,6.139,0,Mild Steel,451.1,80.359,0.1178,0.2969,3.111
D1298,5.12,61.717,64.04,2.111,2,Aluminium,1332.3,467.44,2.4491,0.0929,0.203
D1299,5.364,48.263,88.002,8.695,1,Stainless Steel,502.4,221.87,0.9526,0.3099,0.969
D1300,8.758,53.436,52.762,2.715,0,Mild Steel,1419.2,168.772,0.1161,0.3295,1.481
D1301,5.33,78.077,92.661,5.284,2,Aluminium,1417.2,446.987,5.5296,0.177,0.213
D1302,8.425,64.951,82.107,9.124,1,Stainless Steel,148.8,19.689,0.044,0.611,10.92
D1303,8.504,53.589,61.538,8.96,2,Aluminium,842.2,99.839,0.3453,0.1287,0.952
D1304,8.521,45.093,66.092,4.139,2,Aluminium,386.1,67.235,0.2316,0.1166,1.413
D1305,6.494,31.716,86.367,9.98,1,Stainless Steel,284.4,128.895,0.4371,0.2419,1.668
D1306,5.622,68.507,93.724,9.439,2,Aluminium,824.6,247.638,3.2326,0.1657,0.384
D1307,3.939,78.69,99.872,1.792,0,Mild Steel,1253.8,894.566,5.1938,0.4131,0.279
D1308,4.097,31.009,87.225,3.413,0,Mild Steel,1484.4,1940.952,9.2364,0.1479,0.129
D1309,8.201,53.498,54.773,3.982,1,Stainless Steel,196.5,25.81,0.0227,0.3268,8.33
D1310,7.923,37.35,80.673,4.538,2,Aluminium,901.0,259.788,1.4765,0.1096,0.366
D1311,8.242,74.438,41.106,8.133,1,Stainless Steel,752.6,46.231,0.026,0.343,4.651
D1312,9.413,74.011,77.714,1.378,1,Stainless Steel,155.1,18.329,0.0244,0.7363,11.73
D1313,3.783,64.496,71.391,5.173,2,Aluminium,498.3,275.15,3.0093,0.08,0.345
D1314,6.871,30.104,94.354,1.728,2,Aluminium,1432.0,901.155,7.1394,0.0896,0.105
D1315,3.381,46.145,61.124,8.159,2,Aluminium,1408.0,1110.835,10.4502,0.0438,0.086
D1316,6.155,35.436,59.431,9.626,0,Mild Steel,614.9,190.641,0.3125,0.173,1.311
D1317,9.331,39.794,76.555,6.445,2,Aluminium,619.3,110.699,0.4982,0.1305,0.858
D1318,4.415,69.98,59.164,2.991,1,Stainless Steel,302.0,106.37,0.2152,0.2486,2.021
D1319,3.866,34.973,89.735,8.287,1,Stainless Steel,249.8,291.965,1.8509,0.165,0.736
D1320,4.384,43.578,81.001,6.204,1,Stainless Steel,384.6,264.217,1.1538,0.2105,0.814
D1321,4.548,32.469,61.357,3.531,0,Mild Steel,434.4,313.904,0.6568,0.1209,0.796
D1322,9.01,43.681,42.421,7.584,0,Mild Steel,123.2,11.482,0.0059,0.2228,21.773
D1323,7.227,46.107,77.434,8.716,1,Stainless Steel,838.6,196.529,0.4637,0.3509,1.094
D1324,3.143,73.276,48.75,4.717,2,Aluminium,1414.8,671.161,4.1782,0.0515,0.142
D1325,4.628,38.927,41.608,4.551,2,Aluminium,477.7,180.22,0.5168,0.0344,0.527
D1326,7.942,45.944,98.253,4.483,0,Mild Steel,146.6,41.746,0.1208,0.4784,5.989
D1327,7.755,30.599,41.585,4.387,2,Aluminium,611.1,115.967,0.1785,0.0453,0.819
D1328,8.903,63.689,76.856,2.935,0,Mild Steel,1249.6,174.269,0.2524,0.5816,1.435
D1329,6.885,73.432,75.71,7.881,2,Aluminium,210.7,33.704,0.2212,0.1757,2.819
D1330,4.974,74.429,48.556,5.178,1,Stainless Steel,1479.2,291.814,0.3832,0.2445,0.737
D1331,4.623,36.56,52.076,1.717,1,Stainless Steel,1187.7,712.825,0.9623,0.1197,0.302
D1332,5.704,43.884,58.384,5.335,2,Aluminium,989.4,308.79,1.4015,0.0671,0.308
D1333,9.931,45.621,94.958,3.09,1,Stainless Steel,339.3,66.127,0.1348,0.5851,3.251
D1334,6.022,44.472,44.29,8.221,2,Aluminium,1185.0,232.456,0.6147,0.0544,0.409
D1335,8.455,67.127,86.002,6.691,1,Stainless Steel,1227.1,173.319,0.3987,0.6639,1.24
D1336,5.072,40.286,99.569,8.051,2,Aluminium,434.2,291.545,4.7275,0.0934,0.326
D1337,3.398,68.291,68.049,5.607,1,Stainless Steel,1016.9,610.226,2.4785,0.2148,0.352
D1338,5.905,54.181,96.449,6.241,0,Mild Steel,1436.3,547.143,2.3109,0.4118,0.457
D1339,8.745,30.439,95.645,9.631,2,Aluminium,773.3,235.27,1.9267,0.1169,0.404
D1340,4.449,45.197,96.987,3.854,1,Stainless Steel,1103.9,927.129,5.2456,0.2652,0.232
D1341,3.386,47.394,45.532,5.502,1,Stainless Steel,375.4,219.151,0.3991,0.0994,0.981
D1342,6.319,48.588,64.15,9.904,0,Mild Steel,1462.7,338.589,0.63,0.2628,0.738
D1343,3.099,59.011,62.028,8.924,0,Mild Steel,641.1,477.695,1.7419,0.1514,0.523
D1344,7.47,74.713,55.086,9.864,1,Stainless Steel,1189.9,112.868,0.1323,0.4181,1.905
D1345,8.907,54.096,73.139,9.942,0,Mild Steel,416.6,52.437,0.0853,0.4703,4.768
D1346,7.967,46.35,98.545,5.544,2,Aluminium,855.8,231.621,2.0259,0.167,0.41
D1347,7.932,55.915,89.55,5.583,2,Aluminium,133.0,27.291,0.1984,0.1823,3.481
D1348,9.734,54.2,96.417,9.405,2,Aluminium,1398.0,199.105,1.4531,0.2335,0.477
D1349,9.617,59.166,95.643,5.21,2,Aluminium,942.2,139.38,0.9081,0.2498,0.682
D1350,9.158,63.314,45.226,4.509,1,Stainless Steel,1282.5,94.005,0.0506,0.3567,2.287
D1351,4.8,58.707,89.707,8.191,0,Mild Steel,1217.6,559.125,2.7071,0.3374,0.447
D1352,7.26,46.132,42.209,3.496,1,Stainless Steel,403.2,60.466,0.0356,0.1923,3.556
D1353,3.084,68.914,93.293,1.386,1,Stainless Steel,1418.2,1764.373,11.8072,0.2697,0.122
D1354,4.854,55.922,52.27,3.065,2,Aluminium,649.3,211.942,0.8404,0.0651,0.448
D1355,9.374,35.474,67.534,3.308,0,Mild Steel,177.7,34.935,0.0375,0.2997,7.156
D1356,5.664,52.846,66.057,3.977,1,Stainless Steel,835.1,262.452,0.5196,0.2689,0.819
D1357,4.801,71.996,97.785,1.498,1,Stainless Steel,1240.3,674.46,3.0161,0.4597,0.319
D1358,4.926,41.265,43.939,7.587,0,Mild Steel,266.6,82.111,0.0917,0.1192,3.045
D1359,6.53,52.377,43.051,4.491,0,Mild Steel,1100.0,171.672,0.1203,0.1965,1.456
D1360,6.267,32.372,75.23,7.978,1,Stainless Steel,295.1,126.121,0.3268,0.2076,1.705
D1361,5.37,75.733,92.65,4.459,0,Mild Steel,737.3,244.285,1.0002,0.5028,1.023
D1362,6.636,41.625,59.621,9.913,0,Mild Steel,456.5,104.629,0.1591,0.2198,2.389
D1363,5.962,43.087,78.336,6.675,1,Stainless Steel,1334.1,503.78,1.4555,0.2737,0.427
D1364,9.849,68.804,56.474,1.405,0,Mild Steel,591.7,50.026,0.0324,0.5107,4.997
D1365,9.902,44.761,91.354,1.664,1,Stainless Steel,1481.4,304.134,0.5385,0.5507,0.707
D1366,4.108,50.93,76.926,8.476,0,Mild Steel,1124.6,685.36,2.8998,0.2148,0.365
D1367,3.198,46.374,70.873,2.962,0,Mild Steel,222.2,253.946,1.0432,0.1403,0.984
D1368,4.82,44.199,71.228,2.188,1,Stainless Steel,311.7,188.684,0.4718,0.2064,1.139
D1369,5.757,49.72,59.899,2.173,2,Aluminium,401.1,130.992,0.5268,0.0787,0.725
D1370,9.485,46.288,51.251,7.809,1,Stainless Steel,1211.1,116.585,0.0856,0.306,1.844
D1371,9.341,30.906,66.559,8.552,2,Aluminium,226.8,42.904,0.1539,0.0882,2.214
D1372,3.938,61.568,63.756,2.105,1,Stainless Steel,380.0,215.306,0.543,0.2102,0.999
D1373,9.064,63.031,60.711,5.714,1,Stainless Steel,941.3,90.828,0.093,0.4717,2.367
D1374,7.362,40.585,48.795,4.361,1,Stainless Steel,867.6,160.27,0.129,0.1983,1.341
D1375,6.874,34.234,42.107,7.033,2,Aluminium,1049.1,204.945,0.4083,0.0455,0.464
D1376,5.801,42.71,81.66,9.083,2,Aluminium,439.9,174.997,1.6658,0.0929,0.543
D1377,4.375,64.803,99.587,3.567,2,Aluminium,234.4,147.502,2.4738,0.1296,0.644
D1378,7.207,45.106,80.017,1.579,2,Aluminium,141.0,46.34,0.248,0.1194,2.05
D1379,8.487,62.387,84.999,5.496,1,Stainless Steel,310.0,48.016,0.1034,0.6121,4.478
D1380,8.684,59.181,76.408,8.998,1,Stainless Steel,753.5,96.601,0.1798,0.534,2.226
D1381,8.717,37.965,93.524,4.67,2,Aluminium,520.4,143.08,0.9814,0.1421,0.664
D1382,5.18,38.463,45.714,3.81,0,Mild Steel,898.5,318.114,0.3211,0.1215,0.786
D1383,4.343,55.234,92.876,1.92,1,Stainless Steel,607.7,474.803,2.2302,0.303,0.453
D1384,3.22,42.087,86.996,8.387,2,Aluminium,1053.2,1429.786,28.6116,0.0541,0.066
D1385,8.802,63.442,78.167,7.859,1,Stainless Steel,142.2,17.413,0.0325,0.5936,12.347
D1386,9.223,51.387,58.661,8.27,0,Mild Steel,1259.5,130.057,0.1261,0.371,1.922
D1387,7.79,33.123,66.501,9.374,1,Stainless Steel,128.1,30.896,0.0499,0.2334,6.959
D1388,7.905,68.161,98.577,2.919,0,Mild Steel,420.2,87.678,0.2392,0.7088,2.851
D1389,9.844,50.235,55.353,2.558,2,Aluminium,1073.7,115.318,0.2203,0.1256,0.824
D1390,3.377,59.423,59.611,5.288,2,Aluminium,607.4,374.078,3.2595,0.0549,0.254
D1391,6.216,59.38,41.295,2.514,0,Mild Steel,853.3,136.505,0.0842,0.2034,1.831
D1392,3.501,71.347,77.073,6.999,1,Stainless Steel,695.6,417.555,2.1567,0.2618,0.515
D1393,7.354,67.368,96.933,8.811,2,Aluminium,293.2,56.917,0.5778,0.2204,1.669
D1394,3.752,55.845,42.758,5.539,2,Aluminium,663.5,254.672,1.019,0.0411,0.373
D1395,8.918,68.856,77.257,9.874,0,Mild Steel,1166.4,121.729,0.2202,0.6331,2.054
D1396,6.304,55.662,86.234,9.313,1,Stainless Steel,735.4,202.349,0.7009,0.4115,1.063
D1397,8.317,35.87,84.925,3.474,1,Stainless Steel,1255.2,379.96,0.772,0.3446,0.566
D1398,7.021,63.094,67.659,6.78,1,Stainless Steel,1163.4,191.998,0.342,0.4076,1.12
D1399,3.999,76.467,45.137,8.995,0,Mild Steel,1473.2,370.176,0.5539,0.1842,0.675
D1400,3.07,30.483,74.723,6.406,0,Mild Steel,170.1,301.152,1.6087,0.0933,0.83
D1401,9.785,64.441,42.585,6.026,2,Aluminium,731.4,41.738,0.0542,0.1232,2.276
D1402,3.701,62.432,84.987,7.097,0,Mild Steel,798.7,542.759,3.0989,0.262,0.461
D1403,3.197,45.55,60.1,3.564,0,Mild Steel,346.3,330.296,1.01,0.1168,0.757
D1404,3.58,37.286,93.844,4.964,0,Mild Steel,335.6,469.651,3.2434,0.1672,0.532
D1405,8.239,73.01,89.184,9.411,0,Mild Steel,1130.9,149.733,0.393,0.7159,1.67
D1406,3.467,38.984,82.489,6.019,0,Mild Steel,785.2,955.269,5.4262,0.1488,0.262
D1407,7.423,62.298,77.569,4.324,1,Stainless Steel,1227.8,231.773,0.4662,0.4878,0.928
D1408,3.953,68.799,96.463,1.805,2,Aluminium,1441.2,1127.572,17.6531,0.1204,0.084
D1409,3.003,63.218,81.039,1.909,0,Mild Steel,1438.7,1680.549,8.9424,0.2053,0.149
D1410,4.712,77.526,42.372,1.346,0,Mild Steel,1493.2,343.123,0.2801,0.2066,0.729
D1411,6.781,39.118,84.072,1.982,0,Mild Steel,1093.4,475.695,1.0652,0.2976,0.526
D1412,6.581,31.791,41.234,8.091,1,Stainless Steel,434.8,94.592,0.0697,0.1173,2.273
D1413,8.594,44.42,70.897,3.135,0,Mild Steel,1379.5,269.19,0.3487,0.3612,0.929
D1414,9.171,76.613,92.981,5.794,2,Aluminium,1389.2,164.922,1.0953,0.2999,0.576
D1415,8.08,70.668,45.888,1.375,1,Stainless Steel,167.8,16.448,0.009,0.3563,13.071
D1416,9.677,41.728,94.324,3.714,2,Aluminium,968.0,209.39,1.2453,0.1748,0.454
D1417,8.656,55.552,79.374,3.655,1,Stainless Steel,310.7,52.306,0.0894,0.5191,4.11
D1418,6.549,68.773,70.765,6.176,1,Stainless Steel,1490.1,272.407,0.5665,0.4335,0.789
D1419,5.535,65.894,97.146,4.075,2,Aluminium,1153.2,443.541,5.4858,0.1626,0.214
D1420,5.797,77.085,59.808,5.924,1,Stainless Steel,889.9,154.236,0.2628,0.3635,1.394
D1421,4.555,71.277,72.417,4.645,2,Aluminium,1128.1,414.855,3.6871,0.1079,0.229
D1422,6.961,50.444,53.793,5.71,2,Aluminium,200.2,34.49,0.1062,0.0867,2.754
D1423,7.024,75.184,72.824,9.205,1,Stainless Steel,1438.5,203.017,0.442,0.523,1.059
D1424,9.519,53.296,88.82,4.317,2,Aluminium,594.6,95.445,0.5255,0.2068,0.995
D1425,7.226,73.07,48.905,9.781,0,Mild Steel,1172.3,107.461,0.0995,0.3446,2.326
D1426,9.737,51.657,52.258,1.821,2,Aluminium,439.3,45.808,0.0762,0.1206,2.074
D1427,7.514,68.243,74.39,3.526,2,Aluminium,1316.8,220.588,1.0853,0.1751,0.431
D1428,3.772,65.599,59.533,7.256,2,Aluminium,272.2,118.653,0.9457,0.0676,0.801
D1429,3.855,64.223,99.079,2.816,0,Mild Steel,744.6,618.749,3.9373,0.3273,0.404
D1430,4.262,36.247,90.259,2.725,2,Aluminium,927.8,1044.274,14.0957,0.064,0.091
D1431,3.779,77.913,91.036,3.193,1,Stainless Steel,652.5,415.473,2.4265,0.3645,0.517
D1432,5.554,78.091,90.401,3.008,0,Mild Steel,707.0,224.563,0.7808,0.5232,1.113
D1433,8.134,45.016,59.781,8.031,0,Mild Steel,825.5,125.174,0.1456,0.2921,1.997
D1434,7.633,45.953,51.998,4.104,1,Stainless Steel,807.0,132.814,0.115,0.2481,1.619
D1435,4.508,45.585,85.075,3.103,0,Mild Steel,652.9,485.323,1.9247,0.2333,0.515
D1436,8.142,71.009,40.06,3.371,0,Mild Steel,402.3,30.323,0.0135,0.3091,8.245
D1437,5.116,78.006,56.588,9.78,1,Stainless Steel,250.6,47.496,0.0901,0.3072,4.527
D1438,4.238,32.557,50.928,5.341,1,Stainless Steel,855.3,538.752,0.9445,0.0956,0.399
D1439,7.873,44.287,84.753,7.474,0,Mild Steel,215.4,50.625,0.1214,0.3943,4.938
D1440,9.978,73.949,42.377,4.624,2,Aluminium,939.2,47.015,0.0564,0.1435,2.021
D1441,7.008,78.427,75.328,2.332,2,Aluminium,537.5,96.183,0.4935,0.19,0.988
D1442,8.417,41.215,68.836,3.961,1,Stainless Steel,457.4,93.516,0.1258,0.3248,2.299
D1443,7.341,48.272,44.6,9.968,2,Aluminium,163.3,20.017,0.044,0.0725,4.746
D1444,5.069,40.533,47.059,2.695,1,Stainless Steel,722.7,277.278,0.2956,0.1315,0.775
D1445,4.79,73.208,82.45,8.499,0,Mild Steel,712.7,241.14,0.9928,0.3859,1.037
D1446,3.403,75.44,55.92,4.42,0,Mild Steel,1177.4,542.531,1.3851,0.1916,0.461
D1447,7.463,34.268,78.782,7.832,2,Aluminium,633.5,195.352,1.2608,0.0925,0.486
D1448,4.175,44.866,56.36,2.306,2,Aluminium,1441.8,876.412,4.5833,0.0485,0.108
D1449,9.33,62.917,94.604,2.084,2,Aluminium,990.8,164.377,0.9517,0.2549,0.578
D1450,3.794,76.161,47.546,5.063,0,Mild Steel,1012.6,314.801,0.5234,0.1833,0.794
D1451,8.938,32.645,92.538,5.899,0,Mild Steel,704.1,203.882,0.4787,0.3603,1.226
D1452,6.13,77.076,75.545,4.971,0,Mild Steel,1290.5,264.032,0.6267,0.4763,0.947
D1453,9.272,45.412,99.837,6.562,0,Mild Steel,575.8,118.581,0.3166,0.561,2.108
D1454,9.776,60.017,98.78,2.977,0,Mild Steel,169.9,27.095,0.0584,0.7734,9.227
D1455,7.539,61.941,76.492,1.349,1,Stainless Steel,581.1,123.883,0.2031,0.4858,1.736
D1456,5.026,31.686,75.044,2.099,0,Mild Steel,540.8,448.449,1.1362,0.1595,0.557
D1457,5.596,69.409,63.194,8.293,2,Aluminium,608.8,124.867,0.7322,0.1127,0.761
D1458,6.948,58.132,91.695,2.137,1,Stainless Steel,924.0,279.197,0.7572,0.5037,0.77
D1459,7.404,31.417,42.87,3.282,0,Mild Steel,1297.7,282.965,0.1604,0.1331,0.884
D1460,9.012,62.623,73.407,7.739,1,Stainless Steel,179.1,20.052,0.032,0.5634,10.722
D1461,8.219,43.653,55.901,8.988,2,Aluminium,1060.3,149.039,0.4431,0.0921,0.637
D1462,5.736,49.129,71.443,2.06,0,Mild Steel,870.7,348.268,0.6848,0.2687,0.718
D1463,3.116,63.127,65.435,9.126,0,Mild Steel,175.2,127.409,0.5143,0.1717,1.962
D1464,7.842,44.501,72.076,9.769,0,Mild Steel,1463.5,279.357,0.5106,0.3357,0.895
D1465,3.364,64.22,75.671,7.289,2,Aluminium,1403.5,995.092,14.4211,0.075,0.095
D1466,8.068,75.45,49.907,4.115,0,Mild Steel,111.9,9.73,0.007,0.4054,25.694
D1467,8.87,76.301,58.8,9.345,1,Stainless Steel,1252.4,91.57,0.0991,0.5412,2.348
D1468,4.738,31.024,90.394,2.728,1,Stainless Steel,443.9,482.35,2.0598,0.1807,0.446
D1469,9.098,47.037,73.013,8.713,2,Aluminium,1322.4,188.449,0.8425,0.1434,0.504
D1470,5.799,59.677,97.63,4.582,0,Mild Steel,990.1,379.718,1.5832,0.4509,0.658
D1471,7.402,72.018,77.525,7.461,2,Aluminium,371.7,54.974,0.3438,0.1897,1.728
D1472,7.038,52.123,91.622,4.119,2,Aluminium,1473.5,436.356,3.6149,0.1543,0.218
D1473,6.292,37.662,57.605,8.114,1,Stainless Steel,746.2,207.761,0.3151,0.1857,1.035
D1474,6.883,47.778,63.643,2.636,0,Mild Steel,772.0,194.563,0.2554,0.2793,1.285
D1475,6.441,51.332,60.19,9.756,2,Aluminium,947.7,188.394,0.8735,0.0913,0.504
D1476,4.632,70.309,71.777,2.293,0,Mild Steel,458.6,187.602,0.4853,0.312,1.333
D1477,5.013,35.106,85.289,9.609,1,Stainless Steel,1118.0,739.058,3.2512,0.2041,0.291
D1478,6.836,47.565,62.378,4.667,1,Stainless Steel,236.0,53.703,0.0781,0.2759,4.004
D1479,9.381,32.45,67.861,6.665,0,Mild Steel,656.1,125.468,0.1531,0.2757,1.993
D1480,4.532,48.216,80.664,5.757,1,Stainless Steel,138.4,81.468,0.3356,0.2397,2.639
D1481,5.326,71.877,95.616,1.789,0,Mild Steel,1476.9,632.851,2.3777,0.4885,0.395
D1482,3.063,42.77,89.169,3.136,0,Mild Steel,1115.8,1860.712,12.8729,0.1559,0.134
D1483,9.522,72.153,50.079,7.526,0,Mild Steel,791.4,47.765,0.0319,0.4591,5.234
D1484,9.89,54.678,94.049,3.055,0,Mild Steel,1047.2,170.221,0.3294,0.6787,1.469
D1485,9.94,32.728,42.949,6.729,1,Stainless Steel,1320.3,142.429,0.0675,0.19,1.51
D1486,3.963,67.09,81.314,8.629,2,Aluminium,924.3,485.729,6.8997,0.0992,0.196
D1487,6.381,41.764,92.311,4.922,0,Mild Steel,896.6,385.484,1.2998,0.3283,0.649
D1488,7.029,57.529,42.348,4.805,0,Mild Steel,577.4,69.747,0.0439,0.2285,3.584
D1489,3.935,58.662,87.151,7.753,0,Mild Steel,189.6,124.01,0.702,0.2685,2.016
D1490,6.409,47.664,40.116,6.801,1,Stainless Steel,603.0,92.103,0.0643,0.1667,2.334
D1491,4.092,33.007,88.523,3.661,0,Mild Steel,1013.4,1249.579,6.2182,0.1595,0.2
D1492,4.359,69.673,91.002,2.326,1,Stainless Steel,1149.8,670.841,3.1129,0.3758,0.32
D1493,9.032,36.644,65.272,2.114,0,Mild Steel,874.5,182.475,0.1801,0.2883,1.37
D1494,3.174,76.328,93.146,7.029,0,Mild Steel,365.6,301.59,2.4218,0.3011,0.829
D1495,8.204,74.352,53.58,6.072,1,Stainless Steel,1161.9,99.335,0.0902,0.4445,2.164
D1496,8.336,72.665,45.841,4.687,1,Stainless Steel,984.3,75.119,0.0467,0.3776,2.862
D1497,3.719,73.821,94.773,9.153,1,Stainless Steel,848.4,536.227,3.942,0.3538,0.401
D1498,9.565,31.277,92.716,4.184,2,Aluminium,141.7,40.312,0.2392,0.1273,2.357
D1499,6.821,71.45,41.947,1.959,1,Stainless Steel,1014.8,119.478,0.0685,0.278,1.799
D1500,4.535,41.347,52.906,3.398,2,Aluminium,454.2,225.099,1.0113,0.0455,0.422
D1501,7.46,36.953,40.418,9.483,1,Stainless Steel,984.9,139.851,0.0879,0.1515,1.537
D1502,7.595,77.44,74.706,8.744,0,Mild Steel,395.5,48.594,0.0972,0.5864,5.145
D1503,8.102,51.875,60.003,5.983,0,Mild Steel,393.5,55.385,0.0616,0.3365,4.514
D1504,8.603,45.311,58.328,3.183,0,Mild Steel,953.4,149.417,0.1311,0.3034,1.673
D1505,3.304,36.726,67.93,8.329,1,Stainless Steel,120.1,138.592,0.5892,0.1121,1.551
D1506,7.765,39.292,81.127,8.761,0,Mild Steel,324.2,81.857,0.1882,0.3303,3.054
D1507,4.844,42.569,49.247,5.264,2,Aluminium,1143.2,418.431,1.6363,0.0466,0.227
D1508,6.937,77.585,62.454,5.574,1,Stainless Steel,143.6,18.878,0.028,0.4571,11.389
D1509,7.761,56.646,75.68,4.836,2,Aluminium,703.0,128.614,0.6669,0.1527,0.739
D1510,8.621,57.875,45.099,6.133,2,Aluminium,295.4,24.922,0.0424,0.1033,3.812
D1511,6.332,59.753,42.36,9.242,1,Stainless Steel,566.6,70.826,0.0588,0.218,3.036
D1512,7.722,36.437,75.816,2.424,0,Mild Steel,426.2,137.161,0.2214,0.2847,1.823
D1513,6.429,70.157,53.319,7.362,2,Aluminium,1033.7,139.787,0.4873,0.1104,0.68
D1514,7.694,48.41,83.036,8.708,0,Mild Steel,665.0,141.991,0.3453,0.4128,1.761
D1515,3.426,75.921,64.515,8.739,0,Mild Steel,1228.7,605.665,2.1612,0.2239,0.413
D1516,5.423,66.491,40.72,8.067,2,Aluminium,143.3,21.037,0.0529,0.0674,4.516
D1517,3.436,70.792,78.314,1.357,1,Stainless Steel,291.9,244.018,1.0115,0.2591,0.881
D1518,3.827,77.019,96.328,4.642,0,Mild Steel,1172.0,728.747,4.8539,0.3789,0.343
D1519,3.587,49.221,43.23,6.784,1,Stainless Steel,254.4,118.852,0.1874,0.1038,1.809
D1520,9.481,74.367,71.312,9.119,1,Stainless Steel,1059.7,85.83,0.1257,0.6838,2.505
D1521,8.594,38.32,50.386,3.359,2,Aluminium,1025.7,163.18,0.3127,0.0762,0.582
D1522,7.893,59.372,93.951,8.635,2,Aluminium,760.3,143.168,1.2519,0.2021,0.664
D1523,5.973,68.473,61.748,4.626,0,Mild Steel,878.6,175.78,0.2836,0.337,1.422
D1524,9.303,78.567,49.124,9.466,0,Mild Steel,1401.8,76.082,0.0525,0.4792,3.286
D1525,8.894,57.893,86.979,4.468,1,Stainless Steel,1397.4,227.658,0.468,0.609,0.944
D1526,5.706,37.141,83.789,9.998,0,Mild Steel,1318.0,630.438,2.2473,0.237,0.397
D1527,9.795,69.223,59.933,1.796,0,Mild Steel,1407.0,124.306,0.0931,0.5423,2.011
D1528,7.395,75.805,67.289,6.511,0,Mild Steel,408.5,51.197,0.0812,0.5034,4.883
D1529,3.84,56.291,67.512,2.106,0,Mild Steel,121.6,83.559,0.2349,0.1947,2.992
D1530,3.014,48.189,53.243,8.586,2,Aluminium,298.6,247.352,1.981,0.0355,0.384
D1531,3.101,66.148,55.774,7.595,0,Mild Steel,1455.7,869.076,2.5606,0.1527,0.288
D1532,4.654,45.702,80.395,8.178,0,Mild Steel,589.8,330.624,1.3308,0.2282,0.756
D1533,4.049,44.08,73.352,3.644,2,Aluminium,1239.8,967.42,9.6917,0.0601,0.098
D1534,8.301,58.752,89.532,4.023,0,Mild Steel,601.1,114.713,0.2567,0.5827,2.179
D1535,5.579,46.188,73.193,7.549,2,Aluminium,530.2,193.075,1.5029,0.0866,0.492
D1536,3.934,42.117,68.968,4.211,0,Mild Steel,902.2,710.377,2.3077,0.1525,0.352
D1537,7.25,41.603,86.519,2.878,0,Mild Steel,1010.3,356.332,0.8252,0.3483,0.702
D1538,5.555,44.725,66.152,6.279,0,Mild Steel,1162.2,410.574,0.8776,0.2193,0.609
D1539,9.189,77.826,99.743,4.632,2,Aluminium,323.7,42.106,0.3083,0.3274,2.256
D1540,5.588,38.107,49.074,9.795,1,Stainless Steel,516.2,146.967,0.1902,0.1421,1.463
D1541,8.773,57.565,97.713,2.882,1,Stainless Steel,435.6,88.052,0.2167,0.6711,2.442
D1542,5.948,32.278,95.698,8.086,0,Mild Steel,184.7,110.599,0.4766,0.2452,2.26
D1543,5.109,50.632,93.491,1.739,0,Mild Steel,324.5,209.337,0.7853,0.3228,1.194
D1544,6.529,67.945,65.766,6.838,1,Stainless Steel,1306.1,221.609,0.4071,0.3968,0.97
D1545,4.272,75.241,77.667,1.197,0,Mild Steel,488.4,258.488,0.78,0.3332,0.967
D1546,9.488,43.829,59.401,2.549,1,Stainless Steel,702.0,99.405,0.0814,0.336,2.163
D1547,7.223,58.736,75.168,5.343,2,Aluminium,937.5,183.635,1.0429,0.1464,0.517
D1548,6.886,42.153,82.379,7.869,2,Aluminium,365.9,110.939,0.8616,0.1098,0.856
D1549,4.578,30.975,98.022,9.561,1,Stainless Steel,444.2,456.574,2.9164,0.1891,0.471
D1550,3.328,58.945,96.548,4.695,0,Mild Steel,1465.1,1539.483,12.1353,0.2528,0.162
D1551,5.442,51.497,86.705,1.394,0,Mild Steel,1005.4,540.742,1.5794,0.3243,0.462
D1552,7.314,62.479,75.304,6.459,2,Aluminium,1410.2,245.22,1.4284,0.1579,0.387
D1553,3.806,54.831,68.137,7.766,1,Stainless Steel,1037.5,606.093,2.2504,0.1934,0.355
D1554,3.196,49.063,88.907,4.982,1,Stainless Steel,674.4,838.109,6.1326,0.1896,0.257
D1555,4.518,65.979,70.227,9.712,1,Stainless Steel,1449.7,514.826,1.7107,0.2847,0.418
D1556,4.18,49.638,62.538,6.916,0,Mild Steel,1202.7,602.931,1.6233,0.1731,0.415
D1557,5.931,64.077,70.33,5.692,2,Aluminium,1067.9,253.111,1.6112,0.1227,0.375
D1558,5.895,65.713,48.798,6.136,2,Aluminium,583.8,93.319,0.2921,0.0868,1.018
D1559,4.367,76.365,40.406,8.129,2,Aluminium,383.5,72.963,0.2306,0.0618,1.302
D1560,7.769,68.868,93.665,3.93,2,Aluminium,1095.9,211.561,1.6167,0.23,0.449
D1561,8.415,71.402,48.78,6.424,0,Mild Steel,1394.1,106.743,0.0761,0.3911,2.342
D1562,6.688,74.792,96.372,1.76,0,Mild Steel,214.0,58.122,0.1712,0.6433,4.301
D1563,9.343,51.024,51.44,2.643,0,Mild Steel,1383.6,149.369,0.0905,0.3273,1.674
D1564,3.569,61.754,47.612,4.794,2,Aluminium,1205.6,522.379,2.6861,0.0482,0.182
D1565,5.901,76.854,71.568,2.139,1,Stainless Steel,1286.6,310.968,0.6189,0.4414,0.691
D1566,6.059,62.002,71.366,9.568,1,Stainless Steel,511.3,112.109,0.2793,0.3646,1.918
D1567,6.787,60.943,88.191,1.91,2,Aluminium,1043.7,306.701,2.1782,0.1674,0.31
D1568,5.125,36.587,43.183,5.887,1,Stainless Steel,1104.3,364.741,0.3743,0.1101,0.589
D1569,3.423,46.067,55.959,7.375,2,Aluminium,377.2,266.255,2.0738,0.0405,0.357
D1570,5.94,61.195,61.333,3.79,2,Aluminium,103.2,24.07,0.1076,0.1023,3.947
D1571,7.982,30.882,91.533,5.073,0,Mild Steel,601.7,230.072,0.5877,0.3011,1.087
D1572,5.431,57.278,65.413,2.314,1,Stainless Steel,1250.3,426.848,0.7906,0.2767,0.504
D1573,8.988,77.7,88.634,9.571,2,Aluminium,170.6,17.95,0.1221,0.2841,5.293
D1574,6.786,75.32,95.426,9.214,2,Aluminium,1156.5,227.416,2.4748,0.2239,0.418
D1575,5.481,33.55,85.129,4.758,0,Mild Steel,535.0,349.859,1.195,0.2089,0.715
D1576,9.199,70.434,91.063,9.552,0,Mild Steel,978.7,111.914,0.2696,0.7874,2.234
D1577,3.023,44.82,60.24,2.66,1,Stainless Steel,184.0,208.901,0.6729,0.111,1.029
D1578,8.879,75.337,57.361,9.675,2,Aluminium,956.1,68.499,0.1983,0.1761,1.387
D1579,3.01,35.811,92.007,1.736,0,Mild Steel,263.7,625.586,4.2041,0.1324,0.4
D1580,9.085,30.734,71.091,3.216,1,Stainless Steel,845.3,214.856,0.2731,0.27,1.001
D1581,9.372,53.564,79.697,4.376,0,Mild Steel,567.9,83.544,0.1304,0.5339,2.992
D1582,3.785,68.384,48.318,6.325,0,Mild Steel,903.2,309.243,0.5495,0.1669,0.808
D1583,5.138,51.729,99.107,1.144,1,Stainless Steel,208.1,145.112,0.5985,0.3582,1.482
D1584,3.372,50.111,97.611,3.558,1,Stainless Steel,1086.0,1388.149,10.8915,0.2243,0.155
D1585,3.994,60.256,50.142,1.436,1,Stainless Steel,678.2,320.088,0.4614,0.1641,0.672
D1586,7.875,41.478,69.155,2.498,0,Mild Steel,746.3,184.815,0.2437,0.3014,1.353
D1587,5.41,32.924,57.267,9.739,2,Aluminium,282.7,115.594,0.5902,0.0468,0.822
D1588,8.931,66.758,99.805,6.292,0,Mild Steel,677.7,102.38,0.2833,0.7941,2.442
D1589,5.81,51.896,75.212,7.186,2,Aluminium,1205.3,375.576,2.9214,0.1041,0.253
D1590,4.954,64.931,67.391,2.704,0,Mild Steel,1124.3,401.853,0.8717,0.2893,0.622
D1591,8.43,32.354,50.789,5.188,2,Aluminium,238.9,43.642,0.0936,0.0636,2.177
D1592,4.559,78.976,54.313,3.19,1,Stainless Steel,602.3,160.86,0.2673,0.2659,1.337
D1593,4.699,72.147,57.152,6.41,1,Stainless Steel,219.8,56.314,0.1136,0.2635,3.818
D1594,5.951,59.825,93.99,5.932,0,Mild Steel,1327.2,443.989,1.7477,0.4466,0.563
D1595,3.813,56.858,61.822,7.768,2,Aluminium,139.8,71.218,0.6078,0.0615,1.334
D1596,3.63,64.032,89.152,3.149,0,Mild Steel,431.4,352.925,1.9959,0.2765,0.708
D1597,7.195,45.291,50.681,8.65,1,Stainless Steel,517.8,81.615,0.0828,0.2246,2.634
D1598,5.044,62.561,53.861,6.721,2,Aluminium,811.8,196.962,0.9161,0.078,0.482
D1599,7.583,46.771,79.551,6.973,2,Aluminium,1302.0,294.924,1.8634,0.1295,0.322
D1600,4.162,40.569,50.77,6.023,2,Aluminium,1451.9,742.694,3.7672,0.0393,0.128
D1601,7.66,71.921,66.601,7.811,0,Mild Steel,983.5,116.566,0.1798,0.4896,2.145
D1602,9.092,78.245,80.538,5.232,2,Aluminium,1106.2,115.311,0.5697,0.263,0.824
D1603,7.747,73.813,55.844,5.589,2,Aluminium,1405.4,142.122,0.4133,0.1466,0.668
D1604,5.268,35.502,52.543,6.506,0,Mild Steel,1243.1,481.261,0.695,0.1311,0.519
D1605,8.694,47.577,51.509,7.711,0,Mild Steel,447.7,49.446,0.0391,0.2843,5.056
D1606,7.05,34.436,68.599,9.714,2,Aluminium,389.4,111.306,0.604,0.0764,0.854
D1607,9.879,43.416,89.313,7.908,0,Mild Steel,550.5,91.259,0.1874,0.5112,2.739
D1608,3.179,60.166,72.142,9.348,1,Stainless Steel,629.5,508.459,2.5334,0.1877,0.423
D1609,7.974,47.546,80.262,7.659,0,Mild Steel,311.4,62.789,0.1336,0.4061,3.982
D1610,7.637,71.023,76.012,8.197,0,Mild Steel,1116.2,152.398,0.31,0.5502,1.64
D1611,9.656,52.962,96.161,2.043,2,Aluminium,319.5,60.091,0.3454,0.2257,1.581
D1612,4.17,71.564,66.276,7.221,0,Mild Steel,440.5,162.211,0.4944,0.2639,1.541
D1613,7.466,61.088,95.361,9.484,2,Aluminium,382.3,77.334,0.7558,0.1996,1.228
D1614,6.097,41.989,60.059,3.207,2,Aluminium,620.2,203.082,0.8187,0.0706,0.468
D1615,6.214,42.805,46.897,9.209,0,Mild Steel,952.6,190.694,0.1913,0.1665,1.311
D1616,7.213,40.78,73.333,9.012,0,Mild Steel,223.8,56.027,0.1153,0.2879,4.462
D1617,4.751,36.734,88.035,8.395,2,Aluminium,1414.0,1035.346,14.1964,0.0705,0.092
D1618,8.761,36.501,66.998,4.711,1,Stainless Steel,1457.4,295.356,0.3701,0.2914,0.728
D1619,7.564,45.139,91.261,3.957,0,Mild Steel,781.2,235.123,0.608,0.4158,1.063
D1620,3.476,46.299,81.622,5.431,2,Aluminium,1297.9,1326.01,21.0362,0.0603,0.072
D1621,6.564,78.218,67.987,1.625,0,Mild Steel,145.2,27.811,0.0412,0.4658,8.989
D1622,8.912,73.477,92.358,3.548,0,Mild Steel,1147.3,161.806,0.3476,0.8071,1.545
D1623,3.848,30.007,49.649,7.761,2,Aluminium,1171.5,891.361,4.8613,0.0263,0.107
D1624,7.305,73.894,43.788,8.259,0,Mild Steel,341.2,27.922,0.0199,0.3154,8.954
D1625,6.156,60.114,43.879,6.452,1,Stainless Steel,964.7,138.814,0.1204,0.2209,1.549
D1626,3.89,30.606,57.848,9.086,2,Aluminium,163.7,139.248,1.0199,0.0316,0.682
D1627,7.798,61.701,81.318,1.017,1,Stainless Steel,445.4,97.059,0.1697,0.5321,2.215
D1628,8.751,41.944,40.923,7.813,1,Stainless Steel,911.3,89.418,0.0461,0.2043,2.404
D1629,4.041,64.317,95.905,9.917,1,Stainless Steel,132.6,82.431,0.571,0.339,2.608
D1630,9.359,42.797,43.406,1.782,0,Mild Steel,1262.0,142.558,0.0588,0.232,1.754
D1631,9.127,70.005,81.441,7.212,1,Stainless Steel,1084.0,119.351,0.228,0.7077,1.801
D1632,8.684,40.451,53.629,2.864,2,Aluminium,857.6,138.114,0.2895,0.0865,0.688
D1633,6.646,54.584,94.525,4.875,0,Mild Steel,261.5,81.971,0.2756,0.4576,3.05
D1634,4.787,47.943,92.38,3.786,2,Aluminium,811.6,537.993,7.0541,0.0973,0.177
D1635,4.7,34.253,46.389,6.449,1,Stainless Steel,1324.4,579.523,0.7707,0.1016,0.371
D1636,3.31,77.774,87.693,7.24,1,Stainless Steel,1172.6,821.909,5.813,0.307,0.262
D1637,9.365,66.372,91.714,1.709,0,Mild Steel,195.9,30.231,0.0554,0.7608,8.27
D1638,7.015,66.636,96.287,6.748,1,Stainless Steel,1046.5,233.269,0.8415,0.6122,0.922
D1639,5.208,50.411,69.927,3.243,0,Mild Steel,1416.9,597.776,1.3604,0.245,0.418
D1640,4.237,38.274,98.941,8.572,0,Mild Steel,1300.0,1274.757,8.6512,0.2141,0.196
D1641,9.902,45.0,69.097,8.55,2,Aluminium,541.8,65.753,0.2371,0.1413,1.445
D1642,3.554,63.786,62.076,6.62,0,Mild Steel,367.1,193.972,0.6135,0.1878,1.289
D1643,9.217,57.02,77.036,1.116,1,Stainless Steel,1403.9,225.562,0.298,0.5506,0.953
D1644,9.607,35.981,52.845,4.88,1,Stainless Steel,512.8,69.857,0.0492,0.2484,3.078
D1645,4.425,61.852,85.5,9.88,0,Mild Steel,502.0,241.34,1.1711,0.3123,1.036
D1646,3.715,60.903,52.514,5.604,0,Mild Steel,689.8,303.228,0.6397,0.1586,0.824
D1647,3.499,71.358,50.717,7.906,1,Stainless Steel,119.6,47.275,0.1058,0.1722,4.548
D1648,3.932,51.391,58.822,2.145,1,Stainless Steel,252.5,157.989,0.3409,0.1617,1.361
D1649,8.359,61.68,73.54,7.391,2,Aluminium,636.2,83.751,0.4072,0.174,1.134
D1650,5.804,71.108,52.587,3.328,2,Aluminium,1364.2,250.879,0.8272,0.0996,0.379
D1651,7.803,53.149,57.295,1.4,0,Mild Steel,989.1,171.783,0.1474,0.3171,1.455
D1652,5.895,41.362,45.529,4.964,0,Mild Steel,1229.9,303.396,0.274,0.1481,0.824
D1653,4.373,66.009,84.198,2.651,0,Mild Steel,571.6,316.167,1.2363,0.3243,0.791
D1654,9.016,72.541,75.014,2.241,1,Stainless Steel,1093.1,132.006,0.1799,0.6672,1.629
D1655,4.339,74.418,46.252,9.66,0,Mild Steel,1029.5,231.407,0.3351,0.1993,1.08
D1656,6.32,50.176,59.251,4.845,0,Mild Steel,1308.4,306.721,0.4297,0.2508,0.815
D1657,6.693,64.604,55.859,6.741,2,Aluminium,902.7,131.17,0.471,0.1109,0.724
D1658,4.754,39.846,85.613,2.463,2,Aluminium,417.5,338.568,3.5472,0.0744,0.281
D1659,7.581,74.331,40.786,8.081,2,Aluminium,1195.7,85.036,0.1452,0.1055,1.117
D1660,7.659,50.453,90.517,3.995,0,Mild Steel,103.0,26.839,0.0674,0.4668,9.315
D1661,6.159,75.046,98.173,4.979,1,Stainless Steel,170.3,46.114,0.1905,0.6171,4.662
D1662,4.11,35.493,65.108,4.414,1,Stainless Steel,455.9,368.264,1.0582,0.1292,0.584
D1663,5.933,69.757,98.44,9.877,0,Mild Steel,519.1,144.539,0.6798,0.5437,1.73
D1664,6.909,53.131,60.21,8.379,1,Stainless Steel,476.2,82.304,0.1229,0.3006,2.612
D1665,8.851,71.335,42.999,7.828,1,Stainless Steel,1482.1,87.986,0.0494,0.3692,2.444
D1666,8.353,60.353,58.641,9.549,1,Stainless Steel,1032.3,105.737,0.1226,0.4021,2.033
D1667,5.72,61.034,83.895,6.322,2,Aluminium,1337.8,415.946,4.0094,0.1344,0.228
D1668,5.814,61.042,58.539,6.268,2,Aluminium,935.6,197.284,0.9067,0.0954,0.482
D1669,3.536,36.074,48.092,7.638,1,Stainless Steel,593.4,430.823,0.8577,0.0834,0.499
D1670,3.797,78.744,97.994,2.296,2,Aluminium,266.0,190.467,3.3659,0.1345,0.499
D1671,7.93,74.221,59.514,9.785,2,Aluminium,1375.8,127.372,0.4543,0.1608,0.746
D1672,7.924,70.843,93.735,1.472,1,Stainless Steel,880.9,181.51,0.4266,0.7156,1.185
D1673,9.23,54.111,81.85,6.567,0,Mild Steel,277.1,39.58,0.0714,0.5455,6.316
D1674,8.431,76.009,64.663,3.591,2,Aluminium,572.9,60.458,0.1972,0.1902,1.571
D1675,7.128,32.835,55.706,4.259,2,Aluminium,1402.4,389.32,1.1818,0.0598,0.244
D1676,9.964,67.023,67.458,1.917,2,Aluminium,272.6,26.94,0.0732,0.2068,3.526
D1677,5.955,64.204,95.859,1.248,0,Mild Steel,329.8,134.257,0.4286,0.4891,1.862
D1678,6.891,50.89,61.341,9.702,1,Stainless Steel,556.8,100.452,0.1599,0.2926,2.14
D1679,9.005,62.666,78.887,2.142,2,Aluminium,560.3,82.978,0.3485,0.2043,1.145
D1680,6.036,64.535,79.027,9.53,1,Stainless Steel,1236.9,290.74,0.8915,0.4186,0.739
D1681,5.889,52.938,49.053,5.853,2,Aluminium,723.0,145.773,0.4576,0.0702,0.652
D1682,3.06,62.338,69.055,7.318,0,Mild Steel,953.0,767.44,3.5123,0.1758,0.326
D1683,9.209,65.955,90.128,6.563,0,Mild Steel,863.3,111.855,0.2454,0.7306,2.235
D1684,6.699,49.181,61.062,5.291,2,Aluminium,849.5,185.315,0.7583,0.0923,0.513
D1685,5.158,33.842,61.448,5.248,1,Stainless Steel,452.4,231.946,0.4684,0.1459,0.927
D1686,6.736,45.612,44.161,6.873,1,Stainless Steel,981.3,157.233,0.1256,0.1845,1.367
D1687,7.652,66.13,91.481,2.907,1,Stainless Steel,103.4,21.931,0.0554,0.6296,9.803
D1688,5.354,38.316,60.474,9.075,1,Stainless Steel,658.0,251.109,0.513,0.1687,0.856
D1689,8.241,40.327,75.972,3.991,2,Aluminium,769.8,184.331,0.8671,0.1159,0.515
D1690,7.334,52.186,73.628,1.43,0,Mild Steel,158.9,40.561,0.0616,0.3761,6.164
D1691,9.65,51.769,66.974,1.387,2,Aluminium,225.1,31.227,0.0843,0.1536,3.042
D1692,7.425,53.57,61.409,2.82,2,Aluminium,832.6,155.379,0.5097,0.1121,0.611
D1693,5.96,38.613,90.248,5.185,1,Stainless Steel,1183.7,602.788,2.2062,0.2824,0.357
D1694,9.175,72.986,87.814,2.302,1,Stainless Steel,1111.8,150.695,0.2768,0.7997,1.427
D1695,9.319,36.932,59.027,5.144,0,Mild Steel,327.3,50.808,0.045,0.2711,4.921
D1696,8.671,35.622,57.587,8.723,2,Aluminium,1306.6,211.5,0.6228,0.0816,0.449
D1697,8.489,44.578,49.83,8.867,1,Stainless Steel,183.5,21.28,0.0173,0.2565,10.103
D1698,4.574,47.101,49.299,7.286,0,Mild Steel,290.5,101.518,0.1545,0.1417,2.463
D1699,7.956,49.391,70.631,6.128,1,Stainless Steel,816.9,146.23,0.2399,0.3774,1.47
D1700,6.484,74.128,40.217,3.235,2,Aluminium,215.9,23.928,0.0403,0.0887,3.97
D1701,8.779,72.422,63.698,6.446,0,Mild Steel,677.4,61.817,0.0715,0.5405,4.044
D1702,8.216,61.604,55.225,7.061,0,Mild Steel,806.5,83.081,0.0795,0.373,3.009
D1703,4.618,63.715,56.914,7.156,2,Aluminium,1048.2,307.831,1.7854,0.0769,0.309
D1704,9.744,30.311,48.662,4.167,0,Mild Steel,1236.2,184.171,0.1016,0.1918,1.357
D1705,3.905,74.316,60.196,4.272,2,Aluminium,546.0,215.033,1.5602,0.0802,0.442
D1706,8.498,37.752,94.112,1.065,2,Aluminium,697.7,242.783,1.4552,0.1386,0.391
D1707,6.359,57.72,74.522,3.92,2,Aluminium,1437.4,379.343,2.3233,0.1255,0.25
D1708,7.817,50.139,44.261,9.069,2,Aluminium,954.5,101.168,0.2003,0.0796,0.939
D1709,5.055,65.46,76.236,2.458,0,Mild Steel,176.3,69.324,0.1848,0.3366,3.606
D1710,9.596,45.443,89.961,7.137,0,Mild Steel,1137.8,195.107,0.4126,0.5235,1.281
D1711,3.717,40.054,48.606,4.737,1,Stainless Steel,1358.4,861.395,1.5713,0.0984,0.25
D1712,8.708,64.453,41.923,2.679,1,Stainless Steel,802.3,63.644,0.0288,0.32,3.378
D1713,8.971,64.438,93.378,7.917,2,Aluminium,920.6,127.939,0.9341,0.2478,0.743
D1714,6.414,35.681,41.099,4.761,2,Aluminium,1046.2,233.723,0.4472,0.0432,0.406
D1715,3.972,41.791,68.622,1.671,1,Stainless Steel,310.9,285.824,0.7949,0.1549,0.752
D1716,3.775,52.92,52.465,3.911,2,Aluminium,891.8,464.581,2.6228,0.0481,0.204
D1717,4.672,65.546,48.13,9.543,1,Stainless Steel,1193.2,273.284,0.4124,0.2005,0.787
D1718,4.838,46.179,91.427,8.35,1,Stainless Steel,1365.1,798.634,4.1357,0.2778,0.269
D1719,9.539,41.29,44.49,3.649,1,Stainless Steel,341.1,36.214,0.0174,0.2383,5.937
D1720,8.781,48.433,47.144,3.417,1,Stainless Steel,1002.6,113.192,0.0664,0.2727,1.899
D1721,5.882,59.149,57.276,3.468,0,Mild Steel,993.3,231.715,0.3101,0.2659,1.079
D1722,4.747,39.288,91.795,6.578,2,Aluminium,702.5,519.11,7.4975,0.0786,0.183
D1723,5.0,43.963,54.608,5.937,1,Stainless Steel,583.5,211.836,0.3583,0.1633,1.015
D1724,9.548,59.464,79.472,4.767,2,Aluminium,1174.7,147.855,0.6603,0.2071,0.643
D1725,9.36,68.814,55.754,5.907,1,Stainless Steel,1045.2,79.542,0.0665,0.4884,2.703
D1726,7.882,50.957,56.489,7.648,2,Aluminium,1352.2,182.898,0.5663,0.1041,0.519
D1727,4.965,35.455,63.304,3.557,2,Aluminium,1077.4,627.005,3.6517,0.0511,0.152
D1728,8.508,45.157,73.583,4.714,1,Stainless Steel,1304.3,247.472,0.3872,0.3845,0.869
D1729,5.454,45.87,91.299,2.675,1,Stainless Steel,538.7,310.444,1.1418,0.3106,0.693
D1730,3.342,41.023,55.489,7.112,0,Mild Steel,1286.5,1060.546,2.8696,0.1015,0.236
D1731,5.991,69.381,43.648,6.31,2,Aluminium,808.3,105.756,0.2611,0.0833,0.898
D1732,4.627,78.958,88.462,5.139,2,Aluminium,256.4,99.228,1.316,0.1483,0.957
D1733,4.957,58.007,50.032,5.149,2,Aluminium,1190.9,312.87,1.2238,0.066,0.304
D1734,7.598,45.605,64.82,1.444,2,Aluminium,725.6,174.315,0.5726,0.1031,0.545
D1735,4.303,73.747,76.036,5.267,2,Aluminium,1310.4,530.388,5.6824,0.1108,0.179
D1736,9.47,52.702,98.3,6.948,2,Aluminium,168.4,28.012,0.2072,0.2252,3.391
D1737,6.302,50.994,45.979,4.566,1,Stainless Steel,354.7,64.554,0.056,0.201,3.331
D1738,7.574,62.092,65.029,3.657,0,Mild Steel,756.9,119.348,0.1543,0.4081,2.095
D1739,5.215,38.357,73.732,4.566,0,Mild Steel,497.1,271.536,0.7323,0.1968,0.921
D1740,8.767,38.299,93.588,2.803,0,Mild Steel,590.5,172.714,0.3751,0.4194,1.447
D1741,8.045,30.995,73.693,9.143,1,Stainless Steel,1399.9,378.675,0.7194,0.2499,0.568
D1742,3.862,61.829,87.556,4.517,2,Aluminium,1071.2,745.229,11.7052,0.096,0.127
D1743,3.157,57.419,88.867,1.179,1,Stainless Steel,875.0,1222.662,7.0435,0.2191,0.176
D1744,5.675,50.808,41.091,8.172,0,Mild Steel,1045.8,186.035,0.1563,0.1581,1.344
D1745,9.141,48.695,72.427,6.71,0,Mild Steel,228.4,32.51,0.0467,0.4302,7.69
D1746,3.36,34.41,65.088,7.68,2,Aluminium,1210.1,1380.606,14.8205,0.0345,0.069
D1747,9.405,60.475,53.927,4.813,2,Aluminium,793.3,68.38,0.1434,0.1408,1.389
D1748,4.867,49.205,86.256,1.411,1,Stainless Steel,426.0,293.783,0.9987,0.2809,0.732
D1749,6.58,55.343,46.178,1.798,2,Aluminium,1311.7,237.319,0.4749,0.0772,0.4
D1750,5.461,56.973,43.95,4.579,2,Aluminium,795.1,160.316,0.4218,0.0628,0.593
D1751,9.477,76.906,48.967,1.207,2,Aluminium,1290.2,92.107,0.1342,0.1638,1.031
D1752,9.736,40.027,58.502,6.104,2,Aluminium,1000.7,127.129,0.3144,0.1047,0.747
D1753,8.652,40.859,68.197,3.859,1,Stainless Steel,638.0,124.49,0.1585,0.3279,1.727
D1754,4.996,72.842,64.588,3.542,1,Stainless Steel,1346.8,385.174,0.8281,0.3197,0.558
D1755,7.316,51.11,62.756,4.534,1,Stainless Steel,348.7,66.062,0.0893,0.3191,3.255
D1756,9.367,32.856,69.87,7.513,0,Mild Steel,1275.1,242.95,0.3221,0.287,1.029
D1757,6.076,43.388,54.341,9.771,1,Stainless Steel,945.4,223.723,0.323,0.1948,0.961
D1758,8.937,47.354,89.588,4.5,1,Stainless Steel,932.2,189.308,0.411,0.5156,1.136
D1759,7.993,74.831,70.116,6.273,1,Stainless Steel,843.8,97.703,0.1578,0.5703,2.201
D1760,4.069,56.885,62.949,4.092,1,Stainless Steel,632.2,318.153,0.8529,0.1981,0.676
D1761,7.954,67.197,41.45,3.098,1,Stainless Steel,1407.1,122.661,0.0614,0.3013,1.753
D1762,5.238,47.86,84.451,9.732,1,Stainless Steel,674.0,297.341,1.2234,0.2879,0.723
D1763,9.988,62.39,48.693,8.594,0,Mild Steel,127.2,7.717,0.0047,0.4049,32.398
D1764,6.726,75.561,80.49,2.379,1,Stainless Steel,774.3,165.355,0.3639,0.5564,1.3
D1765,7.593,58.386,61.94,1.668,1,Stainless Steel,1448.5,256.44,0.2791,0.3734,0.838
D1766,4.035,36.253,96.077,6.599,2,Aluminium,619.7,702.259,13.3795,0.0645,0.135
D1767,8.27,33.924,59.343,4.003,1,Stainless Steel,705.5,155.782,0.1593,0.2264,1.38
D1768,7.568,46.154,82.279,2.387,1,Stainless Steel,617.8,177.23,0.3565,0.3909,1.213
D1769,8.612,48.289,55.034,1.251,0,Mild Steel,1377.7,211.219,0.1489,0.3054,1.184
D1770,4.133,30.112,82.245,7.644,0,Mild Steel,243.4,267.007,1.2736,0.1366,0.936
D1771,8.542,59.869,67.874,1.015,1,Stainless Steel,613.4,96.391,0.1065,0.4721,2.23
D1772,3.333,60.551,64.733,8.826,1,Stainless Steel,194.9,127.691,0.4886,0.1777,1.684
D1773,9.671,79.236,78.942,2.763,1,Stainless Steel,1384.6,137.71,0.197,0.8227,1.561
D1774,3.576,77.769,40.643,4.255,1,Stainless Steel,1076.2,321.25,0.421,0.1537,0.669
D1775,5.483,31.111,74.752,3.681,2,Aluminium,527.3,342.812,2.4899,0.0585,0.277
D1776,3.33,78.041,70.196,1.64,0,Mild Steel,125.1,87.303,0.3002,0.2434,2.864
D1777,6.547,70.081,71.12,7.408,0,Mild Steel,414.9,72.393,0.1518,0.4354,3.453
D1778,6.858,59.06,57.057,5.205,0,Mild Steel,1292.8,210.978,0.2521,0.3084,1.185
D1779,7.345,50.663,86.923,6.184,0,Mild Steel,424.4,105.13,0.2777,0.4316,2.378
D1780,8.776,40.388,59.46,7.67,2,Aluminium,529.2,78.212,0.2362,0.0967,1.215
D1781,4.51,35.571,40.147,8.118,0,Mild Steel,826.1,315.411,0.3275,0.086,0.793
D1782,5.578,54.526,43.266,5.416,1,Stainless Steel,729.4,140.952,0.1293,0.179,1.525
D1783,6.098,50.835,93.345,8.662,0,Mild Steel,183.0,64.168,0.2583,0.3861,3.896
D1784,6.067,40.465,62.737,3.77,2,Aluminium,1047.3,364.092,1.6591,0.0707,0.261
D1785,7.827,33.233,97.312,8.388,2,Aluminium,705.0,250.77,2.3637,0.1162,0.379
D1786,3.82,50.363,87.736,6.155,0,Mild Steel,1213.5,1010.538,5.8396,0.2252,0.247
D1787,7.003,69.807,52.562,9.546,0,Mild Steel,957.1,104.972,0.1159,0.3429,2.382
D1788,5.066,70.528,60.628,5.767,0,Mild Steel,1073.3,264.6,0.5215,0.2891,0.945
D1789,5.947,62.449,50.919,2.824,1,Stainless Steel,186.0,37.143,0.0388,0.2572,5.788
D1790,3.885,71.829,98.695,3.015,2,Aluminium,809.2,582.72,10.7054,0.1264,0.163
D1791,9.475,79.005,68.892,1.875,1,Stainless Steel,313.5,29.605,0.0316,0.7013,7.262
D1792,9.894,64.993,83.6,3.774,2,Aluminium,885.2,104.33,0.4763,0.2468,0.911
D1793,3.401,57.236,41.636,6.946,1,Stainless Steel,404.3,173.065,0.2685,0.1102,1.242
D1794,4.793,56.865,64.716,8.861,0,Mild Steel,209.6,71.255,0.1815,0.2354,3.509
D1795,6.72,69.846,56.55,4.425,1,Stainless Steel,759.9,111.225,0.1344,0.361,1.933
D1796,7.81,33.97,96.665,2.237,0,Mild Steel,1319.2,574.365,1.4725,0.3423,0.435
D1797,7.999,76.504,84.476,7.297,2,Aluminium,990.5,131.103,0.8842,0.2373,0.725
D1798,5.492,36.707,50.176,2.003,0,Mild Steel,351.9,143.999,0.1462,0.135,1.736
D1799,3.324,45.718,69.254,2.155,1,Stainless Steel,1093.9,1228.287,4.4865,0.1431,0.175
D1800,3.405,64.972,54.442,1.047,1,Stainless Steel,1391.2,930.032,1.8144,0.1638,0.231
D1801,3.406,49.418,98.446,3.354,0,Mild Steel,1296.2,1682.259,12.6649,0.2211,0.149
D1802,4.874,31.239,42.609,7.986,1,Stainless Steel,1277.7,510.632,0.5665,0.0882,0.421
D1803,8.958,37.423,74.369,7.724,1,Stainless Steel,698.9,134.186,0.2215,0.3391,1.602
D1804,8.88,60.263,54.359,2.759,0,Mild Steel,205.1,21.662,0.0156,0.3882,11.541
D1805,9.899,50.14,40.865,9.691,0,Mild Steel,516.4,32.505,0.0145,0.2707,7.691
D1806,9.891,74.602,81.078,5.876,0,Mild Steel,1355.8,125.34,0.2002,0.7984,1.995
D1807,5.081,71.111,72.695,9.939,0,Mild Steel,1329.6,359.208,1.095,0.3505,0.696
D1808,4.4,38.791,49.929,9.593,1,Stainless Steel,352.5,159.627,0.2753,0.1159,1.347
D1809,4.648,60.139,83.82,5.098,0,Mild Steel,737.8,352.765,1.4392,0.3126,0.709
D1810,5.038,71.757,64.427,7.215,2,Aluminium,364.2,91.335,0.6152,0.1069,1.04
D1811,9.256,35.664,80.033,4.035,0,Mild Steel,643.5,148.049,0.2333,0.3526,1.689
D1812,9.881,67.604,46.312,3.421,1,Stainless Steel,149.9,9.569,0.0047,0.4207,22.469
D1813,3.039,65.691,82.03,2.491,2,Aluminium,965.1,1021.334,16.7439,0.0752,0.093
D1814,4.791,47.076,62.037,6.89,1,Stainless Steel,320.8,130.502,0.3066,0.1903,1.647
D1815,6.308,53.687,55.964,2.808,2,Aluminium,595.4,136.55,0.449,0.087,0.696
D1816,7.872,56.052,78.668,1.036,0,Mild Steel,325.9,74.158,0.116,0.4632,3.371
D1817,4.758,62.896,56.163,3.989,0,Mild Steel,514.7,158.238,0.2692,0.2243,1.58
D1818,8.654,45.647,60.354,3.402,0,Mild Steel,794.3,125.195,0.118,0.3182,1.997
D1819,5.68,73.135,82.514,5.863,0,Mild Steel,252.3,66.099,0.2115,0.4574,3.782
D1820,8.962,47.055,82.535,3.987,0,Mild Steel,995.2,190.28,0.3304,0.4645,1.314
D1821,6.812,45.805,86.194,2.63,0,Mild Steel,600.4,218.034,0.5312,0.3589,1.147
D1822,9.401,60.298,50.099,9.302,2,Aluminium,553.5,39.295,0.0805,0.1304,2.418
D1823,6.24,77.146,87.682,8.721,0,Mild Steel,1091.9,226.835,0.7855,0.5633,1.102
D1824,6.448,58.768,58.005,4.493,2,Aluminium,487.0,93.368,0.3497,0.1009,1.017
D1825,5.98,39.83,88.35,2.268,2,Aluminium,215.1,119.801,1.0098,0.0966,0.793
D1826,7.082,52.447,41.997,7.521,2,Aluminium,599.6,71.349,0.1382,0.0716,1.331
D1827,8.495,38.753,40.247,3.683,0,Mild Steel,270.0,34.158,0.0148,0.1768,7.319
D1828,9.466,55.885,82.604,2.051,2,Aluminium,387.2,61.55,0.267,0.2006,1.543
D1829,7.435,52.531,85.753,3.762,1,Stainless Steel,1067.4,270.044,0.6462,0.4555,0.796
D1830,6.418,34.038,58.919,6.005,2,Aluminium,634.8,203.6,0.8365,0.0591,0.467
D1831,9.75,71.726,54.574,5.363,1,Stainless Steel,156.4,10.567,0.0079,0.5191,20.347
D1832,4.25,67.635,60.087,1.824,2,Aluminium,742.2,321.429,1.7973,0.0793,0.296
D1833,9.246,70.581,48.812,1.818,1,Stainless Steel,331.4,26.078,0.0143,0.4332,8.245
D1834,6.345,46.724,79.719,3.869,0,Mild Steel,978.3,343.352,0.8303,0.3154,0.728
D1835,6.503,45.373,42.028,8.817,1,Stainless Steel,1246.6,195.244,0.1537,0.1686,1.101
D1836,4.182,49.825,54.25,6.471,0,Mild Steel,277.5,121.173,0.2432,0.1508,2.063
D1837,3.519,70.299,46.211,1.691,2,Aluminium,694.5,318.656,1.2972,0.0525,0.298
D1838,7.203,74.973,93.573,2.91,0,Mild Steel,1144.2,244.739,0.6692,0.6743,1.021
D1839,3.998,36.687,68.098,3.226,0,Mild Steel,666.3,607.674,1.7956,0.1333,0.411
D1840,6.337,39.874,91.141,9.944,1,Stainless Steel,741.6,295.409,1.1466,0.3132,0.728
D1841,4.877,65.06,80.627,2.648,1,Stainless Steel,121.6,53.575,0.1749,0.3479,4.013
D1842,5.89,63.884,91.727,9.269,0,Mild Steel,223.0,64.575,0.2637,0.4606,3.871
D1843,9.929,33.516,66.95,2.145,2,Aluminium,1081.1,211.135,0.5733,0.1023,0.45
D1844,8.543,44.42,83.128,9.311,2,Aluminium,880.0,167.414,1.0582,0.1448,0.567
D1845,9.947,79.297,71.892,4.601,2,Aluminium,231.9,18.482,0.064,0.2603,5.14
D1846,8.82,60.14,47.827,4.906,1,Stainless Steel,1095.0,94.29,0.0602,0.345,2.28
D1847,3.4,75.942,76.965,5.628,1,Stainless Steel,1158.4,705.753,3.666,0.2703,0.305
D1848,6.42,33.526,50.744,1.094,1,Stainless Steel,1318.9,477.206,0.4026,0.1485,0.451
D1849,9.132,76.495,52.6,3.84,1,Stainless Steel,1265.8,92.224,0.0655,0.4997,2.331
D1850,7.294,73.095,81.192,8.442,0,Mild Steel,695.0,106.504,0.2623,0.5777,2.347
D1851,7.646,50.027,99.548,9.748,0,Mild Steel,372.8,91.608,0.3289,0.5082,2.729
D1852,4.685,72.455,68.837,2.688,0,Mild Steel,1324.6,480.204,1.1596,0.3119,0.521
D1853,6.812,54.389,49.4,4.332,1,Stainless Steel,780.4,125.515,0.1134,0.2489,1.713
D1854,4.185,32.085,47.922,4.957,0,Mild Steel,714.4,445.399,0.6687,0.0859,0.561
D1855,9.684,78.082,41.201,6.044,0,Mild Steel,886.6,41.145,0.0175,0.4157,6.076
D1856,8.401,54.861,71.775,4.769,2,Aluminium,127.7,19.873,0.0842,0.1518,4.78
D1857,7.043,44.3,48.19,8.09,1,Stainless Steel,573.1,92.361,0.0859,0.2045,2.328
D1858,8.225,72.621,66.453,4.79,1,Stainless Steel,982.8,111.057,0.1479,0.5398,1.936
D1859,9.159,41.121,92.564,3.316,1,Stainless Steel,1338.7,324.695,0.6963,0.4741,0.662
D1860,5.503,35.809,71.033,7.36,2,Aluminium,181.2,85.04,0.6309,0.0642,1.117
D1861,3.979,74.546,76.129,4.297,2,Aluminium,660.3,316.515,3.5964,0.1036,0.3
D1862,5.316,45.852,91.541,2.279,0,Mild Steel,764.0,475.32,1.7012,0.2978,0.526
D1863,4.576,63.054,79.933,8.728,2,Aluminium,377.7,156.408,1.8508,0.1059,0.607
D1864,3.78,40.331,84.804,9.891,1,Stainless Steel,1251.3,1253.956,7.2619,0.1758,0.171
D1865,3.447,52.387,89.138,6.327,2,Aluminium,1461.2,1437.117,27.9633,0.0739,0.066
D1866,5.735,46.475,56.007,8.909,1,Stainless Steel,899.8,231.074,0.3738,0.203,0.93
D1867,8.329,58.16,47.051,2.536,0,Mild Steel,766.8,82.805,0.0475,0.3042,3.019
D1868,9.575,46.586,61.569,4.223,2,Aluminium,633.0,80.014,0.2095,0.1261,1.187
D1869,5.062,62.7,64.53,3.014,0,Mild Steel,858.3,286.805,0.5672,0.2733,0.872
D1870,5.694,36.406,68.73,8.555,2,Aluminium,1081.4,443.334,3.0281,0.0654,0.214
D1871,5.499,43.945,83.592,8.791,0,Mild Steel,1196.3,525.345,1.9122,0.2696,0.476
D1872,4.891,73.53,87.728,6.453,0,Mild Steel,1206.0,431.894,1.8929,0.421,0.579
D1873,9.925,68.406,50.804,1.845,1,Stainless Steel,1457.8,107.462,0.0592,0.4691,2.001
D1874,7.418,62.313,58.35,1.812,2,Aluminium,1129.1,182.747,0.5112,0.1238,0.52
D1875,8.32,66.769,92.108,1.58,1,Stainless Steel,715.3,139.105,0.3012,0.6959,1.546
D1876,9.448,48.82,96.746,7.564,0,Mild Steel,379.1,66.184,0.1667,0.5955,3.777
D1877,9.654,55.986,72.934,7.72,0,Mild Steel,361.4,39.736,0.0557,0.526,6.292
D1878,3.106,30.861,76.35,7.996,2,Aluminium,517.8,904.275,14.4506,0.0336,0.105
D1879,3.43,61.802,90.021,6.479,2,Aluminium,1353.4,1147.083,22.9433,0.0876,0.083
D1880,4.979,56.154,99.282,6.798,0,Mild Steel,799.0,406.997,2.2566,0.3704,0.614
D1881,5.621,39.763,62.986,8.359,1,Stainless Steel,741.3,262.026,0.5435,0.1915,0.821
D1882,3.632,57.295,70.406,8.841,0,Mild Steel,1070.6,679.087,2.7224,0.1955,0.368
D1883,4.972,78.646,78.637,7.145,0,Mild Steel,915.7,262.446,0.9212,0.4104,0.953
D1884,6.978,30.506,83.287,6.206,2,Aluminium,1109.7,479.48,3.5856,0.0814,0.198
D1885,6.94,47.43,62.289,3.534,1,Stainless Steel,752.2,175.531,0.2377,0.2788,1.225
D1886,5.308,51.449,92.231,4.188,0,Mild Steel,1068.8,536.391,2.1804,0.3361,0.466
D1887,9.722,79.768,46.269,4.129,1,Stainless Steel,300.5,16.269,0.0084,0.488,13.215
D1888,9.291,69.597,59.671,8.773,1,Stainless Steel,123.5,9.344,0.0097,0.5247,23.01
D1889,5.353,58.311,68.468,6.844,0,Mild Steel,373.4,110.431,0.268,0.2852,2.264
D1890,7.043,36.065,89.386,7.325,1,Stainless Steel,1055.3,394.552,1.2398,0.3088,0.545
D1891,8.785,43.647,44.778,9.727,0,Mild Steel,1237.5,121.699,0.0751,0.2291,2.054
D1892,7.914,38.188,82.226,3.605,0,Mild Steel,307.2,92.107,0.1805,0.3316,2.714
D1893,5.029,71.85,81.709,8.175,2,Aluminium,957.6,300.021,3.3144,0.1355,0.317
D1894,7.232,79.448,88.533,2.576,2,Aluminium,553.8,106.928,0.7414,0.2335,0.888
D1895,3.976,60.829,63.268,6.423,0,Mild Steel,1275.9,585.214,1.6899,0.2042,0.427
D1896,5.631,41.325,96.295,5.314,2,Aluminium,894.4,500.916,6.2761,0.1028,0.19
D1897,6.947,37.866,84.316,9.486,1,Stainless Steel,1480.2,487.774,1.4487,0.3016,0.441
D1898,9.454,58.954,40.63,9.021,2,Aluminium,1215.3,71.258,0.0949,0.1039,1.333
D1899,6.575,38.281,65.621,4.635,2,Aluminium,1164.0,371.955,1.7523,0.0758,0.255
D1900,6.724,55.089,82.743,8.886,1,Stainless Steel,544.9,129.945,0.382,0.4168,1.655
D1901,4.427,39.734,91.892,9.123,1,Stainless Steel,446.2,358.52,2.0815,0.2198,0.6
D1902,8.967,48.024,56.858,1.15,1,Stainless Steel,1035.2,153.404,0.1139,0.333,1.402
D1903,3.99,69.056,85.033,2.012,2,Aluminium,703.4,466.218,5.7135,0.1076,0.204
D1904,6.647,37.011,96.396,5.03,0,Mild Steel,1451.0,679.959,2.3913,0.3165,0.368
D1905,3.658,32.904,98.884,5.225,0,Mild Steel,1053.7,1678.348,12.6498,0.1588,0.149
D1906,3.055,55.215,47.871,3.576,0,Mild Steel,762.1,518.575,1.0619,0.1078,0.482
D1907,4.332,40.544,40.372,5.503,0,Mild Steel,310.3,118.957,0.1239,0.0946,2.102
D1908,4.086,75.131,65.785,9.255,0,Mild Steel,1168.2,417.185,1.2979,0.2695,0.599
D1909,3.12,75.86,73.451,7.367,0,Mild Steel,442.8,299.836,1.5227,0.232,0.834
D1910,4.821,61.843,98.18,2.993,2,Aluminium,851.2,479.945,6.739,0.1344,0.198
D1911,3.919,69.049,43.7,5.061,0,Mild Steel,1498.6,445.051,0.6021,0.1578,0.562
D1912,6.965,53.856,71.132,7.047,2,Aluminium,318.2,65.161,0.3649,0.1225,1.458
D1913,8.047,37.959,43.827,2.867,0,Mild Steel,948.5,153.228,0.0807,0.1787,1.632
D1914,9.876,59.558,74.022,3.838,2,Aluminium,1215.9,138.586,0.4983,0.1998,0.685
D1915,8.873,74.593,57.527,6.984,0,Mild Steel,421.1,32.549,0.0308,0.5081,7.681
D1916,8.851,32.609,55.004,4.326,1,Stainless Steel,350.6,65.047,0.0535,0.2159,3.305
D1917,8.032,61.129,61.621,5.07,0,Mild Steel,1113.9,143.239,0.1646,0.4038,1.745
D1918,7.512,54.767,59.11,5.095,1,Stainless Steel,637.0,98.9,0.1174,0.3307,2.174
D1919,8.497,68.269,81.689,2.516,1,Stainless Steel,1429.0,220.117,0.3855,0.6444,0.977
D1920,7.18,60.608,56.736,2.354,1,Stainless Steel,120.6,20.074,0.0203,0.3358,10.71
D1921,9.728,46.668,80.456,7.08,1,Stainless Steel,1116.9,162.988,0.2806,0.4967,1.319
D1922,6.394,34.945,51.766,1.191,1,Stainless Steel,519.3,183.983,0.1635,0.1573,1.169
D1923,9.142,55.853,40.208,5.125,2,Aluminium,1314.9,95.272,0.1161,0.0942,0.997
D1924,3.698,65.43,69.975,6.592,1,Stainless Steel,510.0,274.796,1.0945,0.2303,0.782
D1925,7.466,62.403,89.093,2.259,1,Stainless Steel,1060.5,251.747,0.5985,0.5645,0.854
D1926,5.667,36.918,92.676,8.321,0,Mild Steel,869.5,480.085,2.0598,0.2588,0.521
D1927,5.284,42.72,84.529,8.864,1,Stainless Steel,898.9,442.115,1.7857,0.2595,0.486
D1928,9.244,68.904,53.442,4.898,0,Mild Steel,818.1,63.097,0.0459,0.4543,3.962
D1929,7.242,31.879,63.893,7.491,0,Mild Steel,317.6,90.9,0.1368,0.1969,2.75
D1930,3.047,77.996,57.766,8.347,2,Aluminium,829.0,450.323,4.1989,0.063,0.211
D1931,8.137,67.322,79.97,7.529,0,Mild Steel,1390.6,190.815,0.3922,0.5846,1.31
D1932,3.168,48.446,80.295,7.806,1,Stainless Steel,239.6,269.395,1.6686,0.1676,0.798
D1933,9.441,76.602,63.145,8.927,2,Aluminium,361.2,25.446,0.0818,0.2096,3.733
D1934,6.617,69.1,51.028,5.25,2,Aluminium,532.1,70.701,0.2048,0.1071,1.344
D1935,9.904,53.59,44.309,7.798,0,Mild Steel,421.6,28.035,0.0141,0.3139,8.917
D1936,3.606,75.324,89.012,2.43,0,Mild Steel,1443.6,1066.349,5.7649,0.3226,0.234
D1937,8.65,59.28,95.525,2.16,1,Stainless Steel,600.9,122.789,0.283,0.6661,1.751
D1938,9.629,38.531,94.398,6.418,1,Stainless Steel,180.9,38.93,0.0917,0.4763,5.523
D1939,4.94,32.538,98.863,2.35,2,Aluminium,1370.2,1477.098,19.5698,0.0729,0.064
D1940,7.442,31.485,87.623,4.319,0,Mild Steel,509.3,213.932,0.5281,0.274,1.169
D1941,3.666,35.489,71.272,8.505,0,Mild Steel,555.2,564.814,2.2986,0.1238,0.443
D1942,3.593,53.472,64.277,1.279,0,Mild Steel,932.0,786.231,1.995,0.1648,0.318
D1943,5.078,64.336,53.394,7.839,2,Aluminium,1194.0,269.567,1.2508,0.0801,0.352
D1944,5.022,36.497,58.251,9.442,0,Mild Steel,131.1,56.816,0.1121,0.1425,4.4
D1945,9.149,49.03,88.618,8.207,1,Stainless Steel,918.0,152.501,0.3526,0.5406,1.41
D1946,5.166,65.508,78.073,6.845,0,Mild Steel,1244.7,398.833,1.3116,0.3526,0.627
D1947,7.559,44.556,73.3,9.89,0,Mild Steel,574.3,118.878,0.235,0.3295,2.103
D1948,8.283,61.26,87.578,1.839,2,Aluminium,301.4,60.361,0.3372,0.204,1.574
D1949,6.919,53.696,75.501,7.864,0,Mild Steel,563.7,121.914,0.2728,0.3743,2.051
D1950,4.542,50.003,64.373,6.447,0,Mild Steel,827.4,366.618,0.9423,0.1951,0.682
D1951,5.981,67.051,91.272,4.078,2,Aluminium,109.1,33.665,0.3352,0.168,2.822
D1952,3.461,58.273,66.934,1.428,1,Stainless Steel,111.4,94.652,0.2865,0.1836,2.271
D1953,5.057,32.69,44.107,3.512,0,Mild Steel,320.0,136.441,0.1299,0.0973,1.832
D1954,4.114,60.567,87.068,6.683,1,Stainless Steel,1125.3,666.046,3.6512,0.295,0.323
D1955,8.072,32.333,65.947,2.736,2,Aluminium,1214.5,346.972,1.1876,0.079,0.274
D1956,3.808,45.339,57.632,7.389,1,Stainless Steel,225.2,134.836,0.357,0.1353,1.595
D1957,4.214,49.545,53.024,5.329,1,Stainless Steel,696.3,303.454,0.5804,0.1505,0.709
D1958,3.653,77.958,95.315,6.243,1,Stainless Steel,1467.3,930.814,6.9299,0.3691,0.231
D1959,6.5,31.949,55.66,4.11,1,Stainless Steel,1418.5,481.22,0.5778,0.1572,0.447
D1960,7.675,72.53,41.773,2.098,0,Mild Steel,1078.2,98.957,0.0479,0.3103,2.526
D1961,7.364,73.704,60.008,1.467,2,Aluminium,621.6,90.672,0.2646,0.1495,1.048
D1962,8.2,40.483,57.099,1.555,2,Aluminium,707.9,144.944,0.3423,0.087,0.655
D1963,6.026,44.806,76.148,2.489,0,Mild Steel,844.5,350.184,0.7605,0.2744,0.714
D1964,5.404,33.54,48.088,5.746,2,Aluminium,554.2,202.797,0.6751,0.04,0.468
D1965,5.61,41.731,87.91,3.123,2,Aluminium,432.8,244.003,2.3137,0.0945,0.389
D1966,5.79,44.941,43.99,1.86,2,Aluminium,1470.5,394.738,0.8318,0.0525,0.241
D1967,5.67,47.758,49.387,9.227,1,Stainless Steel,1223.4,274.114,0.3508,0.1819,0.784
D1968,3.153,34.868,90.454,8.157,1,Stainless Steel,1144.7,2034.427,16.0711,0.1352,0.106
D1969,7.157,32.208,73.862,6.122,2,Aluminium,1422.1,494.319,2.8133,0.0782,0.192
D1970,8.795,43.322,83.411,7.078,0,Mild Steel,642.6,125.658,0.2531,0.4241,1.99
D1971,3.48,76.813,60.984,8.094,2,Aluminium,1003.3,447.877,4.0752,0.0748,0.212
D1972,4.159,52.473,96.801,1.134,2,Aluminium,192.8,193.094,2.6858,0.097,0.492
D1973,9.889,75.095,48.891,6.379,2,Aluminium,669.8,36.546,0.0625,0.1667,2.599
D1974,9.281,44.67,84.163,6.763,1,Stainless Steel,955.7,167.39,0.3306,0.4745,1.284
D1975,7.148,41.662,76.58,5.392,1,Stainless Steel,246.1,70.427,0.1505,0.3102,3.053
D1976,7.191,38.602,85.77,7.321,0,Mild Steel,1214.9,392.122,1.068,0.3177,0.638
D1977,6.032,69.969,77.492,1.646,2,Aluminium,1160.9,331.776,2.0392,0.1501,0.286
D1978,5.662,78.143,46.807,4.839,1,Stainless Steel,1184.5,171.879,0.1775,0.2816,1.251
D1979,9.73,54.895,68.932,4.017,0,Mild Steel,767.6,90.214,0.0994,0.4914,2.771
D1980,4.663,52.563,49.158,7.076,2,Aluminium,402.7,121.766,0.5202,0.0553,0.78
D1981,4.899,35.148,50.059,6.352,1,Stainless Steel,1114.8,476.286,0.7012,0.1172,0.451
D1982,3.716,75.255,46.999,2.722,1,Stainless Steel,1058.8,383.103,0.59,0.1787,0.561
D1983,8.407,53.864,88.841,4.952,0,Mild Steel,1497.4,291.308,0.6562,0.5368,0.858
D1984,9.518,39.304,79.727,8.833,2,Aluminium,430.4,73.671,0.3731,0.1369,1.29
D1985,9.847,44.935,40.545,6.175,1,Stainless Steel,420.6,32.247,0.0135,0.244,6.667
D1986,3.767,61.183,71.752,2.358,2,Aluminium,1097.8,747.719,7.1865,0.0759,0.127
D1987,7.121,76.943,88.33,9.685,2,Aluminium,525.9,85.072,0.7561,0.2222,1.117
D1988,5.685,66.857,87.661,8.546,0,Mild Steel,1281.1,365.949,1.4052,0.4446,0.683
D1989,8.422,72.858,40.987,8.059,0,Mild Steel,1280.1,77.153,0.0405,0.3356,3.24
D1990,6.286,36.862,52.033,5.861,2,Aluminium,487.6,133.054,0.435,0.0553,0.714
D1991,4.284,44.25,72.498,3.931,1,Stainless Steel,1439.3,984.373,3.2677,0.1869,0.218
D1992,6.357,68.153,69.722,9.461,1,Stainless Steel,1245.1,222.266,0.4997,0.4108,0.967
D1993,8.69,64.195,76.214,6.81,0,Mild Steel,1141.0,141.639,0.2398,0.5674,1.765
D1994,8.985,41.446,99.357,9.263,1,Stainless Steel,753.9,167.786,0.5098,0.5032,1.281
D1995,8.627,62.979,47.896,9.789,2,Aluminium,314.9,23.698,0.0496,0.1194,4.009
D1996,7.246,33.753,82.002,1.189,0,Mild Steel,782.3,357.783,0.6719,0.2676,0.699
D1997,9.624,79.48,70.6,5.215,1,Stainless Steel,485.9,39.44,0.05,0.7345,5.451
D1998,4.082,63.862,89.37,7.208,2,Aluminium,783.4,453.734,7.4615,0.1069,0.209
D1999,7.075,37.047,51.096,3.482,0,Mild Steel,1191.3,282.549,0.2423,0.1787,0.885
D2000,8.79,34.937,63.626,1.613,0,Mild Steel,1286.2,296.8,0.2793,0.2607,0.842
D2001,9.495,54.463,58.442,4.064,2,Aluminium,561.4,58.866,0.1393,0.1387,1.614
D2002,8.863,65.266,72.1,4.463,0,Mild Steel,1281.5,154.514,0.2114,0.5566,1.618
D2003,5.079,70.645,64.455,2.152,1,Stainless Steel,323.2,100.856,0.1937,0.3146,2.132
D2004,6.371,35.964,95.598,1.003,1,Stainless Steel,474.7,308.289,0.9243,0.2979,0.697
D2005,9.714,39.257,67.548,9.762,2,Aluminium,1238.7,170.081,0.615,0.1182,0.559
D2006,3.243,50.081,49.586,4.784,0,Mild Steel,1185.7,787.816,1.692,0.1075,0.317
D2007,7.366,47.432,57.919,1.264,1,Stainless Steel,486.1,107.73,0.1033,0.2752,1.996
D2008,6.851,67.031,97.317,9.648,0,Mild Steel,119.4,26.259,0.1021,0.5964,9.521
D2009,3.984,43.815,78.489,4.064,2,Aluminium,429.2,363.708,4.3415,0.0629,0.261
D2010,8.913,61.744,99.371,8.664,1,Stainless Steel,700.7,107.561,0.3259,0.7437,1.999
D2011,3.179,52.55,60.068,4.803,1,Stainless Steel,449.8,357.87,1.1964,0.1365,0.601
D2012,3.347,35.18,94.043,1.589,1,Stainless Steel,670.6,1386.013,8.7647,0.1506,0.155
D2013,7.781,51.415,59.478,8.916,0,Mild Steel,485.1,68.154,0.0843,0.3176,3.668
D2014,8.687,53.456,73.288,9.006,2,Aluminium,912.5,124.125,0.5943,0.1562,0.765
D2015,9.284,38.341,87.864,6.777,1,Stainless Steel,495.9,105.544,0.2272,0.4253,2.037
D2016,7.287,35.354,93.554,2.786,0,Mild Steel,1121.0,500.882,1.3418,0.3216,0.499
D2017,9.379,51.098,42.062,6.054,1,Stainless Steel,977.9,74.991,0.0358,0.2742,2.867
D2018,3.086,79.523,80.13,6.106,2,Aluminium,1108.4,799.516,14.1502,0.0903,0.119
D2019,4.494,49.849,53.174,2.318,2,Aluminium,611.9,275.878,1.1785,0.0547,0.344
D2020,3.817,48.72,94.828,7.955,1,Stainless Steel,1089.2,990.949,7.1065,0.2398,0.217
D2021,6.713,34.832,40.529,9.594,0,Mild Steel,586.2,107.346,0.0741,0.1265,2.329
D2022,8.552,31.267,50.513,8.436,1,Stainless Steel,549.0,91.64,0.075,0.1837,2.346
D2023,3.537,63.267,97.98,8.737,1,Stainless Steel,124.1,104.581,0.864,0.2982,2.056
D2024,5.297,51.811,79.329,7.447,1,Stainless Steel,205.8,79.835,0.2765,0.2961,2.693
D2025,6.697,47.258,65.979,3.993,0,Mild Steel,1264.2,327.286,0.5115,0.2787,0.764
D2026,3.596,72.52,67.097,8.58,1,Stainless Steel,631.3,307.58,1.1721,0.238,0.699
D2027,7.301,54.919,62.794,3.245,1,Stainless Steel,157.2,29.535,0.0378,0.3424,7.28
D2028,5.971,51.523,54.932,1.462,2,Aluminium,565.1,160.708,0.4952,0.0776,0.591
D2029,8.117,31.122,79.14,3.369,1,Stainless Steel,1339.7,457.799,0.8269,0.2719,0.47
D2030,5.673,38.05,67.839,7.623,1,Stainless Steel,1004.8,398.563,0.936,0.1991,0.539
D2031,9.399,68.341,45.591,7.38,1,Stainless Steel,1036.5,61.786,0.0359,0.3983,3.48
D2032,6.904,35.155,97.819,5.904,0,Mild Steel,942.6,427.22,1.5251,0.3168,0.585
D2033,5.909,69.464,80.603,7.877,0,Mild Steel,730.8,174.104,0.5341,0.4415,1.436
D2034,6.986,43.281,84.366,4.859,2,Aluminium,1444.2,466.071,3.4072,0.1171,0.204
D2035,7.528,52.657,67.553,7.129,2,Aluminium,514.3,88.656,0.4091,0.1229,1.072
D2036,7.027,36.469,89.083,2.432,2,Aluminium,555.9,250.245,1.8006,0.1048,0.38
D2037,3.667,37.894,90.997,8.211,1,Stainless Steel,448.3,545.261,3.7481,0.1719,0.394
D2038,5.733,40.304,82.92,5.969,0,Mild Steel,1364.7,639.12,2.0494,0.2557,0.391
D2039,5.244,31.769,70.296,4.848,2,Aluminium,588.6,362.267,2.5869,0.0538,0.262
D2040,6.493,54.449,67.496,2.052,1,Stainless Steel,661.5,179.206,0.2828,0.3245,1.2
D2041,7.1,30.222,87.347,2.299,0,Mild Steel,695.4,366.18,0.8569,0.2501,0.683
D2042,7.271,38.655,79.286,5.635,2,Aluminium,1433.8,440.257,2.7885,0.1023,0.216
D2043,9.119,37.856,85.816,5.6,2,Aluminium,792.0,178.574,1.0106,0.136,0.532
D2044,7.796,37.603,74.896,9.492,2,Aluminium,1241.6,296.096,1.6975,0.1008,0.321
D2045,9.437,36.103,53.852,9.936,0,Mild Steel,522.0,65.271,0.0537,0.2449,3.83
D2046,5.281,43.003,97.419,5.025,2,Aluminium,843.0,520.981,7.1341,0.1015,0.182
D2047,7.112,65.622,71.964,2.224,1,Stainless Steel,809.3,161.895,0.2648,0.4568,1.328
D2048,9.784,51.352,83.462,9.521,1,Stainless Steel,463.6,59.631,0.1161,0.5703,3.605
D2049,6.773,67.96,41.557,4.887,2,Aluminium,1348.4,144.224,0.2657,0.0878,0.659
D2050,9.069,32.85,82.871,1.65,1,Stainless Steel,516.7,155.249,0.2487,0.3358,1.385
D2051,8.897,36.31,88.445,8.727,0,Mild Steel,421.2,98.053,0.2279,0.3813,2.55
D2052,6.815,48.781,68.399,1.377,0,Mild Steel,972.5,284.876,0.4032,0.3034,0.878
D2053,9.39,37.31,62.367,5.532,1,Stainless Steel,915.6,144.689,0.149,0.2972,1.486
D2054,5.039,68.575,56.209,2.525,2,Aluminium,1088.6,301.517,1.2771,0.0892,0.315
D2055,7.569,71.371,89.901,2.51,2,Aluminium,459.7,92.543,0.6258,0.2229,1.027
D2056,9.34,32.563,59.038,9.523,1,Stainless Steel,382.5,59.702,0.0615,0.2442,3.601
D2057,8.959,57.852,93.275,5.723,2,Aluminium,1160.3,191.385,1.3122,0.2219,0.496
D2058,3.446,39.801,69.689,9.927,2,Aluminium,470.7,472.471,5.6685,0.0439,0.201
D2059,5.865,66.522,75.978,2.87,1,Stainless Steel,1392.7,398.396,0.9431,0.4032,0.54
D2060,9.114,67.513,46.715,8.872,1,Stainless Steel,739.5,46.663,0.0306,0.3909,4.607
D2061,8.868,77.734,97.509,2.741,2,Aluminium,1103.3,162.618,1.0936,0.3085,0.584
D2062,3.366,31.975,94.923,2.369,1,Stainless Steel,268.0,566.035,3.8954,0.1389,0.38
D2063,9.425,56.505,95.337,5.617,0,Mild Steel,422.9,66.823,0.155,0.6775,3.741
D2064,5.701,47.637,70.954,1.383,2,Aluminium,467.8,204.077,1.0976,0.0884,0.466
D2065,8.681,33.495,95.557,2.038,1,Stainless Steel,1279.0,462.536,1.0554,0.3779,0.465
D2066,4.807,60.398,87.482,5.465,1,Stainless Steel,189.9,87.639,0.3927,0.3455,2.453
D2067,8.759,67.292,63.501,6.481,2,Aluminium,538.1,52.85,0.1767,0.1718,1.798
D2068,8.425,54.294,62.705,2.407,2,Aluminium,414.2,62.924,0.1823,0.1317,1.51
D2069,6.045,42.07,47.656,5.343,0,Mild Steel,1363.8,326.149,0.3176,0.1617,0.767
D2070,5.824,46.525,69.381,8.336,1,Stainless Steel,468.5,146.062,0.3529,0.2557,1.472
D2071,7.809,60.185,62.673,4.773,0,Mild Steel,580.6,82.095,0.0998,0.3931,3.045
D2072,8.379,49.495,47.744,7.139,1,Stainless Steel,528.5,56.417,0.0409,0.2693,3.811
D2073,3.217,52.355,96.722,7.355,1,Stainless Steel,166.6,202.494,1.7922,0.2216,1.062
D2074,9.234,48.142,88.379,3.197,1,Stainless Steel,1470.6,288.09,0.5551,0.5343,0.746
D2075,7.104,49.95,58.047,7.051,2,Aluminium,1095.5,190.371,0.6935,0.0945,0.499
D2076,8.861,60.764,61.837,3.357,1,Stainless Steel,1021.5,118.886,0.1184,0.4528,1.808
D2077,6.475,42.014,43.444,9.529,1,Stainless Steel,987.9,172.061,0.1472,0.1607,1.25
D2078,4.068,61.904,98.529,3.325,1,Stainless Steel,366.2,275.912,1.7424,0.3374,0.779
D2079,5.298,47.991,73.065,7.783,0,Mild Steel,1420.6,544.315,1.553,0.2479,0.459
D2080,9.701,39.509,69.131,5.405,0,Mild Steel,1031.3,161.469,0.1889,0.3536,1.548
D2081,3.451,72.418,42.898,4.415,2,Aluminium,268.5,96.378,0.4129,0.0492,0.986
D2082,8.024,59.722,56.096,4.383,0,Mild Steel,511.5,63.061,0.0585,0.3588,3.964
D2083,5.375,71.45,93.746,1.469,0,Mild Steel,393.9,167.933,0.585,0.4805,1.489
D2084,7.309,61.485,89.943,9.626,2,Aluminium,913.2,179.596,1.6043,0.1855,0.529
D2085,3.49,64.238,63.743,4.166,0,Mild Steel,1249.2,743.127,2.3702,0.1907,0.336
D2086,9.977,33.689,45.751,8.824,1,Stainless Steel,299.2,31.49,0.0177,0.2091,6.828
D2087,8.071,61.984,43.777,8.037,2,Aluminium,137.2,11.217,0.0205,0.1005,8.469
D2088,6.693,69.028,94.229,5.612,1,Stainless Steel,145.8,34.628,0.1222,0.5921,6.209
D2089,7.103,37.586,46.516,1.087,0,Mild Steel,1186.8,289.331,0.1774,0.1657,0.864
D2090,6.811,75.542,99.963,8.7,0,Mild Steel,105.5,21.729,0.0883,0.6863,11.505
D2091,9.043,78.051,84.295,9.501,2,Aluminium,262.6,25.899,0.158,0.2731,3.668
D2092,6.204,31.185,92.954,6.441,0,Mild Steel,124.5,72.158,0.2686,0.24,3.465
D2093,5.778,73.883,83.488,8.633,2,Aluminium,333.4,79.54,0.7894,0.1636,1.194
D2094,8.828,76.056,42.41,5.587,0,Mild Steel,1444.8,85.02,0.0421,0.38,2.94
D2095,4.691,68.674,43.459,6.744,0,Mild Steel,799.9,163.008,0.1852,0.1868,1.534
D2096,8.925,71.245,42.923,9.62,2,Aluminium,1488.3,83.683,0.1347,0.1253,1.135
D2097,4.364,52.819,96.066,2.986,2,Aluminium,606.4,469.476,7.102,0.1016,0.202
D2098,3.835,36.699,86.751,9.678,2,Aluminium,419.9,459.526,7.6776,0.056,0.207
D2099,6.733,66.105,87.893,1.447,2,Aluminium,1336.8,377.996,2.6072,0.1796,0.251
D2100,7.263,70.357,96.908,2.927,0,Mild Steel,1228.7,285.365,0.8296,0.6609,0.876
D2101,7.629,74.499,71.678,3.375,2,Aluminium,513.3,74.358,0.3313,0.187,1.278
D2102,7.58,49.894,74.043,6.026,2,Aluminium,745.2,151.571,0.8071,0.1285,0.627
D2103,4.898,30.052,56.018,8.23,0,Mild Steel,1154.8,622.584,1.15,0.11,0.402
D2104,3.841,75.769,93.8,9.974,0,Mild Steel,633.7,362.038,2.4358,0.3643,0.691
D2105,9.264,33.583,75.28,7.251,2,Aluminium,1373.2,283.307,1.2721,0.1075,0.335
D2106,3.643,76.35,90.692,6.663,0,Mild Steel,528.8,325.112,2.1366,0.3367,0.769
D2107,4.496,36.059,88.728,3.101,2,Aluminium,406.8,400.828,5.0283,0.066,0.237
D2108,6.306,66.583,71.167,9.328,0,Mild Steel,977.3,185.342,0.4219,0.3988,1.349
D2109,9.758,72.185,44.846,8.983,0,Mild Steel,151.5,7.565,0.0041,0.4215,33.046
D2110,7.626,65.494,69.539,2.507,0,Mild Steel,344.6,57.658,0.0798,0.4635,4.336
D2111,8.739,35.348,46.373,7.478,0,Mild Steel,637.4,85.01,0.0539,0.1912,2.941
D2112,3.77,52.526,54.267,6.042,2,Aluminium,353.7,179.45,1.1643,0.0493,0.529
D2113,8.867,36.855,60.69,8.52,2,Aluminium,645.3,102.63,0.3255,0.091,0.926
D2114,6.831,43.678,45.354,4.149,2,Aluminium,605.1,111.609,0.235,0.0621,0.851
D2115,5.421,58.855,96.767,1.725,2,Aluminium,330.2,170.068,1.8498,0.1417,0.559
D2116,4.493,63.962,67.691,6.214,0,Mild Steel,752.1,281.044,0.8043,0.2596,0.89
D2117,3.03,57.656,66.178,4.174,2,Aluminium,339.8,303.064,3.561,0.0531,0.313
D2118,4.581,77.514,75.736,7.19,1,Stainless Steel,466.1,151.874,0.5631,0.3658,1.416
D2119,7.743,64.412,94.569,6.194,1,Stainless Steel,1001.9,192.972,0.5873,0.6415,1.114
D2120,7.542,68.088,96.226,9.705,2,Aluminium,1085.1,194.347,1.9185,0.2268,0.489
D2121,3.875,65.312,61.206,7.927,2,Aluminium,907.1,385.409,3.1718,0.0711,0.246
D2122,5.429,50.826,97.349,9.001,2,Aluminium,678.5,306.441,4.4625,0.1233,0.31
D2123,3.864,78.838,44.453,1.691,1,Stainless Steel,480.9,159.473,0.1926,0.1841,1.348
D2124,8.062,78.717,49.568,3.52,1,Stainless Steel,672.4,57.208,0.0411,0.4278,3.758
D2125,7.486,76.446,73.889,3.058,2,Aluminium,1394.3,213.43,1.0166,0.1941,0.445
D2126,4.444,52.238,98.799,5.243,0,Mild Steel,1047.9,734.221,4.4091,0.3061,0.34
D2127,4.597,65.467,73.48,7.07,0,Mild Steel,536.1,199.805,0.6687,0.2951,1.251
D2128,4.142,78.59,87.533,4.97,1,Stainless Steel,634.4,300.402,1.5788,0.3875,0.716
D2129,5.854,34.822,57.331,8.148,0,Mild Steel,799.5,273.554,0.4314,0.1559,0.914
D2130,8.728,78.915,54.534,9.035,0,Mild Steel,523.3,35.548,0.0323,0.5013,7.033
D2131,7.396,38.416,90.078,4.071,2,Aluminium,685.1,247.831,1.8675,0.1175,0.383
D2132,6.97,68.533,74.659,8.82,2,Aluminium,192.0,31.123,0.1996,0.1637,3.052
D2133,6.671,74.473,57.82,4.561,1,Stainless Steel,362.9,51.321,0.0658,0.3906,4.189
D2134,3.351,68.277,82.312,3.817,1,Stainless Steel,1400.3,1106.862,6.3022,0.2561,0.194
D2135,4.03,30.532,54.72,9.147,1,Stainless Steel,1465.9,1101.381,2.4908,0.0916,0.195
D2136,3.141,33.835,40.819,6.744,2,Aluminium,697.4,580.821,2.6235,0.0199,0.164
D2137,8.541,44.852,87.522,9.493,1,Stainless Steel,749.7,148.273,0.3728,0.456,1.45
D2138,3.374,46.922,75.306,4.981,0,Mild Steel,604.0,600.927,2.8613,0.1591,0.416
D2139,5.243,76.825,59.271,9.798,1,Stainless Steel,174.5,33.579,0.068,0.3247,6.403
D2140,8.39,67.625,53.805,9.995,1,Stainless Steel,394.9,32.598,0.0319,0.4152,6.595
D2141,7.483,32.616,45.854,9.669,2,Aluminium,1244.3,225.073,0.5089,0.0514,0.422
D2142,7.059,35.94,95.409,9.981,2,Aluminium,1058.5,400.578,4.2154,0.1111,0.237
D2143,8.26,34.896,57.022,9.355,2,Aluminium,830.9,146.628,0.4541,0.0754,0.648
D2144,3.782,76.795,67.627,4.874,1,Stainless Steel,587.0,260.482,0.9057,0.2671,0.825
D2145,4.04,65.477,47.344,3.601,1,Stainless Steel,1020.9,348.401,0.5201,0.1703,0.617
D2146,6.952,62.053,56.685,2.73,1,Stainless Steel,406.1,68.537,0.0735,0.3326,3.137
D2147,7.101,61.45,71.155,4.69,0,Mild Steel,112.2,21.031,0.0368,0.4144,11.887
D2148,7.869,66.016,93.131,3.983,2,Aluminium,1283.2,250.435,1.8683,0.2221,0.379
D2149,6.935,41.502,56.188,1.8,2,Aluminium,1033.9,274.868,0.7679,0.0742,0.346
D2150,3.811,40.035,73.698,7.782,2,Aluminium,290.1,250.308,3.0369,0.0516,0.38
D2151,9.0,69.497,74.576,2.855,0,Mild Steel,1026.1,125.187,0.168,0.6225,1.997
D2152,5.441,60.082,91.03,6.58,0,Mild Steel,1472.0,548.8,2.2948,0.3971,0.456
D2153,4.307,76.523,55.165,1.299,2,Aluminium,1036.1,373.276,1.649,0.0835,0.255
D2154,4.465,59.258,53.879,3.018,1,Stainless Steel,106.2,39.347,0.0653,0.1939,5.464
D2155,9.836,34.517,72.743,1.246,2,Aluminium,678.2,148.804,0.4607,0.1134,0.638
D2156,7.02,69.081,57.79,2.484,1,Stainless Steel,1081.8,166.559,0.181,0.3812,1.291
D2157,3.943,50.694,72.217,7.701,1,Stainless Steel,905.0,565.917,2.2733,0.1963,0.38
D2158,5.51,77.923,53.774,4.447,1,Stainless Steel,1421.6,253.676,0.3514,0.314,0.848
D2159,5.295,54.412,90.094,6.717,2,Aluminium,1272.0,542.926,6.677,0.1191,0.175
D2160,4.779,34.018,49.476,6.919,1,Stainless Steel,1470.1,662.792,0.9941,0.1094,0.324
D2161,8.54,63.778,87.501,2.962,2,Aluminium,639.7,109.471,0.6255,0.2187,0.868
D2162,8.792,76.767,60.468,3.579,0,Mild Steel,1190.9,107.762,0.1009,0.5447,2.32
D2163,3.355,33.884,83.76,8.409,1,Stainless Steel,1031.0,1541.627,9.8123,0.1295,0.139
D2164,4.977,36.833,85.447,2.62,2,Aluminium,319.4,254.522,2.5446,0.0719,0.373
D2165,8.859,58.519,83.282,1.057,2,Aluminium,829.9,152.169,0.683,0.1982,0.624
D2166,5.095,72.163,89.338,7.164,2,Aluminium,184.4,62.539,0.7988,0.1508,1.519
D2167,6.328,71.9,92.484,2.165,0,Mild Steel,730.5,213.845,0.6343,0.5616,1.169
D2168,6.09,37.217,56.431,9.105,2,Aluminium,1361.8,392.311,1.6879,0.0587,0.242
D2169,7.788,54.264,74.161,7.097,2,Aluminium,833.5,144.058,0.7688,0.1439,0.659
D2170,6.843,32.153,64.311,4.672,2,Aluminium,1315.3,455.532,1.9685,0.0649,0.209
D2171,4.406,38.906,92.217,7.054,0,Mild Steel,1393.6,1187.6,6.5667,0.211,0.211
D2172,4.293,37.994,72.908,6.793,2,Aluminium,237.3,172.754,1.7736,0.0546,0.55
D2173,6.19,67.822,47.16,1.601,2,Aluminium,1294.6,222.006,0.4894,0.0909,0.428
D2174,3.974,59.61,93.543,8.528,2,Aluminium,877.0,593.374,11.1236,0.1017,0.16
D2175,9.915,63.259,74.862,5.429,0,Mild Steel,561.4,57.089,0.0764,0.6266,4.379
D2176,7.08,75.018,77.65,2.031,2,Aluminium,274.8,52.945,0.2801,0.1893,1.794
D2177,8.09,35.421,44.059,6.204,0,Mild Steel,957.9,144.355,0.0874,0.1685,1.732
D2178,7.481,41.805,43.842,9.152,1,Stainless Steel,1086.4,148.01,0.1084,0.1865,1.453
D2179,5.426,39.028,40.878,2.812,1,Stainless Steel,1288.1,390.947,0.2925,0.1177,0.55
D2180,9.271,40.197,74.335,5.01,1,Stainless Steel,171.9,31.323,0.0457,0.3767,6.864
D2181,7.893,54.707,60.887,1.077,2,Aluminium,1351.5,242.016,0.6575,0.1207,0.393
D2182,6.014,56.073,49.324,4.719,0,Mild Steel,1360.3,261.164,0.2676,0.222,0.957
D2183,9.183,41.074,59.192,9.826,1,Stainless Steel,1434.5,182.488,0.1939,0.3036,1.178
D2184,3.795,64.666,82.077,3.094,1,Stainless Steel,197.7,136.534,0.6409,0.274,1.575
D2185,6.704,32.823,93.163,4.349,1,Stainless Steel,1159.7,599.681,1.9655,0.2788,0.359
D2186,9.637,70.894,50.117,9.073,0,Mild Steel,1440.3,83.57,0.0571,0.4569,2.992
D2187,6.424,73.392,63.775,3.668,0,Mild Steel,937.9,165.568,0.2501,0.4013,1.51
D2188,8.125,36.542,91.569,8.511,0,Mild Steel,1063.2,301.57,0.8329,0.3628,0.829
D2189,4.305,48.871,78.43,2.88,1,Stainless Steel,506.9,357.214,1.2995,0.2244,0.602
D2190,3.244,39.74,45.786,7.989,1,Stainless Steel,684.6,510.443,1.0041,0.0803,0.421
D2191,6.068,47.041,82.896,1.44,1,Stainless Steel,274.5,125.334,0.3083,0.3218,1.715
D2192,4.243,31.451,43.029,1.978,1,Stainless Steel,306.4,202.232,0.2105,0.0781,1.063
D2193,7.13,41.518,63.88,5.639,0,Mild Steel,961.4,229.378,0.3331,0.2523,1.09
D2194,5.951,61.345,71.069,9.167,0,Mild Steel,638.6,146.581,0.3546,0.3462,1.706
D2195,3.138,54.471,53.333,1.381,1,Stainless Steel,716.4,624.808,1.3384,0.124,0.344
D2196,9.974,50.645,44.449,3.271,2,Aluminium,906.2,73.296,0.0918,0.1031,1.296
D2197,8.496,31.677,86.45,5.041,0,Mild Steel,381.2,119.984,0.2536,0.3105,2.084
D2198,8.537,50.609,44.692,3.795,2,Aluminium,271.4,28.795,0.0446,0.0886,3.299
D2199,9.208,31.823,81.093,9.217,1,Stainless Steel,1344.1,304.41,0.5979,0.3232,0.706
D2200,4.385,45.397,47.323,7.042,0,Mild Steel,339.4,128.409,0.188,0.1257,1.947
D2201,8.235,37.01,57.341,3.565,1,Stainless Steel,244.0,49.023,0.0461,0.2377,4.386
D2202,3.022,47.982,63.512,5.129,0,Mild Steel,1201.0,1206.043,4.646,0.1229,0.207
D2203,3.419,47.151,73.712,3.739,0,Mild Steel,848.7,841.47,3.6069,0.1586,0.297
D2204,7.572,57.785,95.783,5.381,1,Stainless Steel,450.1,104.712,0.3268,0.5699,2.053
D2205,6.809,77.451,76.108,5.814,1,Stainless Steel,879.2,144.739,0.3286,0.5458,1.485
D2206,5.834,47.83,99.306,7.893,2,Aluminium,961.9,419.642,5.7498,0.1272,0.226
D2207,3.541,77.317,76.648,2.288,0,Mild Steel,821.6,532.158,2.155,0.2801,0.47
D2208,7.036,41.275,82.331,9.18,2,Aluminium,1014.0,293.859,2.2814,0.1098,0.323
D2209,6.861,46.637,65.911,1.201,0,Mild Steel,1248.1,368.327,0.4745,0.2815,0.679
D2210,7.416,49.161,52.883,3.044,0,Mild Steel,943.0,163.591,0.1391,0.2573,1.528
D2211,9.865,50.686,91.242,9.717,2,Aluminium,677.0,94.644,0.6125,0.2094,1.004
D2212,9.228,75.288,70.801,6.618,2,Aluminium,684.9,60.758,0.2382,0.2258,1.564
D2213,4.132,57.154,71.113,8.325,1,Stainless Steel,1138.2,564.778,2.1039,0.2284,0.381
D2214,8.756,55.461,47.963,6.144,0,Mild Steel,661.0,60.138,0.0392,0.3108,4.157
D2215,4.077,77.219,95.454,4.639,0,Mild Steel,686.9,376.136,2.2838,0.401,0.665
D2216,3.572,49.059,61.714,2.04,1,Stainless Steel,466.3,385.38,1.0158,0.1471,0.558
D2217,3.793,60.223,51.35,8.215,1,Stainless Steel,1161.4,468.711,0.9918,0.1595,0.459
D2218,4.119,30.023,63.081,3.178,2,Aluminium,161.7,158.643,1.1219,0.0358,0.599
D2219,5.91,77.358,62.18,5.42,0,Mild Steel,1283.0,226.212,0.3863,0.3794,1.105
D2220,6.198,56.359,85.208,6.483,0,Mild Steel,314.1,92.399,0.2896,0.3972,2.706
D2221,3.192,39.459,88.496,9.99,2,Aluminium,1007.8,1510.48,31.5515,0.0512,0.063
D2222,3.346,57.822,44.195,5.31,0,Mild Steel,1168.9,557.836,0.932,0.1141,0.448
D2223,4.572,56.015,99.855,9.139,0,Mild Steel,200.6,116.519,0.7464,0.3412,2.146
D2224,9.764,36.758,76.32,3.409,1,Stainless Steel,233.4,46.187,0.0628,0.3725,4.655
D2225,9.051,76.264,96.428,9.435,1,Stainless Steel,142.6,16.459,0.0469,0.9052,13.063
D2226,8.836,62.956,50.401,6.607,1,Stainless Steel,508.3,41.529,0.0311,0.3813,5.177
D2227,4.345,50.987,99.47,1.706,2,Aluminium,448.4,413.792,6.1162,0.1011,0.23
D2228,3.266,68.031,66.437,3.062,2,Aluminium,1206.5,842.67,8.6532,0.0678,0.113
D2229,8.517,47.747,93.703,5.622,0,Mild Steel,675.1,149.04,0.3766,0.5085,1.677
D2230,8.827,41.689,51.483,2.573,2,Aluminium,116.3,17.169,0.0321,0.087,5.533
D2231,7.826,42.379,60.949,9.543,1,Stainless Steel,415.2,70.934,0.0959,0.2749,3.031
D2232,8.922,49.381,49.085,6.463,0,Mild Steel,840.8,84.175,0.0567,0.2886,2.97
D2233,7.658,32.003,74.929,4.582,2,Aluminium,1483.5,492.348,2.5177,0.0843,0.193
D2234,4.363,78.31,77.477,4.059,0,Mild Steel,460.4,182.854,0.6586,0.3532,1.367
D2235,7.376,60.453,50.286,8.668,1,Stainless Steel,185.8,20.794,0.0202,0.305,10.339
D2236,6.387,39.236,42.248,2.568,2,Aluminium,1027.8,241.36,0.4394,0.0486,0.394
D2237,8.857,37.44,97.377,5.702,0,Mild Steel,1248.8,339.46,0.8865,0.4309,0.736
D2238,9.376,78.621,64.438,2.612,0,Mild Steel,1375.0,120.05,0.1135,0.6339,2.082
D2239,5.546,37.449,59.66,4.502,1,Stainless Steel,655.9,266.441,0.4519,0.1685,0.807
D2240,6.148,70.07,64.118,3.651,2,Aluminium,1157.5,233.263,1.0864,0.1268,0.407
D2241,4.223,70.459,67.016,8.983,0,Mild Steel,381.6,138.625,0.4331,0.2661,1.803
D2242,6.587,57.075,93.32,6.937,1,Stainless Steel,498.7,140.309,0.515,0.4771,1.532
D2243,9.138,64.132,69.18,7.681,1,Stainless Steel,936.9,94.281,0.1314,0.5514,2.28
D2244,3.589,56.341,77.759,3.847,0,Mild Steel,768.7,612.829,2.7746,0.2098,0.408
D2245,3.559,46.244,71.583,8.638,2,Aluminium,280.0,232.946,2.855,0.0541,0.408
D2246,7.662,33.047,41.875,1.112,2,Aluminium,1001.7,215.754,0.2869,0.0487,0.44
D2247,7.922,58.99,68.247,1.951,1,Stainless Steel,970.6,170.02,0.218,0.4338,1.265
D2248,6.823,63.236,51.175,2.503,0,Mild Steel,501.2,78.618,0.0669,0.2946,3.18
D2249,6.402,66.749,41.17,1.222,0,Mild Steel,1444.9,212.078,0.1151,0.2348,1.179
D2250,9.57,31.888,44.662,9.402,1,Stainless Steel,1072.0,123.987,0.0708,0.1853,1.734
D2251,9.152,60.852,58.861,8.891,1,Stainless Steel,449.0,39.294,0.0407,0.4458,5.472
D2252,8.865,54.088,86.328,7.872,1,Stainless Steel,1019.4,159.618,0.3608,0.5629,1.347
D2253,6.16,37.671,78.549,2.796,0,Mild Steel,143.9,69.012,0.1584,0.2433,3.623
D2254,5.661,44.654,79.148,2.165,1,Stainless Steel,787.9,390.727,0.9993,0.2721,0.55
D2255,7.97,55.267,75.364,5.881,0,Mild Steel,176.1,30.21,0.0539,0.443,8.275
D2256,5.507,79.339,52.778,4.345,2,Aluminium,1472.8,254.763,0.9473,0.1058,0.373
D2257,8.087,34.284,82.75,1.948,2,Aluminium,921.0,323.765,1.6682,0.1053,0.293
D2258,3.208,60.59,56.129,6.234,1,Stainless Steel,1134.3,697.025,2.0777,0.1484,0.308
D2259,8.609,79.426,85.67,6.46,0,Mild Steel,1054.7,122.227,0.2617,0.7817,2.045
D2260,8.875,43.313,87.113,1.742,2,Aluminium,392.4,97.495,0.4968,0.1537,0.974
D2261,4.818,72.77,59.692,5.569,0,Mild Steel,1410.5,365.945,0.7373,0.2793,0.683
D2262,9.97,51.127,84.605,2.838,2,Aluminium,1280.4,199.11,0.8872,0.1979,0.477
D2263,9.739,43.444,79.089,8.29,0,Mild Steel,318.9,47.573,0.0786,0.4466,5.255
D2264,4.342,75.637,84.436,7.283,1,Stainless Steel,1326.3,544.918,2.6721,0.3772,0.395
D2265,4.135,63.387,80.938,3.736,0,Mild Steel,1500.0,860.657,3.5495,0.2831,0.29
D2266,6.479,53.653,72.651,9.077,0,Mild Steel,1086.7,249.403,0.5713,0.337,1.002
D2267,3.212,59.76,47.135,5.665,2,Aluminium,473.2,249.56,1.4507,0.0415,0.381
D2268,5.12,68.728,62.782,2.363,2,Aluminium,235.5,71.408,0.3663,0.1014,1.33
D2269,5.876,58.658,44.808,6.389,0,Mild Steel,531.0,87.191,0.0803,0.2061,2.867
D2270,5.82,73.453,85.599,8.138,2,Aluminium,889.0,217.63,2.2321,0.168,0.437
D2271,5.401,74.956,40.612,2.69,0,Mild Steel,257.2,41.04,0.0292,0.2194,6.092
D2272,5.398,50.885,41.393,8.219,0,Mild Steel,1283.5,251.829,0.2275,0.1517,0.993
D2273,8.394,48.135,44.729,3.973,0,Mild Steel,236.5,27.02,0.0149,0.2412,9.253
D2274,9.454,46.828,69.558,7.545,1,Stainless Steel,299.4,39.153,0.0528,0.4188,5.491
D2275,3.502,60.216,74.426,5.162,0,Mild Steel,349.7,248.815,1.1147,0.2095,1.005
D2276,9.104,35.161,63.096,8.762,1,Stainless Steel,526.4,86.515,0.1033,0.2747,2.485
D2277,9.067,45.528,82.558,8.402,0,Mild Steel,294.5,49.672,0.0977,0.4548,5.033
D2278,5.373,50.329,89.84,2.0,0,Mild Steel,402.0,223.827,0.747,0.3242,1.117
D2279,6.57,72.465,52.952,1.969,1,Stainless Steel,218.2,34.279,0.0327,0.3428,6.272
D2280,9.348,39.182,76.507,8.468,2,Aluminium,902.8,154.909,0.7322,0.1286,0.613
D2281,8.175,64.544,80.33,4.954,2,Aluminium,1462.3,225.831,1.2463,0.1945,0.421
D2282,4.749,75.273,56.064,8.926,1,Stainless Steel,324.8,73.466,0.1471,0.2726,2.927
D2283,4.607,70.199,72.09,2.702,0,Mild Steel,975.0,393.573,1.0644,0.3111,0.635
D2284,7.577,61.382,61.246,6.643,2,Aluminium,807.0,108.383,0.4025,0.1307,0.877
D2285,9.062,54.649,90.932,1.439,2,Aluminium,113.7,22.828,0.1218,0.2067,4.162
D2286,8.334,63.172,67.718,4.744,2,Aluminium,1243.8,161.016,0.6123,0.1636,0.59
D2287,3.413,57.38,99.175,1.819,2,Aluminium,712.2,897.085,17.6578,0.0891,0.106
D2288,8.736,69.617,52.621,6.602,2,Aluminium,1147.0,90.323,0.2087,0.1469,1.052
D2289,7.95,44.067,80.413,6.386,2,Aluminium,1421.8,322.614,1.9356,0.1293,0.294
D2290,5.843,74.852,86.161,2.984,1,Stainless Steel,585.6,168.851,0.5198,0.5125,1.273
D2291,3.175,49.93,90.648,1.369,1,Stainless Steel,986.3,1562.851,9.5253,0.1954,0.138
D2292,5.727,37.458,94.071,2.296,0,Mild Steel,1318.0,898.314,3.1186,0.2693,0.278
D2293,3.215,76.706,62.504,2.056,0,Mild Steel,1203.2,778.749,2.3055,0.2057,0.321
D2294,8.876,73.256,58.104,1.998,2,Aluminium,489.3,47.269,0.1086,0.1734,2.01
D2295,7.132,60.747,61.444,5.19,2,Aluminium,646.5,102.974,0.3945,0.1222,0.923
D2296,5.407,64.878,85.674,2.583,2,Aluminium,1250.6,488.767,4.4463,0.1379,0.194
D2297,9.512,78.344,74.319,9.497,0,Mild Steel,836.3,66.11,0.1018,0.7391,3.782
D2298,3.849,37.9,42.174,5.001,1,Stainless Steel,1409.6,762.104,1.014,0.0837,0.282
D2299,4.047,73.19,59.104,4.339,0,Mild Steel,1187.0,435.504,1.0104,0.2336,0.574
D2300,9.357,32.14,84.676,9.036,2,Aluminium,1257.7,287.128,1.6812,0.1169,0.331
D2301,3.684,31.925,60.97,7.743,0,Mild Steel,892.7,855.426,2.5355,0.0957,0.292
D2302,3.322,79.715,66.904,8.36,0,Mild Steel,563.0,291.64,1.1544,0.2364,0.857
D2303,4.995,54.93,45.393,3.626,1,Stainless Steel,1410.0,374.312,0.3994,0.1694,0.574
D2304,5.709,39.08,91.763,6.128,2,Aluminium,333.6,178.847,2.0557,0.094,0.531
D2305,3.327,61.499,47.394,4.659,2,Aluminium,1038.6,514.387,2.8299,0.0445,0.185
D2306,6.551,74.669,84.535,5.45,0,Mild Steel,1037.0,213.557,0.5969,0.5518,1.171
D2307,5.593,66.42,85.275,6.336,0,Mild Steel,668.9,202.259,0.7138,0.4228,1.236
D2308,3.065,41.375,82.658,7.819,0,Mild Steel,1407.4,2037.299,13.3373,0.1399,0.123
D2309,7.771,58.37,82.835,6.062,0,Mild Steel,792.9,147.253,0.329,0.5014,1.698
D2310,9.421,76.044,94.968,7.615,1,Stainless Steel,883.5,97.588,0.2467,0.9253,2.203
D2311,4.526,67.681,62.685,1.227,0,Mild Steel,1425.3,605.626,1.1191,0.2562,0.413
D2312,3.96,37.278,53.38,3.036,0,Mild Steel,729.8,528.521,0.9592,0.1052,0.473
D2313,8.765,48.645,88.763,4.22,1,Stainless Steel,409.1,83.94,0.181,0.5147,2.561
D2314,4.177,67.715,94.471,4.09,0,Mild Steel,662.1,400.635,2.2627,0.3566,0.624
D2315,6.577,76.56,80.868,7.435,0,Mild Steel,1079.2,194.222,0.524,0.5434,1.287
D2316,7.669,50.387,43.633,6.795,0,Mild Steel,1061.1,120.489,0.0776,0.225,2.075
D2317,6.271,36.632,53.616,6.057,0,Mild Steel,1123.7,317.27,0.3834,0.1644,0.788
D2318,5.015,67.932,94.633,6.119,1,Stainless Steel,268.2,108.075,0.55,0.4384,1.989
D2319,6.25,38.918,67.973,5.475,2,Aluminium,334.2,115.497,0.6404,0.0759,0.823
D2320,6.134,72.076,85.222,4.572,2,Aluminium,983.1,246.305,2.1203,0.1729,0.386
D2321,8.49,39.629,79.945,5.889,0,Mild Steel,557.7,126.2,0.2351,0.3589,1.981
D2322,9.752,57.094,51.887,2.015,0,Mild Steel,968.8,89.627,0.0511,0.3855,2.789
D2323,6.391,46.565,76.273,2.608,1,Stainless Steel,1146.4,408.166,0.8675,0.3087,0.527
D2324,4.369,74.577,78.29,7.503,1,Stainless Steel,346.1,131.693,0.5534,0.3469,1.633
D2325,8.267,43.667,60.778,5.951,2,Aluminium,405.8,66.337,0.2141,0.1007,1.432
D2326,3.417,66.188,73.648,9.393,2,Aluminium,859.5,557.779,7.5386,0.0764,0.17
D2327,4.587,68.525,96.865,2.782,1,Stainless Steel,1117.7,622.658,3.1841,0.414,0.345
D2328,5.957,45.212,89.479,6.112,0,Mild Steel,551.1,230.516,0.826,0.3216,1.085
D2329,4.774,53.069,40.667,4.725,0,Mild Steel,1139.8,289.376,0.2655,0.1375,0.864
D2330,8.274,37.334,64.62,9.299,0,Mild Steel,1491.6,278.284,0.3807,0.2664,0.898
D2331,7.687,44.895,68.697,4.729,0,Mild Steel,322.0,68.955,0.1024,0.3164,3.626
D2332,6.107,41.527,88.796,8.464,2,Aluminium,1175.8,480.295,5.0451,0.1034,0.198
D2333,9.382,77.116,69.936,3.03,0,Mild Steel,862.0,81.601,0.0926,0.6752,3.064
D2334,3.42,63.843,79.397,6.955,2,Aluminium,749.4,542.412,8.5109,0.0796,0.175
D2335,8.373,58.454,92.374,4.647,1,Stainless Steel,736.2,139.846,0.3505,0.6148,1.537
D2336,4.95,69.427,90.845,7.049,1,Stainless Steel,525.2,199.039,0.9692,0.4246,1.08
D2337,7.645,59.975,80.31,4.827,1,Stainless Steel,1040.8,196.252,0.417,0.5008,1.096
D2338,3.465,32.018,93.985,1.942,2,Aluminium,969.2,1993.255,35.018,0.0479,0.048
D2339,7.719,49.003,69.914,3.266,0,Mild Steel,414.1,87.514,0.1256,0.3529,2.857
D2340,7.49,68.743,53.374,1.341,0,Mild Steel,391.0,53.088,0.0412,0.3667,4.709
D2341,8.7,70.592,52.61,8.525,1,Stainless Steel,974.4,72.585,0.0633,0.4394,2.962
D2342,9.375,31.985,53.763,5.204,1,Stainless Steel,542.5,87.427,0.0663,0.2192,2.459
D2343,4.259,33.649,75.483,1.685,1,Stainless Steel,847.9,935.301,2.9071,0.1471,0.23
D2344,8.004,52.137,57.043,4.136,2,Aluminium,458.1,66.778,0.1844,0.1093,1.423
D2345,9.245,56.475,45.681,6.608,1,Stainless Steel,667.5,50.775,0.0296,0.3244,4.234
D2346,5.807,32.255,75.116,5.315,0,Mild Steel,930.4,492.469,1.2487,0.1878,0.508
D2347,3.177,61.916,67.9,1.56,0,Mild Steel,431.6,403.873,1.3615,0.1782,0.619
D2348,8.87,43.732,58.086,3.345,2,Aluminium,141.2,21.424,0.0526,0.1034,4.434
D2349,4.137,42.446,92.5,4.31,0,Mild Steel,845.5,805.204,4.4521,0.2168,0.31
D2350,8.788,35.567,72.674,9.857,1,Stainless Steel,1308.8,255.6,0.4314,0.3089,0.841
D2351,4.199,39.219,55.113,9.362,1,Stainless Steel,1167.7,633.842,1.3957,0.1234,0.339
D2352,9.295,35.38,40.728,8.856,2,Aluminium,718.4,72.8,0.099,0.0615,1.305
D2353,8.244,43.275,72.207,7.813,2,Aluminium,1323.3,247.37,1.1912,0.1182,0.384
D2354,7.332,74.554,40.975,8.328,1,Stainless Steel,1361.6,102.53,0.0661,0.3046,2.097
D2355,3.289,66.625,47.52,7.472,0,Mild Steel,1152.7,517.439,1.0434,0.139,0.483
D2356,7.371,55.07,65.448,6.747,1,Stainless Steel,1352.5,226.744,0.3563,0.3613,0.948
D2357,4.469,31.575,69.981,5.735,1,Stainless Steel,1271.1,1017.594,3.2046,0.1343,0.211
D2358,7.798,64.644,54.42,8.899,0,Mild Steel,1348.7,137.403,0.1418,0.3661,1.819
D2359,9.018,71.674,56.636,4.268,1,Stainless Steel,293.9,24.742,0.0211,0.4978,8.69
D2360,8.696,47.805,84.228,9.899,0,Mild Steel,1492.9,256.087,0.5676,0.4672,0.976
D2361,4.153,48.396,45.968,5.56,1,Stainless Steel,292.2,115.29,0.1697,0.1256,1.865
D2362,6.761,30.094,46.63,4.216,2,Aluminium,1268.5,354.668,0.8017,0.0435,0.268
D2363,4.329,77.945,78.017,3.221,2,Aluminium,1418.9,604.531,6.1786,0.1208,0.157
D2364,6.506,46.234,51.361,7.46,0,Mild Steel,728.5,140.564,0.155,0.2062,1.779
D2365,5.754,47.137,61.291,1.893,2,Aluminium,972.0,349.804,1.4447,0.0763,0.272
D2366,3.005,49.115,94.382,5.492,0,Mild Steel,332.7,486.325,4.1962,0.1859,0.514
D2367,4.69,48.308,52.497,6.678,1,Stainless Steel,1103.7,387.01,0.6643,0.1617,0.556
D2368,8.291,43.755,99.137,4.025,0,Mild Steel,667.3,189.767,0.5215,0.4799,1.317
D2369,8.028,40.551,87.056,8.793,0,Mild Steel,575.3,142.064,0.3619,0.3782,1.76
D2370,4.402,38.022,60.538,1.424,0,Mild Steel,358.4,270.481,0.4903,0.1352,0.924
D2371,3.124,75.747,44.184,6.641,0,Mild Steel,1173.7,477.543,0.8764,0.1395,0.524
D2372,5.304,53.288,56.673,9.115,2,Aluminium,365.3,95.55,0.4848,0.0735,0.994
D2373,5.437,48.19,51.618,2.98,0,Mild Steel,652.3,199.601,0.2316,0.1805,1.252
D2374,6.393,36.656,86.167,9.92,1,Stainless Steel,1471.4,593.23,2.0371,0.2746,0.362
D2375,7.505,64.914,56.168,1.034,2,Aluminium,1461.8,224.902,0.5472,0.1256,0.422
D2376,8.611,75.392,79.588,5.748,2,Aluminium,1358.1,157.462,0.8246,0.2371,0.603
D2377,3.033,78.932,41.073,6.519,2,Aluminium,1116.0,429.923,2.036,0.0451,0.221
D2378,3.748,30.08,85.383,2.705,0,Mild Steel,320.6,519.67,2.5195,0.1285,0.481
D2379,3.76,34.648,67.593,5.027,2,Aluminium,344.2,340.352,3.3464,0.0404,0.279
D2380,3.318,37.537,46.249,7.854,1,Stainless Steel,159.9,121.909,0.2392,0.0783,1.764
D2381,7.478,75.376,40.763,9.614,0,Mild Steel,1456.2,101.534,0.0626,0.3066,2.462
D2382,4.937,60.094,69.822,3.829,1,Stainless Steel,407.8,153.845,0.398,0.2817,1.398
D2383,5.412,74.961,59.741,3.752,2,Aluminium,1045.3,229.916,1.0871,0.1113,0.413
D2384,4.983,64.402,96.944,1.338,1,Stainless Steel,437.6,249.568,1.0371,0.4231,0.861
D2385,6.444,40.863,66.907,7.408,0,Mild Steel,1225.3,355.0,0.6711,0.2351,0.704
D2386,8.471,70.786,94.291,3.346,2,Aluminium,155.8,25.801,0.1759,0.2595,3.682
D2387,3.431,44.394,80.054,4.961,2,Aluminium,902.0,977.975,14.9545,0.056,0.097
D2388,6.083,33.591,49.684,9.611,2,Aluminium,986.0,275.573,0.927,0.0466,0.345
D2389,8.101,75.205,53.353,5.753,2,Aluminium,687.7,59.825,0.1514,0.1492,1.588
D2390,6.624,48.729,68.075,3.283,2,Aluminium,956.7,261.881,1.2355,0.1009,0.363
D2391,6.737,48.766,40.467,9.829,1,Stainless Steel,1325.0,171.307,0.1221,0.1808,1.255
D2392,3.236,51.852,97.934,4.177,0,Mild Steel,364.8,474.23,3.9017,0.2193,0.527
D2393,9.137,79.598,95.827,9.767,1,Stainless Steel,539.8,57.955,0.1621,0.9478,3.71
D2394,3.585,38.643,50.592,3.389,0,Mild Steel,698.0,541.579,1.0153,0.0935,0.462
D2395,3.458,51.008,54.089,4.227,1,Stainless Steel,448.0,288.868,0.6966,0.1298,0.744
D2396,6.71,62.139,55.186,5.165,1,Stainless Steel,985.4,154.029,0.1829,0.3129,1.396
D2397,3.156,63.438,94.943,3.412,2,Aluminium,429.5,479.489,10.6851,0.0873,0.198
D2398,7.344,44.019,76.37,6.222,0,Mild Steel,1212.3,303.341,0.6194,0.3295,0.824
D2399,9.611,35.247,69.954,3.278,0,Mild Steel,702.8,137.684,0.1538,0.3162,1.816
D2400,4.645,50.309,61.991,5.517,2,Aluminium,100.7,42.005,0.2757,0.0665,2.262
D2401,4.217,54.986,63.027,3.711,0,Mild Steel,429.0,213.478,0.5208,0.195,1.171
D2402,6.179,37.168,99.665,6.593,1,Stainless Steel,169.0,88.413,0.3955,0.3113,2.432
D2403,8.804,31.809,51.149,7.73,2,Aluminium,1302.2,208.679,0.4653,0.0658,0.455
D2404,4.816,42.52,40.001,2.916,1,Stainless Steel,1260.0,423.895,0.352,0.1114,0.507
D2405,4.502,62.576,82.14,3.745,1,Stainless Steel,898.1,454.072,1.8069,0.3147,0.473
D2406,5.956,77.811,67.09,6.126,2,Aluminium,791.7,144.291,0.8431,0.1427,0.658
D2407,8.516,62.854,50.983,7.021,1,Stainless Steel,952.2,83.285,0.0674,0.3711,2.581
D2408,9.635,52.785,74.626,2.541,2,Aluminium,1432.4,205.659,0.731,0.1742,0.462
D2409,6.417,57.922,40.049,5.178,1,Stainless Steel,1435.8,189.294,0.1249,0.2025,1.136
D2410,9.278,77.884,95.819,7.144,0,Mild Steel,1088.8,123.29,0.308,0.924,2.028
D2411,8.232,62.719,53.331,8.017,1,Stainless Steel,154.1,14.641,0.0138,0.3745,14.685
D2412,9.919,56.106,90.533,5.089,0,Mild Steel,360.8,50.565,0.0978,0.6724,4.944
D2413,9.102,59.003,70.064,2.316,2,Aluminium,276.6,37.529,0.1239,0.1727,2.531
D2414,8.752,77.208,73.84,9.591,1,Stainless Steel,876.3,81.089,0.1413,0.6786,2.651
D2415,4.375,79.878,54.672,1.524,1,Stainless Steel,1129.7,367.201,0.5719,0.2599,0.586
D2416,5.594,78.616,68.848,5.475,1,Stainless Steel,868.8,183.982,0.4269,0.4118,1.169
D2417,4.621,76.861,43.08,9.671,1,Stainless Steel,879.3,157.126,0.1921,0.2081,1.368
D2418,9.971,61.054,75.866,5.943,0,Mild Steel,524.6,54.538,0.0757,0.6163,4.584
D2419,3.117,66.578,58.74,8.444,0,Mild Steel,1039.3,642.656,2.0896,0.1627,0.389
D2420,3.912,41.236,47.103,6.557,1,Stainless Steel,1301.0,673.842,1.1412,0.1033,0.319
D2421,4.986,51.646,43.295,3.076,0,Mild Steel,1311.1,365.345,0.3323,0.1488,0.684
D2422,4.147,43.143,58.947,6.693,2,Aluminium,1102.1,610.546,4.2528,0.0484,0.156
D2423,4.453,57.086,92.899,4.9,0,Mild Steel,1472.4,895.087,4.6852,0.3151,0.279
D2424,6.276,47.476,72.571,9.597,2,Aluminium,237.9,64.867,0.4493,0.0992,1.465
D2425,9.473,50.763,45.482,8.11,1,Stainless Steel,991.0,76.805,0.0448,0.2974,2.799
D2426,9.618,44.747,74.684,2.341,1,Stainless Steel,354.3,60.822,0.0768,0.4371,3.535
D2427,9.883,74.528,82.968,4.435,0,Mild Steel,461.0,45.931,0.0732,0.8155,5.443
D2428,6.957,60.315,73.159,9.007,1,Stainless Steel,1009.8,182.261,0.4035,0.4175,1.18
D2429,3.874,77.404,70.674,2.182,2,Aluminium,622.9,318.433,2.8316,0.0973,0.298
D2430,4.168,57.616,64.387,7.483,0,Mild Steel,1427.0,632.1,1.8268,0.2063,0.396
D2431,7.732,77.551,42.714,5.731,0,Mild Steel,893.3,65.691,0.0388,0.3418,3.806
D2432,4.968,30.412,97.171,6.519,1,Stainless Steel,179.8,167.276,0.9168,0.1997,1.285
D2433,4.911,73.194,51.65,3.657,0,Mild Steel,368.5,85.98,0.1171,0.2478,2.908
D2434,4.081,53.705,49.96,7.109,0,Mild Steel,1203.0,464.26,0.8222,0.1461,0.538
D2435,3.705,78.202,51.685,4.984,1,Stainless Steel,1360.0,468.76,0.9786,0.2037,0.459
D2436,6.327,76.336,98.345,5.181,1,Stainless Steel,507.3,127.82,0.5172,0.646,1.682
D2437,4.127,39.092,79.241,5.762,1,Stainless Steel,836.5,708.7,3.1402,0.1738,0.303
D2438,7.283,38.2,90.926,4.895,2,Aluminium,413.6,150.914,1.2211,0.1161,0.629
D2439,3.341,61.969,63.423,4.365,2,Aluminium,657.7,433.759,4.2101,0.0603,0.219
D2440,5.776,50.279,79.501,9.286,0,Mild Steel,1240.8,410.278,1.287,0.3081,0.609
D2441,8.186,59.792,70.088,7.66,1,Stainless Steel,1050.7,140.282,0.2286,0.4665,1.533
D2442,6.277,68.416,46.128,1.928,0,Mild Steel,1279.9,202.603,0.1485,0.2643,1.234
D2443,3.497,62.129,96.404,9.437,0,Mild Steel,454.6,392.712,3.0653,0.2795,0.637
D2444,6.464,56.406,89.676,6.659,0,Mild Steel,1003.6,286.286,0.9504,0.4363,0.873
D2445,3.469,44.485,48.823,1.351,1,Stainless Steel,525.0,428.05,0.6817,0.1025,0.502
D2446,6.248,57.94,87.394,8.891,2,Aluminium,825.9,226.483,2.2617,0.1452,0.419
D2447,8.724,30.551,83.75,7.107,2,Aluminium,197.7,55.824,0.332,0.1025,1.702
D2448,6.486,74.503,91.225,9.383,1,Stainless Steel,278.7,57.428,0.2157,0.5995,3.744
D2449,5.912,43.838,86.458,4.262,2,Aluminium,893.0,404.287,3.6925,0.1029,0.235
D2450,4.478,48.955,45.812,3.699,0,Mild Steel,1433.0,522.793,0.627,0.134,0.478
D2451,6.997,73.039,83.059,8.65,2,Aluminium,1193.1,201.136,1.5841,0.1948,0.472
D2452,4.285,42.143,97.144,6.959,2,Aluminium,971.7,849.84,15.5709,0.0805,0.112
D2453,8.529,65.145,95.29,1.549,0,Mild Steel,884.6,174.285,0.3787,0.7066,1.434
D2454,6.826,49.455,59.714,4.843,1,Stainless Steel,367.6,76.682,0.1031,0.2742,2.804
D2455,7.248,30.448,40.489,4.103,2,Aluminium,1448.0,307.776,0.4806,0.041,0.309
D2456,7.926,67.071,54.02,1.096,1,Stainless Steel,1459.8,187.401,0.1428,0.3906,1.147
D2457,8.926,51.67,73.469,8.534,2,Aluminium,1422.8,192.996,0.8901,0.1555,0.492
D2458,6.431,72.065,41.419,7.0,2,Aluminium,1207.3,124.5,0.2594,0.0881,0.763
D2459,4.102,63.333,54.769,8.33,1,Stainless Steel,639.9,223.921,0.4984,0.1935,0.96
D2460,4.77,78.66,71.272,2.249,0,Mild Steel,879.8,303.778,0.7462,0.3569,0.823
D2461,8.332,74.165,90.593,3.597,1,Stainless Steel,1420.0,219.807,0.51,0.7614,0.978
D2462,5.953,39.587,70.914,9.306,0,Mild Steel,1374.5,486.451,1.1735,0.223,0.514
D2463,4.855,78.725,47.498,5.312,1,Stainless Steel,296.4,56.239,0.0731,0.2469,3.823
D2464,4.912,60.832,70.81,9.031,1,Stainless Steel,116.6,38.614,0.119,0.2877,5.568
D2465,6.137,36.786,51.603,7.51,1,Stainless Steel,707.2,191.511,0.2369,0.1584,1.123
D2466,7.089,65.584,68.99,2.18,0,Mild Steel,510.9,98.892,0.1436,0.4281,2.528
D2467,4.139,52.724,71.024,7.631,0,Mild Steel,532.6,287.44,1.0206,0.2068,0.87
D2468,7.778,73.329,57.718,3.488,2,Aluminium,384.0,43.691,0.1241,0.1511,2.174
D2469,7.547,41.001,50.259,6.22,0,Mild Steel,359.3,60.481,0.0518,0.2075,4.134
D2470,8.356,65.708,88.226,1.81,0,Mild Steel,1453.2,269.251,0.5207,0.6464,0.929
D2471,5.715,56.085,62.098,9.848,2,Aluminium,336.0,78.786,0.4456,0.0914,1.206
D2472,8.025,30.941,86.833,9.271,0,Mild Steel,988.7,316.33,0.8095,0.2877,0.79
D2473,3.391,44.845,63.338,9.774,1,Stainless Steel,478.3,400.123,1.441,0.131,0.537
D2474,5.604,62.261,89.977,8.208,0,Mild Steel,1285.7,418.094,1.7094,0.419,0.598
D2475,5.148,61.598,79.118,8.492,0,Mild Steel,778.7,262.449,0.9179,0.3348,0.953
D2476,9.202,66.989,68.43,2.125,1,Stainless Steel,727.4,83.984,0.0926,0.5737,2.56
D2477,9.558,69.896,70.699,4.302,1,Stainless Steel,822.0,79.524,0.0986,0.6423,2.704
D2478,7.615,55.258,85.017,9.079,0,Mild Steel,1222.6,236.858,0.6157,0.4774,1.055
D2479,6.332,41.655,49.147,6.614,0,Mild Steel,1486.8,327.168,0.3339,0.173,0.764
D2480,7.776,73.418,85.524,5.806,0,Mild Steel,1467.6,225.343,0.5318,0.6516,1.109
D2481,9.503,79.062,44.96,4.466,1,Stainless Steel,496.2,27.106,0.0138,0.4594,7.932
D2482,4.599,55.375,63.734,4.205,2,Aluminium,1219.0,508.46,3.396,0.0745,0.187
D2483,4.298,51.882,99.089,3.443,0,Mild Steel,1063.6,864.563,5.0233,0.2949,0.289
D2484,4.1,60.461,78.472,6.669,0,Mild Steel,1275.7,685.984,2.9576,0.2596,0.364
D2485,7.734,72.487,43.762,7.442,1,Stainless Steel,1289.4,98.789,0.0668,0.3337,2.176
D2486,6.081,53.993,55.685,9.55,1,Stainless Steel,901.8,175.995,0.2658,0.2487,1.222
D2487,5.641,59.831,40.959,2.751,0,Mild Steel,856.4,158.797,0.1096,0.1845,1.574
D2488,5.43,67.399,68.872,3.24,0,Mild Steel,1467.1,422.881,0.8885,0.3363,0.591
D2489,4.875,39.814,45.059,3.161,1,Stainless Steel,1478.3,576.447,0.6077,0.1189,0.373
D2490,4.123,50.283,49.677,9.237,1,Stainless Steel,658.2,260.517,0.4747,0.1401,0.825
D2491,3.858,33.722,72.224,8.001,1,Stainless Steel,318.5,312.128,1.2846,0.1278,0.689
D2492,3.462,39.828,52.163,1.018,0,Mild Steel,811.4,824.708,1.3936,0.096,0.303
D2493,9.666,56.176,50.558,2.607,2,Aluminium,1173.0,106.246,0.1732,0.126,0.894
D2494,7.409,43.897,70.851,7.652,1,Stainless Steel,1224.4,269.731,0.5056,0.3134,0.797
D2495,9.765,30.308,66.757,1.155,1,Stainless Steel,855.6,199.939,0.1869,0.2687,1.075
D2496,3.843,30.193,74.697,2.449,0,Mild Steel,625.7,860.928,3.0431,0.1157,0.29
D2497,8.932,33.914,52.215,1.713,2,Aluminium,178.8,33.642,0.0611,0.0726,2.824
D2498,8.096,67.238,56.903,7.419,2,Aluminium,955.3,94.504,0.2859,0.1422,1.005
D2499,3.281,35.537,55.342,1.683,0,Mild Steel,1333.8,1648.609,3.601,0.0861,0.152
D2500,6.334,34.675,76.067,7.004,2,Aluminium,918.7,371.742,2.6607,0.0767,0.256
D2501,8.192,72.579,66.349,1.904,2,Aluminium,390.8,50.913,0.1658,0.1811,1.866
D2502,9.909,54.303,94.582,1.274,0,Mild Steel,341.7,61.004,0.1095,0.6792,4.098
D2503,9.741,56.668,97.909,6.636,2,Aluminium,713.1,105.32,0.7407,0.2481,0.902
D2504,4.511,30.045,49.86,5.811,0,Mild Steel,1018.6,598.805,0.9156,0.0902,0.417
D2505,8.92,49.404,65.381,3.071,0,Mild Steel,1181.7,178.973,0.1884,0.3845,1.397
D2506,9.364,52.733,83.08,3.407,0,Mild Steel,101.1,16.405,0.0268,0.5475,15.24
D2507,8.492,75.694,71.663,3.818,1,Stainless Steel,312.4,35.849,0.0514,0.6265,5.997
D2508,7.878,42.487,43.449,6.155,1,Stainless Steel,1142.5,148.756,0.0935,0.1978,1.445
D2509,8.265,36.534,95.955,8.883,1,Stainless Steel,202.9,58.029,0.1801,0.394,3.705
D2510,9.471,67.462,43.286,9.33,0,Mild Steel,140.5,7.595,0.004,0.3691,32.914
D2511,3.223,41.616,77.264,6.755,0,Mild Steel,1423.6,1732.207,9.4233,0.1383,0.144
D2512,6.274,79.869,46.14,4.439,2,Aluminium,283.3,33.487,0.0818,0.1061,2.837
D2513,6.511,34.687,46.747,1.124,2,Aluminium,547.9,171.43,0.3389,0.0485,0.554
D2514,6.566,53.806,45.66,5.801,2,Aluminium,582.3,88.454,0.211,0.074,1.074
D2515,6.286,59.961,89.504,5.167,0,Mild Steel,240.9,71.213,0.232,0.4502,3.511
D2516,9.809,39.676,65.236,2.616,2,Aluminium,614.2,98.827,0.264,0.1165,0.961
D2517,8.078,36.888,61.257,6.332,2,Aluminium,1087.9,218.632,0.7457,0.0838,0.435
D2518,3.828,62.749,96.358,4.657,1,Stainless Steel,1111.4,847.453,5.8534,0.3148,0.254
D2519,4.884,64.921,71.215,1.334,0,Mild Steel,380.7,164.372,0.3637,0.3013,1.521
D2520,6.556,70.27,81.383,1.616,2,Aluminium,1116.6,285.842,1.7617,0.1721,0.332
D2521,6.626,72.891,90.821,9.179,1,Stainless Steel,1346.5,272.274,0.9858,0.5966,0.79
D2522,7.391,44.624,54.749,3.563,0,Mild Steel,965.2,187.28,0.1759,0.241,1.335
D2523,5.743,61.358,42.278,7.382,0,Mild Steel,327.0,49.266,0.0425,0.1988,5.075
D2524,7.178,54.354,97.894,6.265,1,Stainless Steel,1056.5,285.634,1.0219,0.5194,0.753
D2525,5.862,75.502,90.175,9.841,0,Mild Steel,1216.9,293.477,1.1734,0.5326,0.852
D2526,4.322,65.635,60.853,7.344,0,Mild Steel,130.0,44.712,0.1106,0.2304,5.591
D2527,7.261,43.863,90.353,7.177,1,Stainless Steel,522.8,154.278,0.4759,0.3914,1.394
D2528,8.749,37.0,73.951,5.245,2,Aluminium,950.2,206.158,0.8991,0.1099,0.461
D2529,4.65,50.705,65.148,9.335,0,Mild Steel,941.8,381.112,1.0218,0.205,0.656
D2530,8.704,58.179,63.204,6.806,1,Stainless Steel,490.5,55.564,0.0669,0.4353,3.869
D2531,5.152,53.902,86.031,6.572,2,Aluminium,1496.3,649.678,7.4946,0.1097,0.146
D2532,9.726,69.578,92.827,1.837,2,Aluminium,1393.5,191.885,1.0093,0.2883,0.495
D2533,4.117,68.787,42.669,9.464,2,Aluminium,1035.4,257.989,0.9713,0.0555,0.368
D2534,9.767,52.649,57.656,7.78,0,Mild Steel,1148.1,103.743,0.0897,0.3957,2.41
D2535,4.275,78.761,80.126,5.719,2,Aluminium,992.8,395.974,4.8116,0.1238,0.24
D2536,3.766,49.089,44.792,5.698,2,Aluminium,1120.7,507.3,2.2276,0.038,0.187
D2537,8.946,50.167,91.792,9.053,0,Mild Steel,1461.6,251.316,0.6295,0.5497,0.995
D2538,5.118,33.703,64.56,3.711,1,Stainless Steel,906.8,531.634,1.1196,0.1514,0.404
D2539,3.645,39.244,83.441,7.857,1,Stainless Steel,1328.8,1447.953,8.4184,0.1623,0.148
D2540,9.871,74.933,81.427,5.086,1,Stainless Steel,234.0,22.279,0.0363,0.8191,9.65
D2541,8.42,49.043,52.184,9.556,0,Mild Steel,1040.4,115.01,0.101,0.2876,2.174
D2542,9.22,38.848,68.69,9.015,2,Aluminium,1474.7,232.155,0.9099,0.1129,0.409
D2543,7.849,31.088,63.656,7.423,2,Aluminium,231.3,58.553,0.2301,0.0713,1.622
D2544,3.611,52.975,44.887,5.136,1,Stainless Steel,453.3,209.018,0.3405,0.1168,1.029
D2545,6.018,47.419,62.644,8.803,2,Aluminium,145.1,37.398,0.2,0.0821,2.54
D2546,3.887,68.691,60.332,1.435,1,Stainless Steel,1209.5,633.65,1.3641,0.2191,0.339
D2547,9.257,77.619,43.009,9.43,2,Aluminium,1235.7,60.023,0.0926,0.1418,1.583
D2548,5.769,55.047,74.177,3.528,1,Stainless Steel,694.0,232.579,0.5553,0.3204,0.924
D2549,5.09,56.628,86.618,4.307,1,Stainless Steel,409.4,188.048,0.7383,0.3396,1.143
D2550,3.63,73.951,50.172,7.749,0,Mild Steel,518.8,181.888,0.3705,0.1797,1.374
D2551,5.747,73.909,96.573,7.59,1,Stainless Steel,785.7,223.179,1.0456,0.5579,0.963
D2552,6.041,71.318,50.352,5.723,0,Mild Steel,1170.3,172.397,0.19,0.2895,1.45
D2553,5.193,65.484,72.563,1.294,0,Mild Steel,773.0,301.472,0.6442,0.3293,0.829
D2554,9.91,54.329,97.56,1.642,0,Mild Steel,665.0,120.082,0.2336,0.701,2.082
D2555,7.437,69.507,83.012,2.548,2,Aluminium,830.4,163.379,0.963,0.197,0.581
D2556,7.558,45.407,80.644,5.591,0,Mild Steel,1048.7,260.324,0.561,0.3693,0.96
D2557,5.09,73.693,44.097,8.521,2,Aluminium,783.9,125.661,0.4009,0.0759,0.756
D2558,8.727,38.433,55.927,9.745,2,Aluminium,1208.4,170.558,0.4797,0.0861,0.557
D2559,9.615,42.369,44.002,4.083,0,Mild Steel,640.6,63.478,0.029,0.2392,3.938
D2560,5.025,40.641,45.999,8.71,1,Stainless Steel,722.0,223.693,0.2824,0.1278,0.961
D2561,9.09,44.043,92.127,5.975,1,Stainless Steel,1186.2,245.241,0.5811,0.5016,0.877
D2562,8.066,59.911,48.029,9.444,1,Stainless Steel,1190.5,107.452,0.0869,0.3157,2.001
D2563,4.168,31.603,65.812,2.245,2,Aluminium,194.0,197.043,1.401,0.0398,0.482
D2564,7.461,53.98,48.306,3.897,1,Stainless Steel,389.9,53.393,0.0406,0.2646,4.027
D2565,5.171,70.997,90.879,8.364,1,Stainless Steel,240.4,80.213,0.3809,0.4538,2.68
D2566,5.831,30.061,74.174,8.406,1,Stainless Steel,509.0,261.662,0.7224,0.1768,0.822
D2567,5.903,31.065,64.167,3.729,2,Aluminium,1102.3,537.672,2.6422,0.054,0.177
D2568,6.218,50.781,99.193,8.474,1,Stainless Steel,1342.1,484.317,2.2232,0.426,0.444
D2569,6.341,79.126,71.753,1.111,1,Stainless Steel,655.5,145.303,0.2488,0.4896,1.48
D2570,6.851,42.346,73.122,5.423,2,Aluminium,458.8,133.039,0.7638,0.0974,0.714
D2571,3.308,76.91,51.11,1.954,2,Aluminium,941.4,476.24,2.6162,0.0597,0.199
D2572,8.641,68.22,40.479,5.967,2,Aluminium,1415.3,90.995,0.1236,0.1095,1.044
D2573,3.439,67.591,66.217,7.302,2,Aluminium,429.7,242.375,2.6311,0.0706,0.392
D2574,4.851,79.347,62.864,4.008,1,Stainless Steel,885.6,233.062,0.5034,0.3291,0.923
D2575,9.013,44.689,86.644,4.231,2,Aluminium,710.3,147.093,0.8185,0.1602,0.646
D2576,4.279,65.102,44.51,8.757,0,Mild Steel,438.2,111.399,0.1515,0.1655,2.244
D2577,9.9,65.683,73.38,2.089,0,Mild Steel,508.0,55.932,0.063,0.6368,4.47
D2578,4.942,60.287,91.369,8.279,1,Stainless Steel,122.3,52.66,0.2656,0.3702,4.083
D2579,4.456,36.372,92.593,4.371,2,Aluminium,695.9,674.828,9.9494,0.0689,0.141
D2580,6.775,61.177,77.937,6.265,1,Stainless Steel,353.3,75.006,0.1822,0.4393,2.866
D2581,7.642,51.613,76.411,1.335,1,Stainless Steel,901.3,224.642,0.3618,0.4099,0.957
D2582,6.503,34.732,71.528,7.402,1,Stainless Steel,1273.5,456.543,1.0112,0.2197,0.471
D2583,7.11,39.707,75.577,2.782,0,Mild Steel,875.8,294.677,0.5299,0.2847,0.848
D2584,3.448,73.785,44.394,8.369,1,Stainless Steel,1293.2,445.603,0.7752,0.1536,0.482
D2585,9.369,39.051,64.214,8.205,1,Stainless Steel,847.1,122.641,0.1447,0.3195,1.753
D2586,6.315,34.334,53.919,9.172,1,Stainless Steel,460.8,128.378,0.1731,0.159,1.675
D2587,5.059,79.174,83.926,4.095,1,Stainless Steel,560.3,182.139,0.6698,0.4571,1.18
D2588,3.55,55.117,71.628,7.203,0,Mild Steel,828.2,581.574,2.4689,0.187,0.43
D2589,5.464,38.856,97.953,5.031,2,Aluminium,336.5,217.462,2.8913,0.0955,0.437
D2590,8.615,40.607,57.754,2.101,1,Stainless Steel,883.2,161.019,0.1358,0.2748,1.335
D2591,4.434,37.509,98.065,1.516,0,Mild Steel,1133.8,1374.056,6.5381,0.2177,0.182
D2592,8.6,70.857,45.575,3.455,1,Stainless Steel,797.5,61.725,0.0347,0.3777,3.483
D2593,3.624,73.664,42.078,6.28,1,Stainless Steel,264.8,79.596,0.1166,0.1528,2.701
D2594,5.147,69.864,96.506,1.261,0,Mild Steel,188.9,93.688,0.3566,0.4631,2.668
D2595,3.897,64.696,47.406,9.764,0,Mild Steel,627.8,206.22,0.3493,0.1595,1.212
D2596,8.547,54.273,65.926,2.503,0,Mild Steel,562.1,86.988,0.0951,0.4081,2.874
D2597,9.58,61.399,43.891,7.774,1,Stainless Steel,721.5,44.08,0.0234,0.3511,4.878
D2598,9.1,47.861,69.316,7.182,2,Aluminium,680.7,93.867,0.3643,0.1386,1.012
D2599,5.162,63.746,77.411,4.315,2,Aluminium,667.6,237.251,2.0472,0.1169,0.4
D2600,7.741,47.621,78.24,4.996,1,Stainless Steel,1136.7,255.389,0.5107,0.3923,0.842
D2601,7.625,63.643,40.423,1.536,2,Aluminium,804.1,85.248,0.1091,0.09,1.114
D2602,3.437,79.664,40.271,6.928,0,Mild Steel,692.4,201.696,0.2795,0.1472,1.239
D2603,3.096,65.764,65.128,6.022,2,Aluminium,929.6,655.706,7.6283,0.0609,0.145
D2604,9.734,64.713,57.491,8.975,1,Stainless Steel,139.7,10.025,0.0092,0.4925,21.446
D2605,8.478,54.486,68.757,5.305,2,Aluminium,638.4,92.382,0.3623,0.1458,1.028
D2606,5.996,76.136,83.698,6.396,2,Aluminium,159.8,36.399,0.331,0.1754,2.61
D2607,4.485,34.376,76.431,9.723,1,Stainless Steel,182.3,137.191,0.5438,0.1603,1.567
D2608,7.094,54.361,47.733,5.068,0,Mild Steel,969.7,136.001,0.1087,0.2456,1.838
D2609,4.235,69.155,88.647,7.202,1,Stainless Steel,1311.9,649.585,3.6061,0.3531,0.331
D2610,3.731,39.894,84.381,7.259,2,Aluminium,1064.3,1103.956,17.8889,0.0576,0.086
D2611,8.747,79.432,40.31,1.489,2,Aluminium,144.4,9.441,0.0103,0.1285,10.063
D2612,7.501,61.74,40.857,4.999,2,Aluminium,366.4,35.107,0.0556,0.0868,2.706
D2613,5.66,74.271,97.833,5.928,0,Mild Steel,1100.9,338.319,1.5313,0.5488,0.739
D2614,7.186,75.552,93.75,9.955,1,Stainless Steel,425.5,72.853,0.2592,0.6922,2.951
D2615,9.673,65.579,78.837,2.839,0,Mild Steel,1335.1,159.604,0.2204,0.6674,1.566
D2616,6.296,54.825,65.251,1.071,2,Aluminium,592.0,175.156,0.6968,0.1034,0.542
D2617,7.33,77.716,96.061,3.884,2,Aluminium,854.7,167.097,1.4353,0.2512,0.569
D2618,4.295,78.226,72.41,6.632,0,Mild Steel,238.4,83.884,0.292,0.3247,2.98
D2619,7.067,61.233,91.522,2.754,1,Stainless Steel,1020.8,273.188,0.7506,0.5386,0.787
D2620,5.224,78.509,96.926,6.341,2,Aluminium,1157.2,381.123,5.458,0.1825,0.249
D2621,6.49,47.498,70.355,5.803,2,Aluminium,805.2,217.984,1.2519,0.0995,0.436
D2622,8.953,43.911,44.952,2.772,1,Stainless Steel,676.2,79.793,0.0404,0.2403,2.694
D2623,7.864,43.339,99.267,2.179,0,Mild Steel,513.3,178.134,0.4763,0.4515,1.403
D2624,5.761,65.175,91.877,9.236,2,Aluminium,371.1,110.021,1.339,0.1583,0.863
D2625,3.857,52.075,52.523,4.877,2,Aluminium,1496.9,733.967,4.2097,0.0484,0.129
D2626,7.541,64.384,69.008,4.473,1,Stainless Steel,1152.5,180.827,0.2843,0.4557,1.189
D2627,7.961,60.542,54.564,4.498,2,Aluminium,672.0,80.274,0.2072,0.1207,1.183
D2628,9.04,40.639,98.461,2.646,0,Mild Steel,769.5,212.356,0.4894,0.4827,1.177
D2629,5.859,70.5,93.254,1.643,1,Stainless Steel,1123.3,405.01,1.3313,0.5239,0.531
D2630,6.198,71.55,95.246,2.574,0,Mild Steel,206.1,63.218,0.2091,0.5636,3.955
D2631,4.773,78.452,88.715,5.819,2,Aluminium,1239.1,447.455,5.8801,0.1525,0.212
D2632,5.134,60.536,98.363,6.029,2,Aluminium,502.4,226.741,3.3835,0.1403,0.419
D2633,8.03,57.638,71.046,1.99,2,Aluminium,947.5,171.99,0.66,0.1509,0.552
D2634,6.086,74.918,61.308,8.57,1,Stainless Steel,1085.8,170.514,0.3071,0.3802,1.261
D2635,4.439,36.818,71.85,4.891,0,Mild Steel,172.5,126.472,0.3973,0.1567,1.977
D2636,4.026,34.455,66.552,1.887,0,Mild Steel,466.5,482.524,1.2232,0.1232,0.518
D2637,4.031,73.911,51.134,6.689,1,Stainless Steel,380.1,112.447,0.2175,0.2072,1.912
D2638,9.934,69.448,93.411,8.466,2,Aluminium,1176.7,124.612,0.8167,0.2958,0.762
D2639,6.402,56.04,57.17,4.086,0,Mild Steel,461.7,94.377,0.1173,0.2737,2.649
D2640,7.828,30.401,94.254,4.114,2,Aluminium,828.7,356.799,2.7586,0.103,0.266
D2641,5.121,55.01,48.958,2.915,0,Mild Steel,411.2,117.061,0.1306,0.1841,2.136
D2642,6.655,74.136,94.805,8.69,1,Stainless Steel,1062.9,220.755,0.8592,0.6361,0.974
D2643,4.438,36.176,91.942,6.867,0,Mild Steel,186.3,168.549,0.9156,0.197,1.483
D2644,5.59,79.451,65.985,5.036,1,Stainless Steel,681.4,139.234,0.2924,0.3985,1.544
D2645,4.584,71.053,44.612,5.194,1,Stainless Steel,997.8,219.658,0.2683,0.1976,0.979
D2646,5.62,58.414,67.965,6.319,0,Mild Steel,613.6,166.748,0.3715,0.2978,1.499
D2647,8.172,60.934,82.496,5.367,1,Stainless Steel,1072.5,177.583,0.3752,0.5587,1.211
D2648,9.938,40.439,78.128,4.772,2,Aluminium,448.8,75.893,0.3126,0.1441,1.252
D2649,3.127,42.187,79.408,6.101,2,Aluminium,296.2,389.098,6.664,0.0481,0.244
D2650,5.65,45.74,59.497,8.242,0,Mild Steel,1046.1,301.37,0.534,0.2052,0.83
D2651,7.387,79.0,83.771,5.8,2,Aluminium,423.8,65.009,0.4536,0.2244,1.461
D2652,9.545,57.775,97.34,6.346,2,Aluminium,457.9,69.002,0.4873,0.2464,1.377
D2653,7.199,32.818,85.465,1.521,2,Aluminium,737.2,357.77,2.1785,0.0927,0.266
D2654,4.697,48.864,50.891,7.247,1,Stainless Steel,1013.1,335.453,0.5464,0.1589,0.641
D2655,5.045,62.654,69.365,8.977,2,Aluminium,698.7,209.452,1.6805,0.1006,0.454
D2656,4.751,52.765,41.8,8.009,1,Stainless Steel,328.3,79.898,0.0878,0.1425,2.691
D2657,9.169,47.77,96.688,3.746,0,Mild Steel,273.3,58.401,0.1342,0.5652,4.281
D2658,8.035,44.211,98.404,7.132,0,Mild Steel,1367.6,363.484,1.1365,0.4665,0.688
D2659,4.714,55.095,54.404,8.599,2,Aluminium,1362.2,416.01,2.2034,0.0649,0.228
D2660,9.181,50.466,76.681,3.677,0,Mild Steel,225.8,36.244,0.0521,0.4741,6.898
D2661,6.436,47.731,56.404,3.725,1,Stainless Steel,591.2,141.048,0.1728,0.2357,1.524
D2662,8.377,38.011,66.014,6.283,2,Aluminium,1224.7,241.362,0.914,0.0965,0.394
D2663,9.015,32.663,86.476,6.346,0,Mild Steel,862.4,226.463,0.4661,0.3398,1.104
D2664,3.513,63.107,47.46,5.061,1,Stainless Steel,1440.1,621.527,1.1658,0.1431,0.346
D2665,7.588,78.93,99.391,8.654,0,Mild Steel,1078.7,173.63,0.6144,0.7943,1.44
D2666,9.312,41.081,56.845,7.028,1,Stainless Steel,1094.1,138.879,0.1256,0.2957,1.548
D2667,9.686,49.855,47.363,9.045,0,Mild Steel,1159.4,89.631,0.0544,0.3052,2.789
D2668,4.609,76.039,99.534,8.19,2,Aluminium,1163.1,493.891,8.9283,0.1601,0.192
D2669,6.563,62.759,58.527,6.936,0,Mild Steel,521.6,84.262,0.1179,0.3217,2.967
D2670,7.697,75.882,83.839,4.66,2,Aluminium,1375.2,212.694,1.3576,0.2248,0.447
D2671,6.747,47.381,70.231,7.934,2,Aluminium,473.6,112.88,0.6536,0.103,0.842
D2672,6.174,70.178,94.935,1.926,2,Aluminium,1221.4,400.038,3.6673,0.1888,0.237
D2673,3.697,32.58,69.816,8.7,2,Aluminium,822.6,878.182,9.8577,0.0386,0.108
D2674,7.844,41.486,92.724,5.355,0,Mild Steel,137.3,40.457,0.1094,0.4027,6.179
D2675,6.426,72.705,84.136,5.76,2,Aluminium,1252.8,270.17,2.2423,0.1804,0.352
D2676,4.892,38.728,56.047,3.139,1,Stainless Steel,1234.6,612.628,0.9939,0.1444,0.351
D2677,3.506,57.105,81.541,9.249,2,Aluminium,222.5,175.914,2.84,0.0749,0.54
D2678,5.186,59.948,89.742,7.438,2,Aluminium,819.3,323.254,4.1052,0.1281,0.294
D2679,5.9,36.971,40.087,7.136,1,Stainless Steel,1254.1,284.588,0.2205,0.1189,0.755
D2680,4.22,58.549,82.127,2.466,1,Stainless Steel,432.0,284.14,1.1276,0.2759,0.757
D2681,3.889,62.215,82.572,1.562,0,Mild Steel,919.5,718.194,2.83,0.2666,0.348
D2682,3.524,36.148,72.369,7.923,0,Mild Steel,1121.9,1231.333,5.3746,0.123,0.203
D2683,9.895,63.768,55.051,8.99,1,Stainless Steel,1089.5,73.722,0.061,0.4724,2.916
D2684,6.206,38.131,61.607,4.547,2,Aluminium,1312.2,440.403,1.9521,0.0669,0.216
D2685,7.712,71.772,83.356,7.668,1,Stainless Steel,625.4,92.154,0.2281,0.6275,2.333
D2686,7.431,49.59,53.674,6.369,1,Stainless Steel,133.3,20.285,0.021,0.269,10.599
D2687,8.009,72.386,62.928,6.703,0,Mild Steel,1294.0,136.726,0.1734,0.4869,1.828
D2688,8.247,55.417,56.88,4.742,1,Stainless Steel,431.2,54.493,0.0529,0.3535,3.945
D2689,8.22,72.449,94.703,5.201,1,Stainless Steel,1230.2,195.794,0.5383,0.767,1.098
D2690,5.646,39.541,50.786,2.626,2,Aluminium,523.6,183.383,0.5589,0.052,0.518
D2691,7.836,70.254,73.824,7.852,2,Aluminium,478.8,61.728,0.3303,0.1865,1.539
D2692,3.293,69.099,99.45,7.016,1,Stainless Steel,325.0,293.666,2.6845,0.3078,0.732
D2693,5.083,48.005,81.609,8.034,2,Aluminium,219.9,101.181,1.0991,0.0914,0.939
D2694,4.082,52.908,43.363,9.822,1,Stainless Steel,1469.1,492.023,0.6899,0.1274,0.437
D2695,5.63,68.073,53.571,4.164,2,Aluminium,682.0,135.219,0.5005,0.0942,0.703
D2696,4.07,71.385,48.164,1.296,1,Stainless Steel,1290.6,483.857,0.6209,0.1903,0.444
D2697,5.643,32.978,77.089,3.259,0,Mild Steel,569.2,349.587,0.8801,0.1914,0.715
D2698,9.877,56.237,80.354,2.554,1,Stainless Steel,1447.1,200.285,0.2872,0.607,1.073
D2699,8.398,59.902,88.734,8.779,0,Mild Steel,805.7,126.503,0.3173,0.5957,1.976
D2700,3.737,51.667,58.319,3.705,0,Mild Steel,960.8,586.191,1.4133,0.1503,0.426
D2701,7.683,50.867,68.409,9.373,2,Aluminium,497.8,82.498,0.4005,0.1227,1.152
D2702,7.079,74.569,61.723,2.749,2,Aluminium,574.4,84.876,0.296,0.1495,1.119
D2703,6.571,62.196,77.323,2.344,0,Mild Steel,971.6,253.451,0.5091,0.4217,0.986
D2704,5.396,61.377,47.583,2.311,2,Aluminium,1124.1,263.684,0.7282,0.0723,0.36
D2705,6.279,44.242,91.702,8.734,0,Mild Steel,383.8,143.693,0.5404,0.34,1.74
D2706,8.206,67.753,72.183,4.057,0,Mild Steel,615.3,83.72,0.1236,0.5356,2.986
D2707,4.563,50.199,59.966,4.179,2,Aluminium,810.2,356.255,2.124,0.063,0.267
D2708,8.735,65.513,44.993,3.624,0,Mild Steel,754.4,60.121,0.0315,0.3436,4.158
D2709,4.151,33.2,84.578,8.313,2,Aluminium,604.8,608.97,8.9354,0.0535,0.156
D2710,4.337,60.81,74.22,9.332,2,Aluminium,1087.2,480.301,5.1936,0.0899,0.198
D2711,4.481,75.812,53.367,4.305,0,Mild Steel,492.9,131.216,0.2196,0.2419,1.905
D2712,3.543,30.925,55.516,7.234,0,Mild Steel,1297.4,1263.319,3.2279,0.0812,0.198
D2713,9.493,37.029,77.346,1.408,2,Aluminium,906.5,209.313,0.7676,0.1248,0.454
D2714,8.187,73.296,54.17,7.499,1,Stainless Steel,118.8,10.037,0.0097,0.4421,21.421
D2715,7.61,46.999,47.8,1.915,1,Stainless Steel,422.7,70.373,0.0462,0.2325,3.055
D2716,5.632,64.166,69.772,1.632,1,Stainless Steel,1155.8,369.223,0.7097,0.3429,0.582
D2717,9.179,33.677,50.732,2.239,1,Stainless Steel,651.5,110.803,0.0677,0.2133,1.94
D2718,7.92,44.375,92.131,4.604,2,Aluminium,181.9,50.312,0.3741,0.1486,1.888
D2719,5.894,36.623,51.452,5.442,1,Stainless Steel,937.3,290.039,0.3529,0.151,0.741
D2720,4.405,39.167,62.01,9.926,0,Mild Steel,1075.1,597.295,1.5315,0.1428,0.419
D2721,4.602,36.849,55.451,2.56,1,Stainless Steel,1080.8,646.812,1.0633,0.1279,0.332
D2722,9.874,47.22,67.072,3.694,2,Aluminium,729.6,95.623,0.2807,0.1435,0.993
D2723,3.125,53.335,79.449,8.224,0,Mild Steel,452.6,470.127,2.7894,0.1767,0.532
D2724,9.672,37.109,74.872,4.74,1,Stainless Steel,119.1,22.129,0.0309,0.3655,9.716
D2725,5.971,57.184,57.739,5.316,2,Aluminium,451.1,98.419,0.4134,0.0905,0.965
D2726,6.244,62.963,57.54,8.616,1,Stainless Steel,1021.9,170.776,0.2632,0.3077,1.259
D2727,6.316,38.971,63.065,1.419,0,Mild Steel,568.2,221.219,0.2902,0.2072,1.13
D2728,5.254,35.59,51.733,9.34,0,Mild Steel,1119.4,406.299,0.6006,0.1291,0.615
D2729,3.602,38.693,73.427,5.781,1,Stainless Steel,682.9,697.083,3.0991,0.1392,0.308
D2730,4.707,47.284,56.575,6.159,1,Stainless Steel,450.7,175.015,0.3431,0.1712,1.228
D2731,3.954,54.167,50.378,6.252,2,Aluminium,412.4,171.553,0.913,0.0495,0.554
D2732,6.294,65.05,63.286,2.52,1,Stainless Steel,1099.6,240.44,0.3561,0.3524,0.894
D2733,4.991,45.864,67.481,7.306,2,Aluminium,388.7,162.251,1.2142,0.0709,0.586
D2734,7.38,63.734,69.569,5.454,0,Mild Steel,1134.7,181.604,0.2982,0.4367,1.377
D2735,9.773,53.891,85.886,6.29,1,Stainless Steel,1354.0,185.232,0.3534,0.6152,1.161
D2736,5.456,45.265,87.456,2.079,0,Mild Steel,502.9,292.875,0.9154,0.2882,0.854
D2737,5.726,33.309,98.296,6.339,1,Stainless Steel,607.3,404.424,1.912,0.2549,0.532
D2738,9.798,76.685,88.392,5.02,0,Mild Steel,1075.4,110.365,0.2059,0.8863,2.265
D2739,5.71,54.943,40.755,7.674,1,Stainless Steel,259.8,42.315,0.0356,0.1739,5.081
D2740,5.198,47.468,98.376,3.647,1,Stainless Steel,1039.1,642.983,3.0763,0.3301,0.334
D2741,5.415,64.557,62.235,2.167,0,Mild Steel,895.4,262.121,0.4211,0.2903,0.954
D2742,5.113,64.159,65.218,7.147,0,Mild Steel,1270.9,351.661,0.8222,0.2855,0.711
D2743,8.607,41.254,77.452,7.229,1,Stainless Steel,846.6,167.178,0.31,0.374,1.286
D2744,8.012,60.374,55.573,9.407,2,Aluminium,658.6,69.148,0.211,0.1234,1.374
D2745,4.588,51.308,53.72,7.205,0,Mild Steel,570.7,198.645,0.3571,0.1688,1.259
D2746,7.759,58.205,48.74,5.147,1,Stainless Steel,817.4,92.7,0.0722,0.2993,2.319
D2747,6.226,67.226,74.483,3.106,0,Mild Steel,679.6,166.806,0.3462,0.416,1.499
D2748,9.652,63.915,53.16,4.611,2,Aluminium,1201.6,92.817,0.1821,0.1505,1.024
D2749,9.368,72.374,70.004,5.137,1,Stainless Steel,106.6,9.919,0.0127,0.6455,21.675
D2750,9.64,54.551,55.811,2.756,2,Aluminium,156.7,16.101,0.0323,0.1347,5.9
D2751,5.444,38.305,44.537,7.719,0,Mild Steel,436.8,121.687,0.1249,0.1239,2.054
D2752,3.556,31.311,64.523,3.314,0,Mild Steel,955.0,1188.685,3.6442,0.0959,0.21
D2753,7.848,78.475,45.289,7.33,1,Stainless Steel,596.0,42.639,0.0303,0.3793,5.042
D2754,3.736,37.643,46.427,1.028,1,Stainless Steel,1072.3,888.971,1.1335,0.0888,0.242
D2755,5.096,68.466,52.389,2.597,2,Aluminium,376.7,94.956,0.3465,0.0839,1.0
D2756,7.393,59.576,50.958,3.716,2,Aluminium,1188.2,159.483,0.3787,0.103,0.596
D2757,6.462,43.35,46.699,1.403,2,Aluminium,933.0,231.884,0.471,0.06,0.41
D2758,7.279,56.954,56.221,4.193,1,Stainless Steel,1244.5,194.072,0.2087,0.317,1.108
D2759,9.921,71.031,45.865,2.61,1,Stainless Steel,312.2,19.313,0.009,0.4396,11.132
D2760,3.547,58.24,63.239,2.427,1,Stainless Steel,422.4,295.539,0.8522,0.1776,0.727
D2761,9.487,58.482,52.311,1.631,0,Mild Steel,571.9,55.957,0.0328,0.3873,4.468
D2762,9.194,32.19,74.808,3.735,1,Stainless Steel,576.9,140.9,0.2001,0.3011,1.526
D2763,4.905,46.323,83.048,8.593,1,Stainless Steel,1197.7,616.071,2.6005,0.2566,0.349
D2764,3.91,70.535,40.554,9.436,0,Mild Steel,1335.1,341.885,0.4224,0.1493,0.731
D2765,5.461,60.621,73.212,9.665,0,Mild Steel,492.3,137.445,0.3913,0.3235,1.819
D2766,4.396,78.907,48.38,5.956,1,Stainless Steel,1385.5,314.278,0.485,0.2282,0.684
D2767,6.945,44.55,71.723,3.925,1,Stainless Steel,388.2,108.834,0.1989,0.3018,1.975
D2768,6.458,31.502,80.16,1.08,2,Aluminium,732.7,441.082,2.578,0.0749,0.215
D2769,7.42,37.134,95.623,3.622,1,Stainless Steel,930.0,374.97,1.1111,0.3583,0.573
D2770,4.678,31.012,45.314,4.759,2,Aluminium,1177.9,590.807,2.0007,0.0302,0.161
D2771,7.897,45.235,51.565,5.649,1,Stainless Steel,144.7,21.265,0.0185,0.2505,10.11
D2772,7.807,69.911,66.384,3.74,0,Mild Steel,1023.8,137.923,0.1801,0.4835,1.813
D2773,4.398,40.422,72.467,9.762,0,Mild Steel,712.6,449.732,1.5773,0.1719,0.556
D2774,8.038,69.874,97.434,4.126,2,Aluminium,1113.6,205.347,1.6453,0.2512,0.463
D2775,7.628,73.626,66.473,9.295,1,Stainless Steel,230.6,26.034,0.043,0.5077,8.258
D2776,6.698,73.688,98.425,9.653,0,Mild Steel,319.1,67.299,0.2748,0.6483,3.715
D2777,6.668,36.268,78.586,8.471,1,Stainless Steel,671.6,236.44,0.6282,0.2585,0.909
D2778,5.547,62.99,98.237,8.427,2,Aluminium,247.8,88.29,1.2666,0.1576,1.076
D2779,9.001,49.781,54.497,1.629,1,Stainless Steel,1238.2,163.997,0.1144,0.3321,1.311
D2780,3.247,36.036,69.492,5.744,0,Mild Steel,262.0,330.456,1.4256,0.1085,0.757
D2781,6.053,32.223,90.68,3.379,0,Mild Steel,1213.3,784.484,2.532,0.236,0.319
D2782,9.089,71.506,96.611,1.219,2,Aluminium,632.7,103.851,0.6161,0.2882,0.915
D2783,3.586,40.41,47.382,5.939,2,Aluminium,1262.0,799.904,4.1774,0.0315,0.119
D2784,9.429,51.109,96.489,9.225,2,Aluminium,471.3,75.734,0.5728,0.2134,1.254
D2785,9.772,47.975,81.899,9.303,2,Aluminium,1395.1,189.716,0.9923,0.1762,0.501
D2786,8.161,73.386,72.852,4.341,0,Mild Steel,697.1,88.222,0.1351,0.5823,2.834
D2787,8.77,75.704,80.529,7.791,0,Mild Steel,798.4,85.119,0.1633,0.7135,2.937
D2788,4.241,67.551,82.02,5.592,0,Mild Steel,385.3,186.789,0.8252,0.3136,1.338
D2789,4.255,60.367,63.716,7.357,0,Mild Steel,803.1,323.727,0.8935,0.2184,0.772
D2790,5.202,40.272,67.804,4.706,2,Aluminium,955.6,456.581,3.045,0.0652,0.208
D2791,5.201,53.462,59.921,7.657,2,Aluminium,1285.0,375.979,2.1309,0.0765,0.253
D2792,5.294,70.838,50.495,5.281,0,Mild Steel,616.3,118.207,0.151,0.2527,2.115
D2793,9.629,53.048,49.949,1.431,2,Aluminium,897.8,90.812,0.1369,0.1171,1.046
D2794,9.668,56.166,83.372,1.043,1,Stainless Steel,577.7,93.328,0.1367,0.6157,2.304
D2795,6.695,69.797,48.256,6.88,0,Mild Steel,587.7,67.984,0.0631,0.3009,3.677
D2796,8.439,42.437,44.909,3.144,2,Aluminium,1112.2,148.766,0.2289,0.0738,0.639
D2797,9.698,53.487,94.662,5.486,2,Aluminium,1222.0,193.095,1.2316,0.2254,0.492
D2798,6.943,39.889,53.272,3.95,1,Stainless Steel,1274.8,296.258,0.2992,0.2007,0.726
D2799,8.955,78.59,85.137,8.3,2,Aluminium,405.7,41.902,0.2572,0.275,2.267
D2800,6.213,36.137,87.095,6.103,1,Stainless Steel,1371.1,647.44,2.1664,0.2659,0.332
D2801,3.561,65.843,88.316,1.493,2,Aluminium,412.2,385.483,5.5379,0.095,0.246
D2802,8.275,60.051,93.628,7.993,1,Stainless Steel,1168.6,201.835,0.5841,0.6328,1.065
D2803,3.602,78.276,45.103,8.252,2,Aluminium,864.2,261.303,1.2563,0.0584,0.364
D2804,7.607,54.666,68.365,4.403,0,Mild Steel,140.7,25.421,0.0374,0.3794,9.834
D2805,7.856,58.188,71.647,5.681,0,Mild Steel,118.0,18.889,0.0308,0.437,13.235
D2806,5.293,41.295,58.927,6.255,2,Aluminium,262.7,97.89,0.5091,0.0591,0.97
D2807,5.612,42.553,67.741,8.827,0,Mild Steel,865.6,306.156,0.7156,0.2159,0.817
D2808,3.11,48.801,67.26,4.51,0,Mild Steel,736.9,743.306,3.0561,0.1362,0.336
D2809,8.885,48.472,47.227,4.39,2,Aluminium,909.8,96.592,0.1634,0.0934,0.984
D2810,4.09,57.68,88.061,7.972,0,Mild Steel,787.1,490.28,2.7236,0.2773,0.51
D2811,3.155,51.702,79.661,7.903,1,Stainless Steel,1057.8,1114.88,6.8255,0.1767,0.193
D2812,7.108,64.265,83.111,7.215,0,Mild Steel,343.9,66.163,0.1711,0.5066,3.779
D2813,6.284,70.988,55.255,1.586,0,Mild Steel,1016.6,189.878,0.1947,0.3289,1.317
D2814,7.709,58.96,91.987,3.875,2,Aluminium,304.8,68.616,0.5091,0.1919,1.385
D2815,4.923,66.233,83.194,1.215,0,Mild Steel,1259.4,620.182,1.8357,0.362,0.403
D2816,8.214,70.617,97.488,1.158,0,Mild Steel,567.2,116.031,0.2685,0.7547,2.155
D2817,7.519,37.409,81.408,7.366,2,Aluminium,1192.4,347.304,2.3456,0.1051,0.274
D2818,7.699,77.34,94.863,7.211,2,Aluminium,1018.1,160.741,1.4273,0.2593,0.591
D2819,8.878,65.024,51.221,2.338,0,Mild Steel,1453.8,137.004,0.0859,0.3946,1.825
D2820,6.602,45.272,90.049,4.355,2,Aluminium,792.3,295.109,2.5748,0.1235,0.322
D2821,9.609,68.558,72.473,4.908,1,Stainless Steel,1026.6,100.509,0.1331,0.6493,2.139
D2822,8.651,44.912,71.953,3.442,2,Aluminium,1273.0,242.854,0.9453,0.1283,0.391
D2823,5.278,45.116,48.262,9.568,0,Mild Steel,259.2,68.455,0.0879,0.1534,3.652
D2824,5.477,66.051,47.668,6.968,2,Aluminium,1470.0,255.479,0.8507,0.0791,0.372
D2825,5.172,77.267,84.011,2.768,1,Stainless Steel,1226.8,422.93,1.4102,0.4566,0.508
D2826,8.942,56.987,72.009,9.3,2,Aluminium,358.6,42.411,0.1905,0.1684,2.24
D2827,5.608,70.9,96.174,5.827,1,Stainless Steel,1415.5,456.859,2.0865,0.5201,0.471
D2828,6.882,51.154,76.912,4.142,2,Aluminium,276.2,72.803,0.437,0.1243,1.305
D2829,7.234,50.728,61.892,8.996,1,Stainless Steel,147.4,24.921,0.0377,0.3089,8.627
D2830,5.132,39.696,87.749,1.557,0,Mild Steel,211.2,164.211,0.5318,0.2386,1.522
D2831,8.443,45.346,81.749,1.994,2,Aluminium,280.8,67.796,0.3258,0.1437,1.401
D2832,6.355,32.653,47.034,9.203,2,Aluminium,503.2,127.055,0.3622,0.0448,0.748
D2833,6.404,43.984,96.654,6.098,0,Mild Steel,129.7,52.843,0.2027,0.3633,4.731
D2834,4.476,38.774,78.211,9.589,1,Stainless Steel,247.9,169.91,0.7067,0.1846,1.265
D2835,7.496,30.807,95.385,1.777,1,Stainless Steel,768.0,403.906,1.0647,0.2996,0.532
D2836,3.933,43.635,63.846,4.545,1,Stainless Steel,1019.8,708.198,2.0719,0.149,0.304
D2837,9.861,55.632,82.629,5.566,2,Aluminium,257.9,33.102,0.1582,0.2081,2.87
D2838,7.681,61.537,66.395,7.97,2,Aluminium,1291.2,176.742,0.7855,0.1441,0.538
D2839,5.335,52.152,94.447,2.017,0,Mild Steel,780.7,446.161,1.6611,0.3507,0.56
D2840,7.767,52.098,98.604,5.675,2,Aluminium,403.9,101.418,0.9195,0.1831,0.937
D2841,8.349,45.841,63.666,1.98,1,Stainless Steel,774.0,147.176,0.1552,0.3314,1.461
D2842,4.695,73.932,74.068,1.509,2,Aluminium,357.5,149.373,1.1006,0.118,0.636
D2843,3.094,58.645,79.299,4.812,2,Aluminium,819.2,810.851,13.633,0.066,0.117
D2844,9.724,67.501,99.5,5.553,1,Stainless Steel,1017.6,132.991,0.3347,0.8882,1.617
D2845,5.23,76.847,75.126,3.279,1,Stainless Steel,969.6,285.575,0.7752,0.4106,0.753
D2846,4.963,76.32,82.272,7.77,1,Stainless Steel,1495.7,458.319,1.8504,0.4238,0.469
D2847,5.516,61.078,67.746,7.553,2,Aluminium,606.7,157.899,1.0669,0.1048,0.602
D2848,9.028,42.491,57.837,2.846,1,Stainless Steel,716.3,110.269,0.0919,0.3017,1.95
D2849,9.203,51.509,92.694,9.753,0,Mild Steel,842.5,133.471,0.3342,0.5864,1.873
D2850,5.056,67.304,78.851,3.119,1,Stainless Steel,504.2,191.001,0.589,0.3649,1.126
D2851,8.837,30.038,93.307,9.87,0,Mild Steel,689.4,202.564,0.5404,0.3305,1.234
D2852,3.456,38.21,50.483,9.646,1,Stainless Steel,727.0,547.396,1.2285,0.0907,0.393
D2853,4.28,42.824,62.342,1.57,0,Mild Steel,979.0,701.872,1.4127,0.1525,0.356
D2854,8.949,30.982,66.822,7.121,0,Mild Steel,972.3,206.167,0.2613,0.2472,1.213
D2855,6.02,59.562,66.953,5.525,2,Aluminium,899.6,213.742,1.2045,0.1102,0.444
D2856,7.97,33.903,89.45,9.808,0,Mild Steel,755.9,228.024,0.6303,0.3226,1.096
D2857,7.64,46.628,51.523,7.072,1,Stainless Steel,1357.6,196.533,0.1851,0.2496,1.094
D2858,3.385,64.724,83.691,5.426,2,Aluminium,1489.8,1173.533,20.1705,0.0842,0.081
D2859,6.929,39.106,47.469,2.75,2,Aluminium,1203.6,271.355,0.5738,0.059,0.35
D2860,3.21,33.829,51.864,7.194,1,Stainless Steel,482.6,488.882,1.2469,0.0766,0.44
D2861,9.059,53.613,93.224,7.83,0,Mild Steel,779.9,128.03,0.317,0.6042,1.953
D2862,7.901,54.377,76.756,7.432,2,Aluminium,1263.9,217.9,1.2355,0.1514,0.436
D2863,4.001,42.688,46.506,5.497,2,Aluminium,1099.6,533.945,2.3452,0.0365,0.178
D2864,6.935,76.204,53.083,1.764,1,Stainless Steel,1215.1,166.616,0.1482,0.3815,1.29
D2865,3.286,39.933,61.194,7.532,0,Mild Steel,605.0,584.557,1.9565,0.1072,0.428
D2866,8.314,34.217,62.726,9.663,0,Mild Steel,1115.5,217.012,0.2801,0.2381,1.152
D2867,3.098,30.144,98.595,4.229,0,Mild Steel,131.6,320.423,2.8159,0.1229,0.78
D2868,8.016,40.346,61.182,5.008,0,Mild Steel,1173.4,228.331,0.2586,0.2641,1.095
D2869,9.644,79.627,46.439,6.473,2,Aluminium,937.1,47.804,0.0762,0.1637,1.987
D2870,6.764,68.49,81.989,1.855,0,Mild Steel,332.7,81.688,0.173,0.5069,3.06
D2871,9.51,34.182,94.545,9.719,0,Mild Steel,286.2,65.709,0.1646,0.4101,3.805
D2872,4.389,76.099,66.016,8.859,2,Aluminium,680.9,208.775,1.7649,0.1012,0.455
D2873,7.978,75.408,51.268,2.007,2,Aluminium,271.8,27.526,0.0555,0.1416,3.451
D2874,7.151,49.421,43.133,1.747,0,Mild Steel,683.3,110.907,0.0607,0.2034,2.254
D2875,6.902,34.907,56.453,7.161,1,Stainless Steel,915.0,232.525,0.2972,0.185,0.925
D2876,8.023,69.417,48.525,8.621,1,Stainless Steel,201.2,16.255,0.0133,0.3675,13.227
D2877,5.204,51.136,80.108,5.637,1,Stainless Steel,453.1,194.64,0.6697,0.2899,1.105
D2878,9.574,42.285,96.347,4.851,2,Aluminium,158.8,33.806,0.2219,0.179,2.81
D2879,6.663,46.316,41.135,9.356,2,Aluminium,322.7,45.905,0.095,0.0583,2.069
D2880,4.776,66.353,83.618,6.859,2,Aluminium,133.7,52.336,0.6267,0.1216,1.815
D2881,5.369,42.747,66.197,9.032,0,Mild Steel,298.3,111.162,0.2616,0.2027,2.249
D2882,4.267,52.337,59.876,2.123,0,Mild Steel,1451.4,783.472,1.5323,0.1785,0.319
D2883,4.52,31.2,76.455,5.434,1,Stainless Steel,629.5,550.556,2.0237,0.1466,0.391
D2884,4.569,67.921,90.331,4.236,0,Mild Steel,476.8,232.288,1.0853,0.3741,1.076
D2885,4.319,31.584,70.019,6.197,1,Stainless Steel,1109.3,934.535,3.1019,0.1299,0.23
D2886,4.128,70.049,76.731,9.488,0,Mild Steel,1075.9,470.965,1.9731,0.2961,0.531
D2887,7.492,60.703,52.086,8.873,2,Aluminium,289.3,32.327,0.0928,0.1087,2.939
D2888,8.512,70.129,64.412,9.965,0,Mild Steel,518.4,48.139,0.0641,0.5131,5.193
D2889,5.518,68.664,92.75,3.163,0,Mild Steel,787.2,292.547,1.0888,0.469,0.855
D2890,6.68,76.833,46.112,9.232,0,Mild Steel,255.2,24.466,0.0218,0.3158,10.218
D2891,9.19,73.561,57.423,5.672,0,Mild Steel,273.7,20.906,0.0182,0.518,11.959
D2892,8.156,32.457,64.753,1.138,1,Stainless Steel,1034.8,310.581,0.3307,0.2331,0.692
D2893,7.832,40.574,96.272,5.059,1,Stainless Steel,1254.5,397.641,1.1902,0.4161,0.541
D2894,3.147,47.599,77.75,9.051,2,Aluminium,760.8,854.182,13.9671,0.0535,0.111
D2895,4.628,58.61,90.554,4.866,0,Mild Steel,1479.7,797.171,3.7832,0.3278,0.314
D2896,7.048,37.885,97.29,6.236,1,Stainless Steel,1272.8,507.609,1.8317,0.3533,0.424
D2897,3.531,41.853,79.818,2.589,1,Stainless Steel,482.1,589.792,2.7575,0.1604,0.365
D2898,3.024,35.738,60.486,7.492,1,Stainless Steel,135.0,170.069,0.6262,0.0889,1.264
D2899,7.286,78.983,90.881,2.356,2,Aluminium,257.8,51.342,0.3673,0.24,1.85
D2900,9.123,62.28,64.177,3.289,0,Mild Steel,361.5,40.494,0.0404,0.4866,6.174
D2901,5.99,75.001,84.238,5.871,1,Stainless Steel,251.3,59.511,0.1931,0.5147,3.613
D2902,8.057,74.242,77.967,7.394,2,Aluminium,298.8,37.029,0.2114,0.2141,2.566
D2903,8.433,50.61,63.92,7.416,2,Aluminium,554.8,76.094,0.2767,0.1252,1.248
D2904,9.165,43.904,41.199,7.384,1,Stainless Steel,390.5,34.263,0.0167,0.2255,6.275
D2905,7.764,37.737,87.518,7.149,1,Stainless Steel,266.9,78.61,0.21,0.3487,2.735
D2906,9.712,78.121,96.029,9.811,2,Aluminium,1395.5,136.816,1.001,0.3344,0.694
D2907,7.25,50.429,91.509,7.445,1,Stainless Steel,453.4,117.389,0.3747,0.455,1.832
D2908,7.206,34.246,71.8,4.843,2,Aluminium,1100.5,361.348,1.8427,0.0813,0.263
D2909,7.89,69.0,69.765,4.512,0,Mild Steel,1258.1,171.234,0.252,0.5069,1.46
D2910,5.808,65.185,66.088,7.525,1,Stainless Steel,793.3,171.719,0.3717,0.3403,1.252
D2911,5.562,67.999,41.831,5.22,0,Mild Steel,162.8,24.701,0.0204,0.2111,10.121
D2912,7.276,66.78,44.346,3.451,0,Mild Steel,944.1,102.577,0.064,0.2875,2.437
D2913,6.477,43.291,66.04,5.158,1,Stainless Steel,1474.0,421.953,0.7481,0.2518,0.51
D2914,3.657,74.983,68.654,1.676,0,Mild Steel,106.7,63.645,0.1883,0.2513,3.928
D2915,4.39,79.647,46.645,7.323,1,Stainless Steel,778.3,164.22,0.2429,0.2218,1.309
D2916,6.385,51.594,55.407,5.516,1,Stainless Steel,827.9,169.013,0.2173,0.2482,1.272
D2917,4.906,69.167,96.586,5.196,1,Stainless Steel,963.6,416.957,2.2036,0.4457,0.516
D2918,8.453,35.213,54.697,5.049,2,Aluminium,1083.8,195.914,0.4835,0.0747,0.485
D2919,7.377,57.46,89.635,8.985,2,Aluminium,1404.5,292.954,2.5424,0.1744,0.324
D2920,3.048,63.288,40.681,4.03,1,Stainless Steel,1351.7,671.251,1.0523,0.1067,0.32
D2921,6.99,67.761,57.249,7.606,0,Mild Steel,438.8,56.306,0.0711,0.3619,4.44
D2922,3.892,55.458,56.398,6.123,2,Aluminium,1115.0,523.739,3.5464,0.0559,0.181
D2923,8.293,76.877,52.932,5.96,0,Mild Steel,387.3,31.132,0.0262,0.4504,8.03
D2924,3.161,57.206,65.635,1.87,1,Stainless Steel,305.8,292.434,0.9918,0.1614,0.735
D2925,4.921,64.505,52.408,8.704,1,Stainless Steel,753.0,174.181,0.2922,0.2263,1.234
D2926,3.323,75.982,41.265,1.852,0,Mild Steel,325.3,134.698,0.1639,0.139,1.856
D2927,9.055,70.57,95.79,5.378,1,Stainless Steel,652.1,89.86,0.2267,0.8324,2.393
D2928,9.505,55.723,60.321,4.868,0,Mild Steel,1152.8,118.083,0.1058,0.4264,2.117
D2929,6.27,60.583,49.892,8.834,0,Mild Steel,720.2,107.24,0.1198,0.2529,2.331
D2930,5.817,48.067,62.514,2.899,1,Stainless Steel,309.5,102.184,0.1657,0.2377,2.104
D2931,4.688,56.209,63.215,7.225,0,Mild Steel,494.5,177.573,0.4315,0.2223,1.408
D2932,9.168,75.23,56.952,6.32,2,Aluminium,1176.5,85.759,0.2173,0.1803,1.108
D2933,6.498,41.195,88.255,7.09,0,Mild Steel,934.4,351.681,1.1367,0.3153,0.711
D2934,6.254,43.039,45.042,4.929,1,Stainless Steel,1451.8,306.369,0.2611,0.1649,0.702
D2935,5.484,36.118,79.426,3.429,2,Aluminium,1068.3,643.875,5.2079,0.0722,0.148
D2936,4.039,61.024,87.703,1.95,0,Mild Steel,490.7,373.374,1.6469,0.2885,0.67
D2937,3.1,70.322,95.033,8.692,2,Aluminium,1139.5,1091.412,27.074,0.0951,0.087
D2938,7.15,60.698,77.385,4.447,2,Aluminium,110.1,22.663,0.1333,0.1541,4.192
D2939,4.809,60.669,74.131,6.533,2,Aluminium,552.3,208.56,1.9331,0.0993,0.456
D2940,7.406,51.518,51.114,6.117,0,Mild Steel,1496.5,211.589,0.191,0.2603,1.182
D2941,6.849,33.213,71.001,1.128,2,Aluminium,694.4,312.703,1.3504,0.0741,0.304
D2942,4.408,65.737,83.004,3.517,2,Aluminium,290.2,148.377,1.7083,0.1104,0.64
D2943,4.639,46.864,68.213,3.415,2,Aluminium,441.1,238.443,1.7347,0.0681,0.398
D2944,5.363,32.025,68.551,1.745,0,Mild Steel,1012.1,691.322,1.32,0.1571,0.362
D2945,8.518,48.618,66.643,6.541,2,Aluminium,1000.4,149.846,0.5714,0.1267,0.634
D2946,6.961,43.345,78.447,4.373,0,Mild Steel,337.9,103.943,0.2231,0.3159,2.405
D2947,4.35,44.368,70.742,9.21,1,Stainless Steel,1324.8,760.126,2.6618,0.1857,0.283
D2948,7.263,43.093,78.526,6.565,1,Stainless Steel,1322.0,350.87,0.8037,0.3342,0.613
D2949,6.66,65.875,54.883,8.109,1,Stainless Steel,926.0,126.554,0.163,0.3275,1.699
D2950,5.173,65.866,62.062,3.608,1,Stainless Steel,1127.3,320.541,0.6126,0.2876,0.671
D2951,5.252,60.897,97.812,7.763,0,Mild Steel,996.6,409.5,2.1138,0.4175,0.61
D2952,6.524,46.547,91.901,4.542,1,Stainless Steel,134.0,50.227,0.1668,0.3796,4.281
D2953,9.004,71.215,82.365,1.21,2,Aluminium,315.8,45.204,0.1968,0.2424,2.102
D2954,3.798,30.779,85.738,7.651,1,Stainless Steel,251.7,330.876,1.9491,0.1363,0.65
D2955,9.386,38.163,80.591,3.424,0,Mild Steel,721.6,156.191,0.2394,0.3853,1.601
D2956,6.636,71.682,67.369,6.397,2,Aluminium,291.0,47.131,0.2462,0.1471,2.016
D2957,4.59,65.914,96.477,3.348,0,Mild Steel,733.6,408.127,2.0676,0.3895,0.613
D2958,3.79,74.731,49.433,5.002,1,Stainless Steel,187.8,62.071,0.1155,0.1904,3.464
D2959,5.126,37.122,70.253,7.252,1,Stainless Steel,854.2,437.079,1.228,0.1818,0.492
D2960,9.393,50.975,71.715,9.324,1,Stainless Steel,150.8,18.148,0.0273,0.467,11.847
D2961,5.342,36.963,44.329,1.191,2,Aluminium,209.0,84.384,0.1873,0.0402,1.126
D2962,3.664,71.495,88.84,8.944,1,Stainless Steel,350.3,220.791,1.4476,0.3165,0.974
D2963,5.676,37.657,84.186,2.98,2,Aluminium,281.4,166.223,1.4139,0.0826,0.572
D2964,5.325,67.902,67.565,1.877,0,Mild Steel,471.7,150.237,0.2839,0.326,1.664
D2965,4.261,60.444,70.139,4.645,2,Aluminium,1377.2,652.904,5.8899,0.0829,0.146
D2966,9.475,33.272,51.663,5.373,1,Stainless Steel,1461.9,212.237,0.1476,0.2215,1.013
D2967,8.975,78.404,64.134,4.927,0,Mild Steel,987.1,84.64,0.0919,0.6022,2.954
D2968,4.482,36.514,52.86,8.548,0,Mild Steel,1042.5,513.871,0.9367,0.1154,0.487
D2969,9.164,78.296,98.832,4.253,2,Aluminium,569.5,74.424,0.529,0.3255,1.276
D2970,9.76,40.228,45.515,6.569,1,Stainless Steel,375.2,36.23,0.0196,0.243,5.934
D2971,8.154,36.893,76.46,4.943,1,Stainless Steel,1431.7,370.047,0.6632,0.3128,0.581
D2972,3.394,40.624,69.685,8.732,0,Mild Steel,1330.2,1348.822,5.6686,0.1282,0.185
D2973,6.491,30.163,66.312,3.757,1,Stainless Steel,291.8,127.3,0.2137,0.1766,1.689
D2974,5.142,58.586,52.48,4.815,2,Aluminium,309.1,79.912,0.3252,0.0726,1.189
D2975,4.592,63.821,95.982,7.063,0,Mild Steel,782.8,391.757,2.2395,0.3754,0.638
D2976,8.915,53.031,61.462,2.586,1,Stainless Steel,1145.6,155.656,0.1467,0.3952,1.381
D2977,7.708,75.302,73.059,7.629,1,Stainless Steel,349.0,43.033,0.0818,0.5767,4.996
D2978,5.169,78.114,55.89,9.422,2,Aluminium,1016.0,186.992,0.9532,0.1036,0.508
D2979,9.006,44.956,93.626,5.394,0,Mild Steel,222.8,47.542,0.1114,0.5059,5.258
D2980,4.743,36.579,94.995,9.177,1,Stainless Steel,1090.8,860.017,4.9646,0.2242,0.25
D2981,8.018,76.396,75.255,2.934,2,Aluminium,824.8,114.075,0.5175,0.2116,0.833
D2982,6.215,38.783,43.131,8.179,0,Mild Steel,1135.5,234.854,0.1957,0.1387,1.064
D2983,6.056,35.126,83.301,1.507,2,Aluminium,726.1,445.651,3.1188,0.0813,0.213
D2984,4.674,75.482,84.277,4.622,2,Aluminium,164.3,63.408,0.7395,0.1365,1.498
D2985,4.136,76.102,48.119,8.641,2,Aluminium,980.3,246.705,1.1758,0.0695,0.385
D2986,9.267,38.595,43.194,2.391,1,Stainless Steel,479.3,59.042,0.0261,0.2101,3.642
D2987,5.584,62.508,79.95,7.69,2,Aluminium,1493.9,437.049,4.0664,0.1281,0.217
D2988,3.655,34.495,95.691,2.264,2,Aluminium,963.5,1652.143,29.0529,0.0554,0.058
D2989,5.106,34.541,87.368,5.284,2,Aluminium,1175.3,853.909,9.8804,0.0707,0.111
D2990,3.113,56.29,64.354,1.306,1,Stainless Steel,220.3,229.709,0.7167,0.1534,0.936
D2991,5.639,73.003,99.695,3.784,1,Stainless Steel,567.4,198.209,0.89,0.5582,1.085
D2992,3.295,47.008,79.392,9.959,1,Stainless Steel,1052.8,1115.174,6.4934,0.1672,0.193
D2993,7.87,54.519,98.319,4.875,0,Mild Steel,810.5,194.876,0.5797,0.563,1.283
D2994,6.111,76.172,99.528,1.166,2,Aluminium,1145.3,390.852,3.7651,0.2127,0.243
D2995,4.231,68.093,89.651,8.485,2,Aluminium,1066.0,533.84,8.6338,0.1186,0.178
D2996,4.294,32.966,62.553,7.534,1,Stainless Steel,1065.0,756.475,2.0699,0.1204,0.284
D2997,5.226,44.773,79.625,4.689,0,Mild Steel,300.0,150.272,0.4739,0.2486,1.664
D2998,7.853,47.551,95.076,2.599,1,Stainless Steel,355.4,105.515,0.2749,0.4828,2.038
D2999,7.939,41.459,52.322,9.951,1,Stainless Steel,550.0,79.74,0.0787,0.2342,2.696
D3000,7.602,65.194,94.803,8.165,1,Stainless Steel,188.2,35.234,0.1161,0.639,6.102
D3001,3.67,76.789,44.532,3.769,2,Aluminium,1067.0,344.543,1.439,0.0576,0.276
D3002,8.419,57.887,41.753,4.191,2,Aluminium,1087.7,95.084,0.1329,0.0934,0.999
D3003,9.564,55.187,71.922,3.438,2,Aluminium,218.9,28.219,0.0978,0.1742,3.366
D3004,9.589,64.486,66.87,7.968,2,Aluminium,470.1,41.393,0.1433,0.1898,2.295
D3005,5.489,46.641,48.991,7.952,2,Aluminium,399.1,98.467,0.3526,0.0576,0.965
D3006,4.612,43.207,89.566,9.338,1,Stainless Steel,1084.9,719.969,3.8119,0.2427,0.299
D3007,9.577,45.365,97.37,5.127,1,Stainless Steel,128.9,25.579,0.0619,0.5754,8.405
D3008,5.85,78.231,80.655,9.394,1,Stainless Steel,1458.1,306.458,1.0121,0.502,0.702
D3009,5.417,56.682,45.015,3.827,1,Stainless Steel,1079.6,235.344,0.2265,0.188,0.914
D3010,8.933,34.179,61.104,9.297,2,Aluminium,1112.8,186.501,0.604,0.0856,0.509
D3011,9.285,57.192,72.382,3.964,1,Stainless Steel,669.0,86.565,0.1149,0.5227,2.484
D3012,9.586,51.262,71.394,5.09,1,Stainless Steel,154.6,19.899,0.0258,0.4771,10.804
D3013,3.649,66.83,43.605,2.945,0,Mild Steel,1211.5,466.054,0.6186,0.1419,0.536
D3014,7.713,36.212,99.21,6.821,2,Aluminium,1464.6,520.36,4.9899,0.1272,0.183
D3015,6.408,46.671,76.502,8.913,1,Stainless Steel,1250.1,355.411,0.9448,0.3111,0.605
D3016,4.734,43.214,70.639,7.326,1,Stainless Steel,1204.6,616.169,1.9197,0.1965,0.349
D3017,5.283,41.645,97.596,3.211,1,Stainless Steel,1263.0,878.99,3.9632,0.292,0.245
D3018,7.99,77.379,40.171,7.334,0,Mild Steel,276.0,17.191,0.0091,0.3314,14.542
D3019,3.877,67.534,83.545,7.576,1,Stainless Steel,765.7,429.956,2.3507,0.2975,0.5
D3020,3.909,61.203,67.053,5.574,2,Aluminium,1201.5,611.257,5.7453,0.0736,0.155
D3021,3.026,63.756,52.807,2.814,1,Stainless Steel,755.4,522.156,1.3054,0.1385,0.412
D3022,6.824,78.865,99.913,6.469,0,Mild Steel,1405.7,291.153,1.1189,0.7176,0.859
D3023,7.046,31.056,58.696,9.937,1,Stainless Steel,233.3,63.113,0.09,0.1747,3.407
D3024,3.162,76.219,40.613,4.65,0,Mild Steel,398.4,149.973,0.2216,0.1306,1.667
D3025,9.944,77.644,82.778,5.319,1,Stainless Steel,742.5,67.91,0.1143,0.8692,3.166
D3026,4.998,35.912,78.266,5.39,1,Stainless Steel,690.7,447.85,1.5303,0.1911,0.48
D3027,8.547,63.199,54.318,3.172,0,Mild Steel,104.0,11.025,0.0085,0.3916,22.675
D3028,5.329,39.649,64.321,7.27,2,Aluminium,173.0,70.578,0.4447,0.0624,1.346
D3029,7.149,50.931,63.363,8.25,0,Mild Steel,1356.0,242.421,0.3708,0.3079,1.031
D3030,6.064,78.17,73.072,9.681,2,Aluminium,1413.2,250.834,1.8334,0.159,0.379
D3031,7.823,57.6,51.138,1.734,2,Aluminium,814.4,113.56,0.2289,0.1058,0.837
D3032,5.558,51.487,82.116,7.347,0,Mild Steel,597.5,221.436,0.7485,0.3136,1.129
D3033,7.947,65.448,42.703,2.823,1,Stainless Steel,480.4,44.986,0.0236,0.3021,4.779
D3034,8.416,52.118,95.168,8.736,0,Mild Steel,1459.2,281.567,0.8096,0.5571,0.888
D3035,4.486,58.873,66.803,7.786,0,Mild Steel,642.9,250.493,0.7211,0.2355,0.998
D3036,5.582,47.147,75.963,8.568,2,Aluminium,772.5,280.442,2.3942,0.0918,0.339
D3037,6.642,46.502,57.391,4.295,2,Aluminium,1357.8,311.16,1.0918,0.0814,0.305
D3038,4.087,35.72,70.554,9.317,0,Mild Steel,811.2,653.08,2.3363,0.1375,0.383
D3039,9.635,74.107,65.58,4.792,0,Mild Steel,1347.5,110.375,0.1147,0.6249,2.265
D3040,9.863,60.071,91.971,1.119,0,Mild Steel,693.7,110.74,0.1873,0.7272,2.258
D3041,6.468,46.046,76.137,8.947,1,Stainless Steel,1101.8,310.4,0.809,0.3084,0.693
D3042,7.196,34.624,42.426,2.942,0,Mild Steel,691.1,145.137,0.0818,0.1411,1.723
D3043,4.648,67.578,96.537,3.814,0,Mild Steel,1141.5,590.73,3.0265,0.4047,0.423
D3044,3.352,41.206,99.607,2.026,1,Stainless Steel,1182.1,2109.646,15.5982,0.1871,0.102
D3045,9.857,79.614,90.524,1.141,0,Mild Steel,800.7,94.925,0.1558,0.948,2.634
D3046,9.049,32.677,85.867,8.803,2,Aluminium,594.0,144.416,0.9004,0.1165,0.658
D3047,7.529,40.721,65.845,4.385,2,Aluminium,579.1,137.963,0.5513,0.0927,0.689
D3048,8.098,53.913,40.773,5.751,2,Aluminium,675.9,62.733,0.0928,0.0817,1.514
D3049,9.513,40.932,94.623,4.861,0,Mild Steel,118.5,25.886,0.057,0.4917,9.658
D3050,3.515,47.872,80.244,2.518,2,Aluminium,928.8,1012.201,13.3787,0.062,0.094
D3051,7.339,71.988,49.758,6.173,2,Aluminium,1468.0,146.747,0.3684,0.1207,0.647
D3052,8.533,77.053,59.306,7.735,0,Mild Steel,1366.7,110.932,0.1191,0.5203,2.254
D3053,5.255,75.821,84.658,8.311,2,Aluminium,1469.4,415.406,4.6975,0.1548,0.229
D3054,9.321,78.546,84.003,2.746,1,Stainless Steel,1409.3,161.327,0.2722,0.8364,1.333
D3055,3.371,47.262,63.447,1.533,2,Aluminium,1155.1,1190.64,9.4507,0.0464,0.08
D3056,7.721,31.738,66.138,9.512,1,Stainless Steel,1011.7,256.811,0.4153,0.2204,0.837
D3057,8.48,35.679,55.097,7.981,2,Aluminium,113.4,18.563,0.0505,0.0765,5.118
D3058,3.442,35.701,99.986,6.895,0,Mild Steel,875.2,1408.64,12.0168,0.164,0.177
D3059,6.376,54.889,92.815,6.403,1,Stainless Steel,1164.0,364.666,1.3559,0.4418,0.59
D3060,8.999,46.459,95.57,9.454,0,Mild Steel,153.5,29.12,0.0791,0.5332,8.585
D3061,4.662,60.958,60.402,8.932,0,Mild Steel,582.9,181.738,0.4161,0.2291,1.376
D3062,9.134,42.786,59.058,6.55,0,Mild Steel,1364.4,181.326,0.1724,0.308,1.379
D3063,6.925,39.141,78.384,7.693,1,Stainless Steel,1255.4,387.639,0.9641,0.2889,0.555
D3064,7.509,58.683,93.831,9.258,0,Mild Steel,976.9,201.171,0.6497,0.5517,1.243
D3065,4.423,79.394,51.924,4.402,2,Aluminium,1197.9,302.136,1.4153,0.0837,0.314
D3066,9.197,64.857,61.551,6.376,1,Stainless Steel,1345.9,122.079,0.1289,0.4993,1.761
D3067,5.788,74.283,90.904,8.752,2,Aluminium,1007.4,258.909,3.0463,0.1794,0.367
D3068,6.688,74.904,66.674,1.02,2,Aluminium,773.5,153.045,0.5932,0.1533,0.621
D3069,9.819,78.82,96.009,5.275,0,Mild Steel,1153.8,123.555,0.2737,0.9916,2.023
D3070,8.51,43.116,41.579,5.123,0,Mild Steel,787.6,87.066,0.0426,0.2036,2.871
D3071,7.546,66.474,90.773,6.604,1,Stainless Steel,973.3,180.446,0.5283,0.6192,1.191
D3072,6.918,64.06,42.576,4.608,1,Stainless Steel,1419.6,160.598,0.1071,0.2566,1.339
D3073,5.03,43.435,42.644,4.066,0,Mild Steel,1091.6,332.455,0.3062,0.1243,0.752
D3074,9.597,51.542,41.313,5.838,2,Aluminium,1177.1,84.886,0.1056,0.0938,1.119
D3075,5.884,61.229,75.905,8.536,1,Stainless Steel,999.2,253.162,0.726,0.3719,0.849
D3076,8.061,67.83,86.884,5.217,2,Aluminium,366.6,59.198,0.3924,0.218,1.605
D3077,3.729,38.127,86.381,7.558,0,Mild Steel,681.8,756.396,4.4456,0.1639,0.331
D3078,6.079,38.408,74.905,5.785,2,Aluminium,1029.8,413.454,2.9078,0.0803,0.23
D3079,6.501,77.677,88.266,5.85,0,Mild Steel,404.6,83.646,0.2608,0.5948,2.989
D3080,5.879,51.862,53.149,5.471,1,Stainless Steel,928.4,210.353,0.2742,0.2204,1.022
D3081,7.111,68.456,79.982,3.483,1,Stainless Steel,1487.0,295.945,0.6405,0.5295,0.726
D3082,4.418,30.648,61.49,4.778,2,Aluminium,747.3,570.633,3.8103,0.0382,0.166
D3083,3.907,61.863,53.046,8.713,0,Mild Steel,1104.6,422.438,0.8936,0.1711,0.592
D3084,8.351,40.476,89.238,3.834,0,Mild Steel,1274.0,350.818,0.7683,0.4025,0.713
D3085,6.864,71.838,68.709,4.931,1,Stainless Steel,407.0,66.339,0.1178,0.4608,3.241
D3086,6.574,56.111,82.051,9.399,1,Stainless Steel,515.3,123.664,0.3701,0.4116,1.739
D3087,4.71,31.853,83.249,2.851,0,Mild Steel,1498.3,1464.175,5.1954,0.1667,0.171
D3088,4.265,71.707,50.278,8.015,0,Mild Steel,1367.4,361.07,0.6248,0.2052,0.692
D3089,4.961,41.421,48.632,8.399,0,Mild Steel,1412.9,467.213,0.6427,0.1334,0.535
D3090,7.183,66.505,92.854,5.977,1,Stainless Steel,1257.2,265.559,0.8464,0.6032,0.81
D3091,3.518,33.193,83.933,7.77,1,Stainless Steel,1437.8,2000.734,12.1964,0.1333,0.107
D3092,4.841,33.182,57.192,3.968,1,Stainless Steel,1434.9,826.123,1.4777,0.1249,0.26
D3093,4.613,54.214,73.099,1.059,2,Aluminium,868.4,526.84,3.6941,0.0839,0.18
D3094,8.065,68.821,68.235,9.166,0,Mild Steel,1091.4,122.504,0.1921,0.5054,2.041
D3095,7.824,41.046,68.564,6.073,2,Aluminium,121.1,26.149,0.1151,0.1011,3.633
D3096,8.407,47.167,82.398,4.2,2,Aluminium,199.0,42.231,0.2303,0.15,2.25
D3097,6.133,71.368,75.561,4.281,0,Mild Steel,1429.4,324.854,0.7491,0.4414,0.77
D3098,7.833,48.169,98.853,2.373,0,Mild Steel,994.3,308.183,0.8298,0.4977,0.811
D3099,6.86,31.729,71.465,7.418,0,Mild Steel,1307.6,464.922,0.9318,0.2076,0.538
D3100,4.36,39.603,67.884,8.882,0,Mild Steel,478.2,293.651,0.9117,0.1564,0.851
D3101,7.479,55.83,75.059,6.92,1,Stainless Steel,1120.3,205.927,0.4203,0.4263,1.044
D3102,6.374,39.381,81.248,5.766,0,Mild Steel,1474.4,575.074,1.5506,0.2722,0.435
D3103,3.599,54.854,73.9,4.913,0,Mild Steel,999.0,742.094,3.1533,0.1947,0.337
D3104,9.398,68.144,82.233,4.373,1,Stainless Steel,1117.3,132.669,0.2277,0.7162,1.621
D3105,4.456,34.774,67.319,4.015,2,Aluminium,545.6,408.927,3.1364,0.0479,0.232
D3106,5.553,32.916,95.202,9.101,0,Mild Steel,135.2,88.265,0.414,0.2322,2.832
D3107,6.2,34.591,86.739,5.828,2,Aluminium,717.5,356.845,3.2917,0.0854,0.266
D3108,5.366,45.935,71.8,5.348,1,Stainless Steel,512.2,209.703,0.5536,0.2407,1.025
D3109,6.103,35.195,79.105,2.983,2,Aluminium,844.0,438.883,3.027,0.078,0.216
D3110,3.418,72.324,51.744,6.498,0,Mild Steel,1471.5,616.515,1.4114,0.1707,0.406
D3111,6.789,39.716,51.957,1.539,1,Stainless Steel,593.7,161.609,0.1389,0.1905,1.33
D3112,6.104,66.441,62.701,4.924,2,Aluminium,1313.5,261.216,1.242,0.1167,0.364
D3113,6.168,39.751,45.129,8.362,0,Mild Steel,665.7,142.029,0.1312,0.1477,1.76
D3114,6.366,71.153,81.298,1.554,2,Aluminium,400.7,107.474,0.68,0.169,0.884
D3115,5.427,61.24,85.201,6.663,1,Stainless Steel,255.8,87.795,0.335,0.3851,2.449
D3116,5.318,78.39,74.499,5.632,1,Stainless Steel,248.3,62.22,0.1805,0.4224,3.455
D3117,3.922,37.528,53.216,6.196,1,Stainless Steel,1008.9,650.243,1.3914,0.1065,0.331
D3118,4.814,44.989,70.165,2.674,1,Stainless Steel,642.1,364.176,0.9162,0.2066,0.59
D3119,5.178,31.14,90.633,7.274,0,Mild Steel,734.6,567.085,2.5306,0.195,0.441
D3120,8.372,74.69,78.228,1.503,2,Aluminium,463.0,67.863,0.2932,0.2245,1.4
D3121,8.32,44.498,84.896,9.066,1,Stainless Steel,659.8,134.939,0.3266,0.4274,1.593
D3122,5.414,59.398,49.366,1.648,2,Aluminium,473.9,124.426,0.3506,0.0729,0.764
D3123,4.492,52.806,75.406,1.099,1,Stainless Steel,170.9,115.04,0.3173,0.2433,1.869
D3124,9.457,54.74,53.546,7.62,1,Stainless Steel,115.3,9.906,0.0079,0.377,21.705
D3125,7.085,76.776,42.072,7.713,1,Stainless Steel,762.7,61.783,0.0431,0.3113,3.48
D3126,6.818,35.605,55.317,6.98,2,Aluminium,649.0,162.75,0.5642,0.0616,0.584
D3127,3.488,48.655,53.654,7.869,2,Aluminium,1131.6,698.519,4.9087,0.0418,0.136
D3128,5.996,59.983,52.717,8.284,2,Aluminium,218.6,38.095,0.1436,0.087,2.494
D3129,4.707,40.366,84.468,7.34,1,Stainless Steel,580.2,383.958,1.7221,0.2182,0.56
D3130,8.404,34.475,57.871,1.163,2,Aluminium,898.8,213.905,0.4935,0.077,0.444
D3131,7.105,49.242,60.042,2.682,1,Stainless Steel,539.6,117.08,0.137,0.2857,1.836
D3132,3.738,39.068,63.991,4.674,1,Stainless Steel,640.2,543.506,1.7033,0.1271,0.396
D3133,8.667,34.524,89.765,8.069,2,Aluminium,188.7,49.897,0.352,0.1233,1.904
D3134,5.936,49.983,74.776,7.264,0,Mild Steel,586.0,180.871,0.4687,0.2961,1.382
D3135,3.146,66.299,90.668,9.524,2,Aluminium,777.0,731.101,16.2657,0.0868,0.13
D3136,8.64,51.912,53.824,8.575,0,Mild Steel,1341.0,140.575,0.1249,0.3222,1.778
D3137,9.804,32.266,77.224,6.912,1,Stainless Steel,578.8,116.127,0.1817,0.3322,1.851
D3138,7.767,56.691,77.472,3.799,1,Stainless Steel,491.2,95.883,0.1782,0.4639,2.242
D3139,3.017,78.108,87.467,4.717,1,Stainless Steel,1335.7,1150.873,8.6387,0.2803,0.187
D3140,6.841,49.27,43.648,8.962,1,Stainless Steel,853.7,116.187,0.0933,0.2001,1.85
D3141,9.776,72.931,69.744,1.35,1,Stainless Steel,993.0,99.507,0.1025,0.6763,2.161
D3142,6.242,36.394,87.664,9.054,1,Stainless Steel,953.7,417.222,1.5043,0.2709,0.515
D3143,7.473,72.296,57.623,3.393,1,Stainless Steel,1427.6,177.783,0.1876,0.4234,1.209
D3144,3.12,50.519,62.622,8.741,1,Stainless Steel,1123.5,974.159,3.7269,0.1342,0.221
D3145,4.56,35.75,47.886,9.835,2,Aluminium,405.2,177.753,0.761,0.0358,0.534
D3146,6.521,38.377,62.744,3.637,1,Stainless Steel,273.0,88.394,0.1314,0.2135,2.432
D3147,5.848,65.925,81.11,6.861,1,Stainless Steel,338.3,89.116,0.2837,0.4253,2.413
D3148,5.765,39.857,40.288,1.531,2,Aluminium,1052.4,301.502,0.5224,0.0425,0.315
D3149,4.692,48.055,86.275,8.631,2,Aluminium,184.3,103.18,1.3821,0.0893,0.921
D3150,4.879,67.205,96.092,6.269,0,Mild Steel,230.4,99.804,0.5239,0.4204,2.505
D3151,6.473,61.162,47.29,7.454,2,Aluminium,1374.1,186.276,0.5078,0.0859,0.51
D3152,7.737,44.157,66.363,5.241,0,Mild Steel,1082.2,220.609,0.3093,0.3026,1.133
D3153,4.909,62.79,72.491,9.914,0,Mild Steel,508.7,165.929,0.5217,0.2982,1.507
D3154,4.86,75.12,76.938,1.152,2,Aluminium,451.8,186.929,1.383,0.1289,0.508
D3155,4.042,78.85,80.0,9.199,0,Mild Steel,846.4,357.94,1.6648,0.3402,0.698
D3156,5.606,36.669,88.996,8.879,2,Aluminium,235.7,127.249,1.491,0.084,0.747
D3157,5.778,79.944,41.386,7.184,2,Aluminium,1149.6,129.264,0.3064,0.0877,0.735
D3158,8.775,63.27,88.02,6.964,2,Aluminium,1376.3,195.871,1.2727,0.2243,0.485
D3159,7.591,51.061,99.233,8.142,2,Aluminium,635.0,159.338,1.6104,0.1765,0.596
D3160,8.249,49.67,64.075,3.896,2,Aluminium,950.7,156.222,0.52,0.1205,0.608
D3161,3.646,31.964,53.747,3.887,0,Mild Steel,1320.6,1244.351,2.6474,0.0836,0.201
D3162,3.464,74.022,94.132,2.121,2,Aluminium,1237.9,1085.921,19.4591,0.1108,0.087
D3163,9.461,37.944,74.736,3.25,0,Mild Steel,992.3,198.881,0.2578,0.3581,1.257
D3164,4.686,33.365,84.947,7.093,0,Mild Steel,812.1,662.319,2.9001,0.1772,0.377
D3165,7.053,56.277,78.406,5.042,0,Mild Steel,1044.3,235.067,0.5098,0.4153,1.064
D3166,6.531,52.696,60.833,7.414,1,Stainless Steel,892.4,177.866,0.2836,0.2847,1.209
D3167,4.577,76.727,87.929,2.952,2,Aluminium,442.2,198.274,2.3691,0.1417,0.479
D3168,6.538,54.069,92.765,7.23,0,Mild Steel,866.7,257.406,0.9157,0.4376,0.971
D3169,7.114,69.014,73.319,6.013,2,Aluminium,1043.1,170.401,0.9592,0.1652,0.558
D3170,7.89,73.967,56.114,2.485,1,Stainless Steel,1390.3,156.194,0.1401,0.4454,1.376
D3171,3.544,68.947,86.034,7.643,1,Stainless Steel,518.0,350.429,2.2277,0.2859,0.614
D3172,4.88,72.212,50.943,7.007,2,Aluminium,463.2,97.229,0.4229,0.0824,0.977
D3173,7.423,47.331,49.175,6.294,1,Stainless Steel,630.4,92.437,0.0802,0.235,2.326
D3174,9.532,30.965,65.703,8.797,1,Stainless Steel,1010.6,180.582,0.2215,0.2638,1.191
D3175,8.075,41.35,55.743,5.949,2,Aluminium,1017.6,168.121,0.4693,0.0854,0.565
D3176,7.951,72.681,72.592,5.277,1,Stainless Steel,546.4,70.37,0.1186,0.5705,3.055
D3177,6.963,40.966,46.933,9.322,1,Stainless Steel,280.4,47.463,0.0434,0.1821,4.53
D3178,6.004,68.441,60.279,9.739,0,Mild Steel,786.8,133.982,0.2327,0.3305,1.866
D3179,3.372,49.684,76.08,2.622,0,Mild Steel,646.9,688.986,2.9911,0.1701,0.363
D3180,8.485,60.678,55.022,1.407,0,Mild Steel,455.5,56.644,0.0409,0.3781,4.413
D3181,8.366,48.117,80.19,7.187,0,Mild Steel,146.0,26.964,0.0534,0.4308,9.272
D3182,5.657,33.154,50.306,4.304,0,Mild Steel,1431.3,538.9,0.6071,0.1259,0.464
D3183,6.727,63.954,42.553,3.996,2,Aluminium,430.1,52.64,0.0987,0.084,1.805
D3184,8.855,68.102,55.681,9.508,0,Mild Steel,495.9,38.472,0.0362,0.4481,6.498
D3185,8.12,72.403,98.967,3.519,1,Stainless Steel,567.7,103.486,0.2942,0.7913,2.078
D3186,6.933,79.842,87.404,6.288,2,Aluminium,297.6,52.046,0.433,0.2221,1.825
D3187,8.23,74.185,58.383,5.408,2,Aluminium,922.6,87.557,0.2574,0.1636,1.085
D3188,5.757,49.291,43.089,8.4,1,Stainless Steel,334.6,62.409,0.059,0.1663,3.445
D3189,4.25,73.354,45.697,4.829,0,Mild Steel,1158.6,294.309,0.3928,0.1901,0.849
D3190,3.801,72.31,62.305,3.779,2,Aluminium,988.5,444.929,3.4916,0.0786,0.214
D3191,4.156,32.958,45.609,8.59,0,Mild Steel,158.4,86.431,0.1271,0.0834,2.892
D3192,7.025,56.833,69.632,4.95,2,Aluminium,1387.7,277.649,1.3784,0.1276,0.342
D3193,7.605,59.084,63.057,1.574,2,Aluminium,619.0,110.56,0.3462,0.1301,0.859
D3194,5.963,57.744,67.429,9.244,0,Mild Steel,1073.1,247.086,0.5375,0.3098,1.012
D3195,5.654,45.253,85.928,3.462,2,Aluminium,534.7,262.861,2.4044,0.1009,0.361
D3196,9.756,35.855,93.173,7.37,0,Mild Steel,386.7,83.973,0.1879,0.4349,2.977
D3197,8.45,34.118,50.432,9.327,0,Mild Steel,636.1,97.474,0.0793,0.194,2.565
D3198,6.0,38.893,48.105,2.506,2,Aluminium,1321.5,401.572,1.0152,0.0515,0.237
D3199,4.209,69.51,98.979,1.494,2,Aluminium,923.1,672.564,10.0089,0.1329,0.141
D3200,9.8,70.01,86.652,9.403,0,Mild Steel,1276.4,124.942,0.252,0.7934,2.001
D3201,3.287,58.426,84.313,4.4,2,Aluminium,1307.3,1250.572,21.8821,0.0743,0.076
D3202,7.229,74.392,68.353,6.08,2,Aluminium,1275.2,174.63,0.8399,0.1687,0.544
D3203,8.378,41.036,56.119,1.221,2,Aluminium,515.9,100.267,0.219,0.0886,0.947
D3204,5.999,46.7,65.372,7.731,0,Mild Steel,1356.9,380.486,0.7522,0.2444,0.657
D3205,9.059,68.333,79.829,4.505,0,Mild Steel,741.8,90.727,0.1486,0.6595,2.756
D3206,9.951,56.762,47.2,8.973,2,Aluminium,1024.1,66.102,0.1116,0.1224,1.437
D3207,5.741,66.252,47.379,7.238,2,Aluminium,612.3,96.098,0.3011,0.0827,0.989
D3208,3.955,41.698,91.452,8.591,2,Aluminium,914.5,873.097,15.7191,0.0692,0.109
D3209,4.165,50.545,48.05,4.942,1,Stainless Steel,505.8,202.581,0.3185,0.1376,1.061
D3210,8.312,76.955,43.668,2.829,0,Mild Steel,774.9,58.044,0.0292,0.3728,4.307
D3211,5.455,59.406,88.084,6.554,2,Aluminium,646.2,234.843,2.6554,0.131,0.405
D3212,3.802,69.541,67.843,9.948,0,Mild Steel,951.4,437.137,1.5543,0.2394,0.572
D3213,3.367,77.808,50.085,5.393,1,Stainless Steel,1326.9,525.726,1.1628,0.1785,0.409
D3214,5.922,36.198,60.558,2.531,2,Aluminium,151.8,63.81,0.26,0.0596,1.489
D3215,3.083,62.306,53.639,2.256,1,Stainless Steel,107.7,78.04,0.1887,0.1401,2.755
D3216,9.302,68.599,58.98,5.617,0,Mild Steel,1125.6,92.806,0.0837,0.5023,2.694
D3217,8.514,39.073,65.6,5.198,0,Mild Steel,1098.5,210.681,0.2572,0.2912,1.187
D3218,9.557,72.997,64.252,1.479,1,Stainless Steel,292.6,27.996,0.0252,0.6096,7.68
D3219,9.42,62.34,93.482,3.81,2,Aluminium,242.8,36.477,0.2207,0.252,2.604
D3220,6.843,35.116,88.311,1.701,1,Stainless Steel,1436.7,732.534,1.8229,0.2886,0.294
D3221,7.814,33.465,63.984,9.108,2,Aluminium,934.5,214.543,0.8889,0.0768,0.443
D3222,8.076,40.708,91.052,1.772,0,Mild Steel,1312.7,433.146,0.9242,0.3995,0.577
D3223,5.54,35.845,58.183,3.589,2,Aluminium,974.7,422.193,1.8262,0.053,0.225
D3224,6.051,77.068,74.812,2.595,2,Aluminium,1096.0,255.889,1.5577,0.1601,0.371
D3225,9.561,32.21,65.668,7.024,1,Stainless Steel,947.9,169.018,0.1976,0.275,1.272
D3226,6.077,63.931,45.264,7.227,2,Aluminium,309.3,43.316,0.1159,0.0807,2.193
D3227,9.709,61.771,69.624,3.511,1,Stainless Steel,605.8,65.502,0.075,0.5679,3.282
D3228,4.839,62.041,85.153,3.514,1,Stainless Steel,630.9,296.365,1.1487,0.3476,0.725
D3229,7.136,48.706,68.51,4.584,2,Aluminium,1224.0,277.305,1.289,0.1093,0.343
D3230,4.285,55.599,53.006,4.479,2,Aluminium,224.8,87.279,0.4438,0.058,1.088
D3231,8.636,40.079,50.015,2.848,2,Aluminium,408.7,62.651,0.1148,0.0795,1.516
D3232,7.78,78.877,45.161,9.8,0,Mild Steel,1375.4,94.131,0.0682,0.3698,2.656
D3233,3.764,53.398,65.793,9.537,2,Aluminium,807.8,478.327,4.6831,0.0607,0.199
D3234,8.369,66.844,79.566,7.6,0,Mild Steel,1207.4,157.507,0.3105,0.594,1.587
D3235,8.917,67.089,69.611,7.888,1,Stainless Steel,298.0,29.998,0.0438,0.5663,7.167
D3236,5.309,48.973,88.424,5.505,1,Stainless Steel,399.3,191.524,0.7808,0.3127,1.123
D3237,5.314,62.523,74.842,5.334,1,Stainless Steel,269.7,86.091,0.2497,0.3382,2.497
D3238,6.54,42.854,83.382,6.881,2,Aluminium,686.0,232.984,1.9229,0.1073,0.408
D3239,6.634,49.879,84.772,6.501,2,Aluminium,533.0,155.732,1.2926,0.1288,0.61
D3240,3.941,65.774,78.325,6.979,0,Mild Steel,767.4,405.616,1.8313,0.271,0.616
D3241,9.255,71.794,76.032,1.924,0,Mild Steel,646.7,77.358,0.0999,0.6742,3.232
D3242,9.873,40.26,47.316,1.217,0,Mild Steel,481.9,58.631,0.0263,0.251,4.264
D3243,8.526,71.285,99.757,4.209,2,Aluminium,1110.6,183.923,1.4466,0.2783,0.517
D3244,7.689,39.903,52.571,7.695,1,Stainless Steel,1200.0,201.512,0.1992,0.2194,1.067
D3245,6.743,62.145,75.634,7.54,2,Aluminium,1196.1,236.418,1.5744,0.1455,0.402
D3246,8.644,68.56,92.153,1.039,2,Aluminium,1068.0,194.168,1.0941,0.2507,0.489
D3247,7.292,66.971,67.766,5.611,2,Aluminium,1220.3,184.005,0.8477,0.1519,0.516
D3248,4.522,62.862,64.726,1.203,0,Mild Steel,1291.4,612.505,1.2052,0.2455,0.408
D3249,6.771,38.741,69.018,3.025,0,Mild Steel,526.9,179.145,0.2881,0.2416,1.396
D3250,6.535,52.985,88.755,2.641,1,Stainless Steel,1091.0,380.509,1.0693,0.4179,0.565
D3251,9.216,59.473,48.418,1.092,1,Stainless Steel,727.7,70.568,0.0368,0.3609,3.047
D3252,3.929,30.524,50.679,6.084,2,Aluminium,531.5,400.771,2.1657,0.0279,0.237
D3253,8.562,53.411,50.524,8.0,0,Mild Steel,1159.8,114.25,0.0892,0.3083,2.188
D3254,9.955,63.343,42.686,9.93,1,Stainless Steel,971.1,49.797,0.0251,0.3661,4.318
D3255,5.737,40.84,86.571,4.32,0,Mild Steel,729.1,373.65,1.2268,0.2707,0.669
D3256,3.679,33.629,80.885,1.326,0,Mild Steel,1338.1,2151.194,8.4586,0.1335,0.116
D3257,4.719,39.552,74.328,1.597,0,Mild Steel,519.5,400.162,1.0264,0.1851,0.625
D3258,6.968,51.755,69.838,3.254,0,Mild Steel,1304.4,314.842,0.5075,0.3361,0.794
D3259,7.436,42.897,60.829,2.621,1,Stainless Steel,102.4,23.832,0.0271,0.2639,9.022
D3260,6.411,60.498,70.972,6.16,1,Stainless Steel,987.5,214.022,0.4589,0.3744,1.005
D3261,7.155,56.333,99.599,3.877,1,Stainless Steel,331.0,96.756,0.3285,0.546,2.222
D3262,3.188,65.555,55.594,3.763,1,Stainless Steel,543.8,331.946,0.9118,0.158,0.648
D3263,5.851,41.572,66.365,3.034,2,Aluminium,802.8,319.314,1.6337,0.0741,0.298
D3264,4.442,59.643,71.985,8.228,2,Aluminium,1202.3,504.556,4.9732,0.0875,0.188
D3265,9.94,35.093,65.174,7.663,1,Stainless Steel,454.4,67.663,0.0756,0.3092,3.178
D3266,7.414,77.344,94.22,9.598,1,Stainless Steel,185.1,29.548,0.1018,0.7347,7.276
D3267,4.311,77.784,41.333,8.978,2,Aluminium,654.8,127.446,0.4299,0.0636,0.745
D3268,7.272,78.439,64.853,1.681,2,Aluminium,1050.0,157.081,0.5504,0.1698,0.605
D3269,6.207,33.973,73.044,2.109,0,Mild Steel,711.9,362.488,0.6831,0.2055,0.69
D3270,6.489,35.086,75.51,6.836,2,Aluminium,1305.9,498.282,3.4002,0.0789,0.191
D3271,5.617,74.515,45.301,5.169,0,Mild Steel,415.4,61.285,0.0585,0.253,4.079
D3272,3.478,46.092,46.92,4.028,1,Stainless Steel,1274.3,786.945,1.4065,0.1023,0.273
D3273,9.283,54.627,90.197,4.23,1,Stainless Steel,603.4,100.813,0.21,0.622,2.133
D3274,8.123,69.476,84.934,5.818,1,Stainless Steel,731.9,108.957,0.2496,0.6518,1.973
D3275,7.446,78.854,85.781,5.603,0,Mild Steel,355.7,55.551,0.138,0.6721,4.5
D3276,7.295,41.998,78.0,3.732,2,Aluminium,1349.5,402.623,2.2767,0.1097,0.236
D3277,4.634,65.237,73.866,7.404,0,Mild Steel,1261.3,464.4,1.5663,0.298,0.538
D3278,6.127,71.308,80.58,5.175,0,Mild Steel,347.7,81.45,0.2218,0.4698,3.069
D3279,4.759,72.191,67.678,8.542,2,Aluminium,245.3,69.914,0.5667,0.1067,1.359
D3280,3.819,34.716,49.017,4.243,2,Aluminium,731.2,523.493,2.5827,0.0298,0.181
D3281,4.805,61.547,44.898,8.012,0,Mild Steel,931.2,204.336,0.2469,0.1772,1.223
D3282,6.896,75.957,60.167,3.303,2,Aluminium,909.1,130.954,0.4609,0.1447,0.725
D3283,6.878,41.492,47.564,1.13,2,Aluminium,1180.1,282.625,0.5453,0.0623,0.336
D3284,8.05,70.955,48.476,4.056,0,Mild Steel,1360.8,122.979,0.0837,0.3695,2.033
D3285,5.435,65.043,50.817,3.906,1,Stainless Steel,767.0,162.91,0.1998,0.2443,1.32
D3286,4.302,40.137,46.503,2.587,1,Stainless Steel,961.8,500.045,0.6274,0.1092,0.43
D3287,3.233,41.558,49.746,6.996,0,Mild Steel,1111.0,866.526,1.9483,0.0892,0.289
D3288,4.011,77.465,90.941,6.595,0,Mild Steel,649.5,329.684,1.9542,0.3771,0.758
D3289,4.657,61.931,91.873,3.369,0,Mild Steel,1231.4,675.402,3.053,0.3536,0.37
D3290,5.161,38.945,86.019,7.849,0,Mild Steel,401.8,234.197,0.9554,0.2307,1.067
D3291,3.334,31.783,80.75,1.737,1,Stainless Steel,168.3,327.909,1.5599,0.1164,0.656
D3292,3.338,53.352,41.909,3.236,1,Stainless Steel,1322.9,707.152,1.0173,0.1015,0.304
D3293,4.276,36.291,72.77,2.235,0,Mild Steel,1008.8,942.16,2.7393,0.1507,0.265
D3294,8.409,49.613,70.384,9.121,0,Mild Steel,619.6,92.314,0.1465,0.3918,2.708
D3295,9.956,67.772,41.329,5.775,0,Mild Steel,899.3,46.247,0.019,0.3721,5.406
D3296,3.318,60.502,73.282,2.831,2,Aluminium,621.3,530.921,6.4127,0.0675,0.179
D3297,8.158,39.652,61.317,7.861,0,Mild Steel,923.5,162.863,0.1978,0.2647,1.535
D3298,7.812,37.474,83.092,9.54,2,Aluminium,707.8,187.025,1.3176,0.1116,0.508
D3299,4.936,43.07,52.197,4.64,1,Stainless Steel,548.5,208.092,0.3122,0.1509,1.033
D3300,6.238,54.683,42.198,2.336,2,Aluminium,387.8,69.176,0.1273,0.0661,1.373
D3301,7.175,45.698,55.31,6.199,1,Stainless Steel,1254.3,228.523,0.2606,0.2466,0.941
D3302,5.163,45.917,56.317,3.479,0,Mild Steel,1041.6,389.519,0.5887,0.1782,0.642
D3303,8.278,70.218,68.268,5.236,1,Stainless Steel,592.5,69.157,0.0981,0.5397,3.109
D3304,3.526,34.004,66.238,4.257,0,Mild Steel,101.5,115.899,0.3959,0.106,2.157
D3305,8.754,35.138,87.042,5.52,0,Mild Steel,1138.4,302.877,0.6369,0.3573,0.825
D3306,5.599,43.178,48.675,8.853,0,Mild Steel,285.1,71.673,0.0868,0.157,3.488
D3307,3.722,41.338,47.814,4.786,0,Mild Steel,1141.8,687.526,1.1715,0.0982,0.364
D3308,3.553,63.606,43.853,2.841,0,Mild Steel,199.9,85.9,0.1182,0.1322,2.91
D3309,5.05,73.875,57.012,8.045,0,Mild Steel,1433.1,302.961,0.5584,0.2838,0.825
D3310,9.155,60.777,56.038,8.309,2,Aluminium,1268.3,107.103,0.2774,0.1431,0.887
D3311,5.976,51.804,64.399,2.996,1,Stainless Steel,775.4,231.575,0.3882,0.2711,0.928
D3312,8.625,44.178,49.258,3.691,1,Stainless Steel,177.3,23.41,0.0155,0.2553,9.184
D3313,7.126,44.456,65.739,4.765,2,Aluminium,704.2,166.94,0.721,0.0956,0.569
D3314,3.511,36.448,80.842,6.731,0,Mild Steel,1380.4,1697.667,9.243,0.1381,0.147
D3315,3.181,47.703,64.34,1.794,1,Stainless Steel,696.4,779.973,2.5034,0.1328,0.276
D3316,6.171,49.869,48.363,6.394,2,Aluminium,281.7,53.725,0.1577,0.0683,1.768
D3317,5.978,55.421,95.872,7.133,1,Stainless Steel,400.2,141.427,0.6172,0.432,1.52
D3318,5.618,47.183,59.56,8.812,1,Stainless Steel,890.0,249.157,0.4659,0.2147,0.863
D3319,3.314,38.563,70.692,5.915,0,Mild Steel,1274.2,1465.292,6.4157,0.1206,0.171
D3320,8.315,55.387,50.138,4.62,0,Mild Steel,443.4,48.904,0.0351,0.3082,5.112
D3321,6.239,74.648,99.938,1.014,0,Mild Steel,773.8,263.231,0.852,0.6211,0.95
D3322,4.769,31.39,51.817,2.112,0,Mild Steel,1485.8,944.621,1.2139,0.1035,0.265
D3323,5.627,42.817,52.983,1.946,2,Aluminium,141.9,50.462,0.1604,0.0586,1.883
D3324,7.784,72.554,58.481,4.667,1,Stainless Steel,1445.2,159.735,0.1751,0.4492,1.346
D3325,9.886,60.985,65.828,7.949,1,Stainless Steel,1098.2,95.308,0.1102,0.5397,2.256
D3326,5.25,42.637,70.773,8.257,2,Aluminium,861.0,362.786,2.8676,0.0727,0.262
D3327,7.747,68.008,42.988,5.491,0,Mild Steel,1066.7,90.435,0.0536,0.3023,2.764
D3328,8.632,42.31,71.49,3.167,0,Mild Steel,294.2,60.198,0.079,0.3484,4.153
D3329,7.237,44.596,72.862,1.175,1,Stainless Steel,214.6,66.225,0.1018,0.3198,3.247
D3330,8.376,60.023,51.985,1.114,2,Aluminium,1296.2,160.677,0.2993,0.12,0.591
D3331,4.652,57.672,62.598,5.982,1,Stainless Steel,1202.6,434.985,1.0533,0.2284,0.494
D3332,4.49,53.726,88.994,4.734,2,Aluminium,222.0,136.123,1.8649,0.0985,0.698
D3333,7.156,50.48,43.537,5.87,0,Mild Steel,964.2,127.087,0.086,0.2099,1.967
D3334,8.381,53.553,68.72,4.939,2,Aluminium,761.5,115.944,0.4544,0.1416,0.819
D3335,6.433,73.151,65.547,8.937,0,Mild Steel,342.3,52.798,0.099,0.4116,4.735
D3336,4.864,77.192,78.863,1.022,0,Mild Steel,683.7,285.399,0.7553,0.3951,0.876
D3337,6.644,72.364,77.112,9.111,1,Stainless Steel,769.4,132.557,0.3445,0.5042,1.622
D3338,9.516,32.43,65.761,2.495,0,Mild Steel,976.5,206.295,0.1987,0.2708,1.212
D3339,6.013,33.332,61.281,6.751,2,Aluminium,571.3,214.397,1.0519,0.0564,0.443
D3340,6.705,36.828,94.394,5.578,2,Aluminium,114.3,50.863,0.502,0.107,1.868
D3341,8.928,50.739,41.979,9.817,1,Stainless Steel,315.5,24.254,0.0134,0.2586,8.865
D3342,8.676,50.567,81.178,6.219,0,Mild Steel,287.4,49.244,0.0931,0.4753,5.077
D3343,9.515,59.435,75.694,9.983,0,Mild Steel,320.3,33.66,0.0543,0.5713,7.427
D3344,4.557,71.185,65.509,2.198,1,Stainless Steel,267.3,102.345,0.2313,0.289,2.101
D3345,7.821,31.293,42.143,2.991,1,Stainless Steel,370.0,73.034,0.0383,0.1403,2.944
D3346,4.143,72.121,94.466,8.348,2,Aluminium,1216.1,631.849,11.5863,0.1296,0.15
D3347,8.792,49.485,72.68,6.088,1,Stainless Steel,351.1,53.943,0.0831,0.43,3.986
D3348,9.684,46.483,54.268,5.488,0,Mild Steel,616.9,64.481,0.0467,0.326,3.877
D3349,3.787,61.614,77.093,6.77,0,Mild Steel,179.8,108.023,0.4923,0.2401,2.314
D3350,3.213,67.249,63.581,5.231,2,Aluminium,234.2,149.394,1.5642,0.0631,0.636
D3351,8.1,46.895,62.484,6.635,0,Mild Steel,883.0,140.398,0.1729,0.3167,1.781
D3352,4.975,34.757,70.282,8.637,2,Aluminium,1380.8,779.647,6.4939,0.0558,0.122
D3353,6.712,54.132,46.86,4.818,0,Mild Steel,981.7,151.518,0.1235,0.2272,1.65
D3354,5.575,74.489,52.988,9.506,2,Aluminium,815.9,129.344,0.5453,0.101,0.734
D3355,8.708,69.341,67.036,5.912,2,Aluminium,571.1,59.103,0.2178,0.1858,1.607
D3356,7.888,73.123,45.647,6.25,1,Stainless Steel,130.5,10.319,0.0072,0.3581,20.836
D3357,4.009,60.711,71.26,4.933,0,Mild Steel,1074.5,570.096,1.9886,0.2314,0.439
D3358,5.327,52.747,46.852,5.619,2,Aluminium,132.1,30.863,0.0988,0.0604,3.078
D3359,9.292,37.064,69.323,2.365,0,Mild Steel,1102.8,226.146,0.2471,0.3186,1.105
D3360,6.799,74.304,93.683,8.923,1,Stainless Steel,1243.4,243.728,0.9074,0.6436,0.882
D3361,9.962,42.716,51.073,7.815,2,Aluminium,122.9,11.693,0.0225,0.0998,8.125
D3362,6.072,64.624,54.459,4.147,2,Aluminium,195.4,36.21,0.1265,0.0981,2.624
D3363,9.028,69.351,49.206,8.494,0,Mild Steel,838.9,55.675,0.0392,0.4112,4.49
D3364,5.032,66.731,88.106,1.726,2,Aluminium,450.4,213.971,2.1003,0.1358,0.444
D3365,8.822,56.43,86.06,8.938,0,Mild Steel,1051.4,154.908,0.3459,0.5717,1.614
D3366,8.718,48.553,67.204,2.775,2,Aluminium,1269.9,212.887,0.6945,0.1306,0.446
D3367,8.754,62.733,55.382,8.479,1,Stainless Steel,603.8,52.742,0.0505,0.4136,4.076
D3368,9.817,56.745,49.307,2.958,0,Mild Steel,763.4,63.817,0.0341,0.3666,3.917
D3369,6.082,30.016,84.972,3.261,1,Stainless Steel,1239.4,804.135,2.3333,0.211,0.267
D3370,3.276,36.367,69.303,9.471,0,Mild Steel,374.8,453.322,1.9524,0.1102,0.551
D3371,6.954,79.225,72.255,1.139,2,Aluminium,776.3,144.72,0.6372,0.1827,0.656
D3372,7.551,48.388,74.971,6.357,0,Mild Steel,1194.9,252.877,0.4834,0.3655,0.989
D3373,5.634,43.761,83.355,2.807,0,Mild Steel,1225.6,631.787,1.8144,0.2742,0.396
D3374,5.319,44.716,98.073,7.453,1,Stainless Steel,1080.1,595.59,3.1378,0.3172,0.361
D3375,4.889,60.513,58.198,2.391,2,Aluminium,566.3,196.354,0.9153,0.079,0.484
D3376,5.247,66.173,43.515,3.667,1,Stainless Steel,913.8,176.192,0.1633,0.2055,1.22
D3377,7.342,56.66,55.389,6.601,1,Stainless Steel,522.4,72.843,0.082,0.3134,2.952
D3378,6.099,69.823,83.657,6.436,1,Stainless Steel,707.4,170.021,0.5418,0.4845,1.265
D3379,9.048,76.737,42.336,9.425,2,Aluminium,372.1,18.76,0.0288,0.1349,5.064
D3380,4.969,75.382,93.688,2.438,1,Stainless Steel,418.5,181.439,0.7714,0.4772,1.185
D3381,3.46,31.05,72.97,9.628,2,Aluminium,784.5,1048.39,13.7341,0.036,0.091
D3382,8.362,44.146,86.753,5.778,2,Aluminium,114.1,25.938,0.1673,0.147,3.663
D3383,6.607,57.576,61.979,2.187,2,Aluminium,1027.1,231.919,0.8537,0.1082,0.41
D3384,5.533,56.397,63.398,1.324,2,Aluminium,159.6,55.865,0.2468,0.0908,1.701
D3385,5.196,47.603,80.562,6.442,2,Aluminium,1015.4,461.655,4.6079,0.0915,0.206
D3386,7.322,38.48,76.909,8.554,0,Mild Steel,473.5,129.356,0.2852,0.2892,1.933
D3387,8.886,45.059,92.964,6.161,2,Aluminium,1272.5,268.805,1.8747,0.1708,0.353
D3388,8.58,72.722,84.033,7.745,2,Aluminium,672.3,81.1,0.5036,0.2407,1.171
D3389,5.205,63.924,41.653,2.341,0,Mild Steel,562.6,118.241,0.0902,0.185,2.114
D3390,9.825,45.681,40.655,4.288,2,Aluminium,668.3,54.115,0.0601,0.0838,1.756
D3391,8.005,49.572,91.276,8.317,0,Mild Steel,1346.9,289.641,0.8056,0.4834,0.863
D3392,5.829,46.078,85.642,3.531,1,Stainless Steel,1253.3,568.489,1.7877,0.3128,0.378
D3393,9.428,78.733,90.012,5.952,2,Aluminium,250.8,26.543,0.1607,0.3067,3.579
D3394,8.834,63.836,59.687,9.478,0,Mild Steel,202.0,18.01,0.0195,0.4492,13.881
D3395,7.389,49.26,40.313,5.638,1,Stainless Steel,1380.4,164.218,0.0943,0.1996,1.309
D3396,5.334,37.64,76.879,8.314,2,Aluminium,258.5,130.018,1.1923,0.0708,0.731
D3397,6.229,30.348,79.622,9.147,1,Stainless Steel,149.7,71.504,0.2135,0.2047,3.007
D3398,5.445,77.659,68.794,8.563,2,Aluminium,708.8,148.178,1.067,0.1335,0.641
D3399,8.328,52.007,54.92,2.016,0,Mild Steel,1181.3,171.26,0.1303,0.3174,1.46
D3400,6.917,57.241,89.419,3.286,2,Aluminium,1086.6,307.205,2.3772,0.1625,0.309
D3401,9.855,31.389,67.034,8.544,2,Aluminium,1315.1,223.937,0.7644,0.0952,0.424
D3402,3.637,37.562,92.89,9.479,2,Aluminium,876.6,1116.115,22.5455,0.0582,0.085
D3403,9.829,40.418,42.04,5.375,0,Mild Steel,980.6,89.207,0.038,0.2229,2.802
D3404,3.321,68.122,56.194,2.966,2,Aluminium,1077.7,620.783,4.4447,0.0583,0.153
D3405,5.378,34.47,76.263,9.028,1,Stainless Steel,1185.5,629.302,2.033,0.1923,0.342
D3406,6.406,38.871,54.913,9.193,1,Stainless Steel,107.9,26.323,0.0362,0.186,8.168
D3407,9.327,63.98,64.293,3.535,1,Stainless Steel,1221.0,126.642,0.1296,0.5218,1.698
D3408,9.358,69.13,96.626,1.36,1,Stainless Steel,239.2,38.1,0.079,0.8501,5.643
D3409,7.307,42.962,89.954,5.093,1,Stainless Steel,852.2,269.885,0.7669,0.3841,0.797
D3410,7.882,55.739,87.27,8.837,1,Stainless Steel,160.8,29.906,0.0811,0.5214,7.189
D3411,6.211,54.047,95.252,9.958,0,Mild Steel,1478.6,471.454,1.9736,0.4267,0.53
D3412,3.869,62.252,70.445,2.716,2,Aluminium,736.3,448.899,4.1384,0.0779,0.212
D3413,4.061,78.779,64.362,8.843,0,Mild Steel,105.6,35.629,0.1067,0.2748,7.017
D3414,7.386,31.817,71.1,7.8,0,Mild Steel,1278.8,390.866,0.7171,0.223,0.64
D3415,4.018,40.828,41.476,8.504,1,Stainless Steel,1186.6,508.446,0.6626,0.0925,0.423
D3416,4.557,32.429,86.623,4.746,1,Stainless Steel,255.6,245.918,1.1217,0.1741,0.874
D3417,8.98,73.866,94.595,6.244,1,Stainless Steel,1297.0,166.444,0.4254,0.8533,1.292
D3418,6.768,43.935,69.805,1.895,2,Aluminium,648.0,210.364,0.938,0.0953,0.452
D3419,6.605,42.451,85.951,5.966,0,Mild Steel,1267.4,451.954,1.3159,0.3216,0.553
D3420,4.907,59.177,41.782,4.917,0,Mild Steel,1331.4,294.132,0.2778,0.1619,0.85
D3421,3.443,73.283,51.402,3.394,1,Stainless Steel,272.5,121.808,0.2563,0.1764,1.765
D3422,7.902,62.901,48.448,5.35,2,Aluminium,1161.6,116.362,0.2467,0.1105,0.816
D3423,8.447,31.773,62.199,3.4,1,Stainless Steel,881.7,215.221,0.2296,0.227,0.999
D3424,6.338,60.416,60.747,5.106,1,Stainless Steel,524.0,103.02,0.1583,0.3163,2.087
D3425,5.977,63.517,67.641,2.206,1,Stainless Steel,1465.8,393.83,0.6931,0.3493,0.546
D3426,9.258,63.357,48.5,7.069,2,Aluminium,840.0,59.539,0.1105,0.1306,1.596
D3427,3.851,30.758,62.897,7.086,1,Stainless Steel,1436.6,1359.876,4.2165,0.1013,0.158
D3428,5.104,77.133,66.17,9.929,2,Aluminium,257.0,57.777,0.4208,0.1196,1.644
D3429,3.83,30.62,88.654,1.313,2,Aluminium,247.1,444.275,5.8,0.0477,0.214
D3430,3.234,70.972,76.824,3.509,0,Mild Steel,265.2,203.784,1.0018,0.2353,1.227
D3431,7.125,73.379,97.196,9.107,0,Mild Steel,1235.1,232.622,0.8548,0.6781,1.075
D3432,8.462,31.515,93.869,1.128,2,Aluminium,886.1,370.011,2.2249,0.1149,0.257
D3433,8.883,35.754,41.687,2.413,0,Mild Steel,840.4,116.657,0.0486,0.1767,2.143
D3434,5.145,37.729,97.069,3.301,1,Stainless Steel,441.8,352.3,1.6298,0.2563,0.61
D3435,5.855,37.493,95.136,8.043,0,Mild Steel,920.3,486.027,2.106,0.2787,0.514
D3436,3.727,66.324,98.395,5.79,1,Stainless Steel,199.7,149.423,1.1477,0.3308,1.439
D3437,9.109,73.847,65.646,6.087,0,Mild Steel,944.6,82.4,0.0958,0.5893,3.034
D3438,3.619,38.717,60.724,7.689,1,Stainless Steel,110.6,90.165,0.2796,0.1157,2.385
D3439,5.228,42.465,80.917,7.172,2,Aluminium,1259.2,626.501,6.3738,0.0825,0.152
D3440,6.507,75.264,80.785,8.559,2,Aluminium,471.9,85.929,0.6954,0.1816,1.106
D3441,3.706,68.889,97.964,7.933,2,Aluminium,344.4,242.823,5.3539,0.1148,0.391
D3442,6.868,56.921,77.211,9.475,0,Mild Steel,1318.4,270.299,0.6581,0.4028,0.925
D3443,5.992,40.292,44.386,8.718,1,Stainless Steel,1270.3,275.694,0.2656,0.1457,0.78
D3444,6.1,65.797,79.206,9.652,0,Mild Steel,561.9,127.072,0.3738,0.4243,1.967
D3445,5.046,47.297,59.653,2.004,2,Aluminium,1485.2,655.944,3.0082,0.0653,0.145
D3446,3.441,47.346,96.897,5.556,2,Aluminium,806.2,971.877,22.0503,0.0725,0.098
D3447,6.048,30.271,87.438,1.029,0,Mild Steel,259.5,201.918,0.5181,0.2136,1.238
D3448,9.215,41.563,90.622,1.485,1,Stainless Steel,380.6,96.726,0.1805,0.472,2.223
D3449,7.548,51.624,42.267,2.27,1,Stainless Steel,1385.5,184.67,0.0977,0.224,1.164
D3450,8.667,39.349,49.61,8.772,1,Stainless Steel,1497.8,189.066,0.148,0.2301,1.137
D3451,5.143,46.331,74.98,8.252,1,Stainless Steel,1394.5,595.527,1.9336,0.243,0.361
D3452,4.048,57.225,86.988,3.177,0,Mild Steel,1332.7,975.918,4.6221,0.2689,0.256
D3453,9.194,48.607,71.871,8.91,1,Stainless Steel,1165.2,154.523,0.2373,0.4368,1.391
D3454,3.285,30.57,90.841,8.785,1,Stainless Steel,917.1,1719.788,13.1503,0.1241,0.125
D3455,6.545,61.415,64.499,8.865,2,Aluminium,245.8,43.101,0.2221,0.119,2.204
D3456,6.446,45.651,70.512,7.523,2,Aluminium,900.2,245.284,1.4964,0.0952,0.387
D3457,8.996,45.961,47.296,5.28,2,Aluminium,336.6,35.704,0.0617,0.0898,2.661
D3458,3.064,36.874,70.532,7.884,0,Mild Steel,533.9,740.542,3.5314,0.1064,0.338
D3459,9.968,42.228,61.0,4.801,2,Aluminium,781.8,98.188,0.2459,0.1179,0.968
D3460,6.357,37.156,45.563,1.696,1,Stainless Steel,275.3,78.636,0.0565,0.1464,2.734
D3461,5.003,45.226,81.814,2.023,1,Stainless Steel,876.8,563.298,1.757,0.2518,0.382
D3462,9.446,47.207,90.436,4.051,2,Aluminium,733.1,138.634,0.7901,0.1851,0.685
D3463,5.176,79.078,82.766,2.793,2,Aluminium,698.5,231.115,2.0936,0.1555,0.411
D3464,5.919,37.393,43.729,9.117,0,Mild Steel,653.3,153.005,0.1409,0.1292,1.634
D3465,8.902,52.293,52.0,6.227,1,Stainless Steel,946.4,95.837,0.0748,0.3292,2.243
D3466,6.222,69.192,66.226,8.49,2,Aluminium,1395.0,246.333,1.4093,0.1309,0.386
D3467,8.209,55.337,44.425,3.29,1,Stainless Steel,894.9,94.915,0.0531,0.2745,2.265
D3468,5.88,33.761,77.588,1.398,0,Mild Steel,1303.1,826.316,1.7736,0.2055,0.303
D3469,6.016,70.676,74.245,2.457,1,Stainless Steel,525.6,135.404,0.2897,0.4293,1.588
D3470,5.945,46.703,56.663,1.781,2,Aluminium,532.9,169.739,0.5726,0.0722,0.56
D3471,5.307,61.505,78.814,5.304,0,Mild Steel,1122.7,385.064,1.1958,0.3433,0.649
D3472,4.952,46.414,98.23,1.965,2,Aluminium,120.2,92.498,1.172,0.1036,1.027
D3473,3.596,43.24,81.266,1.273,2,Aluminium,242.3,319.308,3.7478,0.058,0.298
D3474,8.827,70.551,80.068,5.609,2,Aluminium,417.7,50.012,0.2562,0.2289,1.9
D3475,7.304,30.826,97.735,7.557,0,Mild Steel,884.2,393.534,1.3742,0.2937,0.635
D3476,4.258,60.641,93.894,3.627,0,Mild Steel,785.6,521.419,2.779,0.3235,0.479
D3477,4.523,61.095,58.889,6.782,1,Stainless Steel,667.0,221.295,0.4992,0.2213,0.972
D3478,9.492,45.143,57.128,4.423,1,Stainless Steel,564.0,68.824,0.0565,0.3329,3.124
D3479,9.414,65.807,56.421,7.01,1,Stainless Steel,907.6,70.023,0.0615,0.4754,3.07
D3480,7.662,58.15,77.418,3.249,2,Aluminium,1074.4,214.977,1.1048,0.1583,0.442
D3481,6.324,43.392,97.534,1.583,2,Aluminium,808.9,431.244,3.9647,0.1228,0.22
D3482,3.264,36.238,41.184,5.855,0,Mild Steel,1458.6,1071.474,1.6176,0.065,0.233
D3483,9.468,33.42,60.592,6.905,2,Aluminium,326.1,52.794,0.1482,0.088,1.799
D3484,9.963,58.069,79.075,2.229,0,Mild Steel,347.9,45.834,0.0599,0.6105,5.454
D3485,4.214,41.384,68.46,8.61,1,Stainless Steel,169.2,107.301,0.3632,0.1624,2.004
D3486,8.965,38.215,87.364,5.749,0,Mild Steel,374.6,87.416,0.1814,0.3994,2.86
D3487,5.052,54.018,81.458,9.36,1,Stainless Steel,1184.4,480.063,1.9047,0.3023,0.448
D3488,7.505,73.305,72.071,6.983,2,Aluminium,631.5,84.206,0.4422,0.182,1.128
D3489,9.632,40.148,76.341,3.242,1,Stainless Steel,948.2,177.539,0.2437,0.4015,1.211
D3490,7.643,51.167,96.445,6.993,2,Aluminium,872.1,215.686,1.9852,0.1731,0.44
D3491,3.481,73.99,54.053,5.799,0,Mild Steel,1251.8,524.13,1.2668,0.1858,0.477
D3492,9.289,53.163,87.789,4.327,1,Stainless Steel,472.7,78.592,0.1555,0.5896,2.736
D3493,8.453,58.627,77.573,7.962,1,Stainless Steel,814.1,114.904,0.2224,0.5228,1.871
D3494,6.95,67.859,57.432,6.192,2,Aluminium,1428.5,192.828,0.6886,0.1243,0.493
D3495,3.102,68.307,91.832,3.602,2,Aluminium,629.1,644.672,13.8484,0.0893,0.147
D3496,3.581,64.963,52.149,9.418,1,Stainless Steel,545.3,232.374,0.5371,0.165,0.925
D3497,8.55,39.539,62.21,3.087,0,Mild Steel,333.8,64.971,0.065,0.2807,3.848
D3498,5.234,78.355,57.565,3.105,1,Stainless Steel,966.4,215.729,0.34,0.3211,0.997
D3499,6.779,77.043,51.319,7.35,0,Mild Steel,564.4,60.748,0.0636,0.3577,4.115
D3500,7.12,58.501,91.603,4.614,1,Stainless Steel,994.3,251.491,0.7502,0.5189,0.855
D3501,4.987,47.5,99.891,8.847,0,Mild Steel,1333.0,776.903,4.5096,0.3158,0.322
D3502,3.369,65.074,99.445,1.161,1,Stainless Steel,449.7,551.385,3.6845,0.2965,0.39
D3503,6.14,34.578,88.929,8.509,0,Mild Steel,445.6,216.586,0.7829,0.252,1.154
D3504,6.421,62.224,40.084,4.693,0,Mild Steel,834.2,104.308,0.0652,0.2137,2.397
D3505,5.568,41.705,59.577,6.187,0,Mild Steel,1098.8,374.275,0.6454,0.1846,0.668
D3506,4.171,46.811,64.253,1.073,2,Aluminium,608.1,453.604,2.7526,0.0576,0.209
D3507,7.454,55.762,63.914,8.367,2,Aluminium,1360.0,207.044,0.8913,0.1219,0.459
D3508,5.047,63.453,81.806,8.707,2,Aluminium,1092.4,382.352,4.2496,0.1203,0.248
D3509,5.351,69.178,64.632,1.907,0,Mild Steel,232.8,68.845,0.1186,0.3193,3.631
D3510,7.981,77.398,97.003,8.894,1,Stainless Steel,757.7,110.162,0.3643,0.8149,1.952
D3511,9.071,77.729,45.672,7.114,2,Aluminium,424.8,23.947,0.0404,0.1478,3.967
D3512,9.149,61.321,72.293,1.547,1,Stainless Steel,1027.5,142.68,0.1713,0.5516,1.507
D3513,3.508,62.152,77.189,5.286,0,Mild Steel,227.5,161.592,0.7799,0.2246,1.547
D3514,5.792,41.178,81.982,3.423,0,Mild Steel,870.1,430.13,1.1981,0.261,0.581
D3515,4.709,69.588,69.861,6.067,0,Mild Steel,755.0,246.414,0.7087,0.3055,1.015
D3516,4.85,57.212,86.128,6.392,2,Aluminium,726.5,333.924,4.1226,0.1097,0.284
D3517,9.935,74.4,51.491,5.154,0,Mild Steel,1103.2,65.969,0.0413,0.5079,3.79
D3518,3.829,47.811,69.207,9.709,2,Aluminium,1390.2,934.674,9.9545,0.0582,0.102
D3519,8.806,53.935,59.727,1.204,2,Aluminium,1396.1,199.787,0.4682,0.1302,0.476
D3520,9.28,73.429,70.025,2.582,2,Aluminium,108.5,11.259,0.0368,0.219,8.438
D3521,6.422,49.798,57.986,4.935,2,Aluminium,1463.9,327.583,1.2543,0.0851,0.29
D3522,7.958,57.472,73.178,4.21,0,Mild Steel,213.0,36.399,0.0576,0.4466,6.868
D3523,7.389,64.825,52.177,7.06,2,Aluminium,139.4,15.621,0.0439,0.1147,6.082
D3524,4.945,32.861,66.709,9.239,0,Mild Steel,1223.9,696.449,1.8286,0.1447,0.359
D3525,7.326,44.388,79.014,4.032,0,Mild Steel,1449.9,405.859,0.8197,0.3429,0.616
D3526,7.447,32.986,44.981,3.077,0,Mild Steel,1084.5,236.28,0.1449,0.1475,1.058
D3527,3.762,77.962,49.886,6.888,0,Mild Steel,653.0,202.79,0.3905,0.1953,1.233
D3528,3.149,30.708,75.794,4.695,0,Mild Steel,1271.6,2231.067,11.5494,0.0978,0.112
D3529,3.453,46.881,55.642,1.605,0,Mild Steel,354.2,306.517,0.6325,0.1202,0.816
D3530,9.993,46.265,70.968,8.37,0,Mild Steel,891.3,106.741,0.138,0.4378,2.342
D3531,7.705,35.633,41.679,5.068,1,Stainless Steel,329.0,52.925,0.0303,0.1556,4.062
D3532,4.931,47.244,74.855,7.892,0,Mild Steel,625.3,284.431,0.926,0.2327,0.879
D3533,3.053,53.778,58.262,2.212,0,Mild Steel,639.5,595.996,1.6534,0.1276,0.419
D3534,4.309,63.007,59.014,8.449,2,Aluminium,379.3,130.529,0.8966,0.0735,0.728
D3535,3.331,70.225,66.035,1.075,0,Mild Steel,885.8,689.738,1.9655,0.2061,0.362
D3536,4.146,79.502,85.701,9.988,0,Mild Steel,527.4,225.198,1.1717,0.377,1.11
D3537,5.846,41.436,41.375,3.891,0,Mild Steel,690.9,164.458,0.1182,0.1338,1.52
D3538,8.598,78.317,54.145,8.953,0,Mild Steel,1407.8,98.493,0.0898,0.4866,2.538
D3539,7.792,56.45,48.832,4.048,1,Stainless Steel,291.4,35.397,0.0263,0.2921,6.074
D3540,6.188,56.736,45.798,7.518,2,Aluminium,1398.8,214.641,0.5795,0.0738,0.443
D3541,4.326,36.61,83.162,3.844,2,Aluminium,1234.9,1155.245,13.8902,0.0605,0.082
D3542,8.465,79.915,54.793,7.772,1,Stainless Steel,191.4,14.025,0.0135,0.5041,15.33
D3543,3.987,40.685,43.9,1.719,0,Mild Steel,536.9,320.695,0.3523,0.095,0.78
D3544,4.16,33.145,49.941,9.094,2,Aluminium,241.3,143.077,0.7304,0.0316,0.664
D3545,9.407,43.72,83.876,6.362,0,Mild Steel,1478.1,260.308,0.4793,0.4603,0.96
D3546,4.001,74.928,65.608,6.638,1,Stainless Steel,1043.5,396.533,1.2723,0.2675,0.542
D3547,5.35,33.329,85.111,3.187,1,Stainless Steel,177.3,131.586,0.4439,0.2064,1.634
D3548,3.27,57.849,76.172,6.178,2,Aluminium,161.4,136.107,2.0446,0.0661,0.698
D3549,9.136,32.313,49.778,3.805,0,Mild Steel,211.9,34.603,0.0212,0.1961,7.225
D3550,5.724,75.441,60.103,3.427,1,Stainless Steel,624.6,126.244,0.1987,0.3529,1.703
D3551,8.444,56.037,95.489,8.801,1,Stainless Steel,1303.9,233.08,0.6974,0.6145,0.922
D3552,4.808,72.886,90.965,4.553,1,Stainless Steel,400.2,164.525,0.7707,0.4335,1.307
D3553,5.816,70.415,45.953,9.906,2,Aluminium,535.4,71.543,0.2174,0.0864,1.328
D3554,9.336,54.336,99.417,8.268,2,Aluminium,270.9,43.864,0.349,0.2315,2.166
D3555,7.284,65.226,50.156,1.802,1,Stainless Steel,854.9,117.68,0.0887,0.3241,1.827
D3556,9.524,54.494,57.444,8.781,1,Stainless Steel,1198.9,106.643,0.1001,0.4055,2.016
D3557,8.022,35.891,99.169,3.396,2,Aluminium,872.4,330.623,2.6625,0.131,0.287
D3558,4.778,75.856,43.346,2.224,1,Stainless Steel,693.0,150.742,0.1414,0.2136,1.426
D3559,7.29,62.36,53.412,3.523,0,Mild Steel,1183.1,164.651,0.1493,0.324,1.518
D3560,7.468,30.691,44.568,3.957,1,Stainless Steel,1113.4,246.322,0.1598,0.1389,0.873
D3561,6.596,43.692,96.311,4.395,0,Mild Steel,174.2,71.879,0.2482,0.3704,3.478
D3562,5.216,63.538,88.146,7.96,0,Mild Steel,1211.9,434.141,1.8409,0.3899,0.576
D3563,9.234,62.451,54.814,7.747,1,Stainless Steel,409.2,32.821,0.0284,0.4299,6.551
D3564,3.229,42.124,87.949,3.516,2,Aluminium,174.9,259.97,4.8656,0.0549,0.365
D3565,4.463,68.258,65.567,6.316,2,Aluminium,463.8,158.854,1.2487,0.0917,0.598
D3566,5.562,53.368,66.695,2.232,0,Mild Steel,117.8,42.356,0.0761,0.2642,5.902
D3567,4.717,32.549,52.366,2.535,1,Stainless Steel,183.3,112.32,0.1597,0.1093,1.914
D3568,4.246,47.45,80.183,3.318,0,Mild Steel,1212.5,897.861,3.4412,0.2156,0.278
D3569,3.183,63.296,44.623,3.604,2,Aluminium,1308.6,670.825,3.3011,0.0413,0.142
D3570,8.711,77.361,93.123,9.222,0,Mild Steel,624.0,73.821,0.1971,0.8375,3.387
D3571,8.143,33.444,60.529,5.946,2,Aluminium,153.8,33.61,0.1095,0.0757,2.827
D3572,3.14,55.683,69.848,9.359,2,Aluminium,846.0,733.078,9.6986,0.056,0.13
D3573,4.201,66.332,71.74,4.664,2,Aluminium,1108.9,502.395,4.8248,0.0918,0.189
D3574,9.275,60.177,95.522,1.17,0,Mild Steel,1243.6,231.194,0.4514,0.7115,1.081
D3575,4.123,61.661,46.536,2.5,2,Aluminium,1468.6,540.626,1.9854,0.0543,0.176
D3576,8.127,62.239,82.877,8.007,2,Aluminium,146.9,22.387,0.1451,0.1924,4.244
D3577,3.174,54.347,53.59,3.723,1,Stainless Steel,136.0,97.467,0.2496,0.1257,2.206
D3578,7.852,67.352,79.436,4.285,2,Aluminium,537.8,86.964,0.4793,0.1928,1.092
D3579,6.165,67.456,99.712,9.208,2,Aluminium,940.0,257.6,3.4174,0.1903,0.369
D3580,5.338,62.241,61.874,1.238,0,Mild Steel,740.2,247.04,0.3704,0.2743,1.012
D3581,4.233,65.565,72.796,5.168,2,Aluminium,546.7,246.384,2.4589,0.0927,0.386
D3582,9.552,56.364,78.788,5.36,2,Aluminium,751.3,96.803,0.4336,0.1947,0.981
D3583,4.696,79.803,40.189,5.399,0,Mild Steel,1150.7,193.129,0.1808,0.201,1.294
D3584,7.566,55.075,70.379,4.455,0,Mild Steel,661.9,123.165,0.1934,0.3914,2.03
D3585,5.332,51.141,61.853,8.912,2,Aluminium,1252.5,369.898,2.2162,0.0774,0.257
D3586,5.311,67.496,63.317,9.956,0,Mild Steel,781.9,178.194,0.3926,0.3029,1.403
D3587,3.009,32.786,99.999,1.608,1,Stainless Steel,626.6,1790.583,14.5359,0.1342,0.12
D3588,3.725,49.719,90.716,9.173,2,Aluminium,1348.9,1208.049,22.7251,0.0771,0.079
D3589,7.532,41.819,59.476,8.608,1,Stainless Steel,554.0,102.15,0.1352,0.2548,2.105
D3590,5.968,32.487,69.274,2.863,2,Aluminium,203.9,105.537,0.569,0.0616,0.9
D3591,7.162,53.092,90.435,6.115,0,Mild Steel,1052.8,271.533,0.7984,0.4589,0.921
D3592,8.348,36.763,51.293,5.005,0,Mild Steel,1122.4,186.715,0.1417,0.2101,1.339
D3593,3.485,57.121,57.143,1.168,2,Aluminium,650.9,490.076,2.912,0.0522,0.194
D3594,4.567,76.281,52.425,6.646,1,Stainless Steel,916.5,213.61,0.3767,0.2484,1.007
D3595,5.827,43.794,76.981,2.809,0,Mild Steel,915.9,409.615,0.9646,0.2621,0.61
D3596,7.071,35.934,62.236,8.254,0,Mild Steel,589.7,149.697,0.2238,0.211,1.67
D3597,5.139,48.635,41.453,5.756,1,Stainless Steel,1291.8,307.767,0.2889,0.1409,0.699
D3598,4.722,70.35,98.557,3.294,1,Stainless Steel,1034.1,524.771,2.7709,0.4452,0.41
D3599,8.846,43.028,48.212,9.044,0,Mild Steel,958.4,103.006,0.0721,0.2449,2.427
D3600,8.338,70.114,50.973,3.614,1,Stainless Steel,1400.5,128.764,0.0946,0.4053,1.67
D3601,8.387,78.632,41.848,9.294,1,Stainless Steel,164.4,9.203,0.0054,0.3753,23.363
D3602,5.966,44.051,88.883,6.814,1,Stainless Steel,227.1,94.725,0.3534,0.3177,2.27
D3603,6.117,78.031,78.935,5.433,0,Mild Steel,579.3,120.738,0.3191,0.5028,2.071
D3604,5.501,35.441,54.599,9.308,1,Stainless Steel,588.7,207.765,0.3366,0.1448,1.035
D3605,8.138,76.992,89.69,1.452,2,Aluminium,261.0,45.059,0.2631,0.2579,2.108
D3606,9.852,44.964,92.258,7.929,0,Mild Steel,747.7,124.181,0.2731,0.5454,2.013
D3607,6.651,63.02,43.357,1.317,0,Mild Steel,381.8,57.731,0.0336,0.2425,4.33
D3608,7.49,46.125,89.6,1.853,2,Aluminium,321.6,105.774,0.692,0.1421,0.898
D3609,6.262,74.841,51.909,8.981,1,Stainless Steel,1431.4,179.485,0.2258,0.3308,1.198
D3610,9.49,41.589,59.41,8.107,2,Aluminium,357.7,44.065,0.1223,0.1076,2.156
D3611,9.25,54.457,87.832,9.291,1,Stainless Steel,940.2,133.485,0.3064,0.6017,1.611
D3612,6.354,79.519,99.323,4.073,2,Aluminium,509.7,129.387,1.4191,0.2304,0.734
D3613,8.742,55.41,49.986,8.62,1,Stainless Steel,1132.4,101.022,0.0792,0.3293,2.128
D3614,9.132,35.038,58.27,1.421,0,Mild Steel,202.7,40.115,0.0301,0.2488,6.232
D3615,5.488,61.01,89.304,4.434,2,Aluminium,126.8,48.355,0.5189,0.1373,1.965
D3616,6.833,35.866,67.234,2.287,1,Stainless Steel,329.0,120.767,0.1811,0.2241,1.78
D3617,9.024,36.794,92.032,3.62,0,Mild Steel,204.7,55.972,0.118,0.4078,4.467
D3618,8.257,52.688,47.765,7.105,1,Stainless Steel,688.2,70.971,0.0524,0.2826,3.029
D3619,3.409,34.634,65.52,4.808,1,Stainless Steel,1382.6,1599.258,5.8732,0.1052,0.134
D3620,3.416,44.638,75.778,7.18,0,Mild Steel,162.3,160.83,0.7942,0.1542,1.554
D3621,4.549,77.423,68.678,7.125,2,Aluminium,500.9,150.303,1.2904,0.111,0.632
D3622,3.404,76.539,72.239,7.94,0,Mild Steel,594.2,329.644,1.4845,0.2511,0.758
D3623,8.231,36.011,80.876,4.412,0,Mild Steel,1143.5,321.448,0.6025,0.3199,0.778
D3624,3.902,65.157,51.002,4.437,1,Stainless Steel,1216.4,460.561,0.8644,0.1763,0.467
D3625,8.522,45.357,78.454,5.647,2,Aluminium,1005.9,195.366,1.0031,0.1392,0.486
D3626,8.211,44.467,79.741,6.908,2,Aluminium,878.2,181.932,1.0485,0.1336,0.522
D3627,7.857,47.1,70.79,4.266,2,Aluminium,1454.6,299.602,1.3094,0.1202,0.317
D3628,7.553,75.787,47.836,6.131,0,Mild Steel,1208.7,104.899,0.081,0.3654,2.383
D3629,3.199,69.315,94.025,8.473,2,Aluminium,204.2,184.283,4.3354,0.0957,0.516
D3630,6.901,58.892,93.054,3.47,2,Aluminium,1227.3,349.164,2.9614,0.1736,0.272
D3631,8.438,63.729,47.019,8.239,1,Stainless Steel,421.9,33.096,0.0237,0.3439,6.496
D3632,9.605,48.123,57.319,4.274,1,Stainless Steel,245.5,27.749,0.0225,0.3603,7.748
D3633,5.628,60.863,90.208,2.473,0,Mild Steel,515.7,211.703,0.6978,0.4124,1.181
D3634,6.366,40.91,78.091,5.976,2,Aluminium,129.7,46.616,0.3394,0.0933,2.038
D3635,3.761,71.602,58.745,9.806,2,Aluminium,224.5,88.681,0.6928,0.0726,1.071
D3636,8.263,79.82,79.307,2.402,1,Stainless Steel,445.8,60.444,0.1024,0.7113,3.557
D3637,5.137,37.297,40.81,5.682,1,Stainless Steel,948.8,291.066,0.2643,0.1063,0.739
D3638,4.887,62.936,58.305,6.86,1,Stainless Steel,800.3,220.774,0.4476,0.2439,0.974
D3639,3.206,75.899,84.817,1.365,0,Mild Steel,1247.6,1196.198,6.0882,0.2754,0.209
D3640,6.715,77.76,46.287,8.337,1,Stainless Steel,1258.9,120.524,0.1099,0.3287,1.784
D3641,5.344,65.617,56.304,1.254,2,Aluminium,1446.8,415.351,1.4951,0.0906,0.229
D3642,7.411,63.592,50.561,6.918,2,Aluminium,1059.3,117.088,0.3067,0.1094,0.811
D3643,4.335,54.952,56.27,3.941,2,Aluminium,930.5,389.036,2.1463,0.0615,0.244
D3644,4.997,55.933,77.678,5.919,1,Stainless Steel,717.3,291.711,0.9987,0.2952,0.737
D3645,8.578,78.372,86.846,2.323,2,Aluminium,819.8,116.017,0.6292,0.268,0.819
D3646,9.232,66.929,40.968,8.679,1,Stainless Steel,788.0,43.158,0.0213,0.3443,4.982
D3647,7.225,32.327,85.279,3.492,1,Stainless Steel,927.5,404.705,0.9778,0.2709,0.531
D3648,4.683,50.183,72.704,1.892,1,Stainless Steel,1158.1,680.167,1.7895,0.2324,0.316
D3649,8.227,30.84,59.05,3.404,2,Aluminium,437.3,109.596,0.304,0.0688,0.867
D3650,9.485,69.483,74.601,4.87,2,Aluminium,1406.7,143.435,0.571,0.2257,0.662
D3651,9.54,33.228,72.993,8.806,0,Mild Steel,686.6,126.804,0.1851,0.3088,1.972
D3652,7.783,40.995,54.382,3.68,0,Mild Steel,477.2,90.567,0.0794,0.2316,2.76
D3653,4.154,41.972,69.357,2.077,1,Stainless Steel,488.8,401.777,1.1234,0.1645,0.535
D3654,8.596,44.836,83.951,4.198,1,Stainless Steel,505.2,110.341,0.2175,0.44,1.949
D3655,7.779,43.55,43.382,5.456,2,Aluminium,1438.1,190.939,0.332,0.0675,0.498
D3656,6.007,62.187,65.011,2.938,1,Stainless Steel,726.8,181.459,0.3071,0.3303,1.185
D3657,9.968,37.917,77.177,5.701,1,Stainless Steel,503.0,86.361,0.1276,0.3967,2.49
D3658,3.652,35.696,93.354,4.974,2,Aluminium,1083.4,1517.983,29.3955,0.0559,0.063
D3659,6.466,75.526,47.525,5.962,1,Stainless Steel,1367.8,157.571,0.1491,0.3156,1.364
D3660,4.239,42.757,72.66,7.486,1,Stainless Steel,778.1,507.508,1.8993,0.1791,0.424
D3661,5.83,78.799,60.29,1.804,1,Stainless Steel,1263.2,262.777,0.3675,0.3767,0.818
D3662,9.27,73.674,90.493,5.877,1,Stainless Steel,1438.3,169.063,0.3765,0.8405,1.272
D3663,5.592,58.847,49.785,7.543,2,Aluminium,1300.3,251.693,0.9037,0.0752,0.377
D3664,5.452,70.41,44.116,7.267,2,Aluminium,1498.9,226.512,0.6539,0.0777,0.419
D3665,7.209,60.004,45.906,5.118,1,Stainless Steel,1289.1,152.741,0.115,0.27,1.408
D3666,3.699,78.886,41.001,3.581,1,Stainless Steel,285.3,82.17,0.1021,0.1627,2.617
D3667,7.036,72.282,66.108,4.181,1,Stainless Steel,1064.8,163.715,0.2532,0.4573,1.313
D3668,4.99,49.707,83.204,6.015,0,Mild Steel,1423.4,697.4,2.6548,0.2754,0.358
D3669,9.416,37.553,87.302,9.059,1,Stainless Steel,382.9,76.223,0.1684,0.4198,2.821
D3670,7.135,51.203,41.275,8.022,0,Mild Steel,754.3,88.111,0.057,0.2012,2.837
D3671,8.584,41.632,93.849,1.879,0,Mild Steel,225.6,66.433,0.1416,0.4476,3.763
D3672,7.203,30.29,56.929,6.504,0,Mild Steel,352.2,98.054,0.1148,0.1657,2.55
D3673,8.357,35.404,70.371,2.124,1,Stainless Steel,150.4,40.52,0.0526,0.2832,5.306
D3674,9.026,49.99,94.498,6.432,0,Mild Steel,837.7,156.303,0.3845,0.569,1.599
D3675,3.825,79.748,78.472,2.684,1,Stainless Steel,528.1,286.489,1.1851,0.3255,0.75
D3676,6.236,66.813,90.287,3.167,1,Stainless Steel,650.2,193.423,0.6121,0.5116,1.112
D3677,3.012,46.229,49.548,3.208,1,Stainless Steel,831.5,731.663,1.6587,0.0938,0.294
D3678,6.808,30.66,97.032,9.502,2,Aluminium,402.4,195.609,2.2035,0.093,0.486
D3679,4.599,77.388,71.509,7.198,1,Stainless Steel,1368.3,418.6,1.3779,0.3461,0.514
D3680,4.917,37.845,81.275,7.057,2,Aluminium,260.0,163.726,1.799,0.0694,0.58
D3681,5.94,48.536,78.747,3.777,2,Aluminium,728.0,275.068,2.0255,0.1042,0.345
D3682,6.187,46.386,81.467,5.253,0,Mild Steel,548.7,195.739,0.5401,0.312,1.277
D3683,6.734,46.444,92.08,8.204,0,Mild Steel,551.1,175.291,0.6067,0.3843,1.426
D3684,9.309,41.117,68.996,6.165,1,Stainless Steel,1311.0,207.025,0.269,0.3592,1.039
D3685,7.458,65.86,82.412,4.214,2,Aluminium,897.5,169.613,1.0661,0.1858,0.56
D3686,9.419,44.611,88.469,9.985,0,Mild Steel,251.1,41.846,0.0933,0.4961,5.974
D3687,8.816,76.934,77.889,9.819,0,Mild Steel,1418.6,136.554,0.2543,0.705,1.831
D3688,6.796,68.138,53.093,2.087,2,Aluminium,249.8,38.976,0.1013,0.1128,2.437
D3689,4.729,63.248,69.531,7.011,2,Aluminium,753.3,261.225,2.1946,0.0955,0.364
D3690,8.166,64.615,80.079,7.627,0,Mild Steel,114.7,16.282,0.0335,0.5639,15.355
D3691,6.633,42.911,61.688,2.069,1,Stainless Steel,1133.2,341.8,0.4403,0.2388,0.629
D3692,8.306,48.943,44.856,3.364,1,Stainless Steel,270.7,31.956,0.0181,0.248,6.728
D3693,5.655,47.886,68.16,6.248,0,Mild Steel,1126.3,370.948,0.8235,0.2463,0.674
D3694,3.27,34.157,52.947,9.871,0,Mild Steel,635.2,627.219,1.5796,0.0789,0.399
D3695,3.209,67.182,58.962,5.269,1,Stainless Steel,370.9,219.87,0.7094,0.1729,0.978
D3696,3.054,57.961,69.585,7.778,1,Stainless Steel,1309.8,1147.839,5.5389,0.1675,0.187
D3697,7.877,50.596,42.731,3.864,0,Mild Steel,742.9,87.095,0.0469,0.2273,2.87
D3698,5.482,77.161,69.481,5.884,1,Stainless Steel,1146.3,255.553,0.627,0.3997,0.841
D3699,7.998,73.441,48.376,2.026,0,Mild Steel,669.4,65.302,0.0403,0.3792,3.828
D3700,9.093,45.799,96.632,6.821,2,Aluminium,886.9,180.221,1.3473,0.1847,0.527
D3701,4.668,45.982,72.943,1.282,0,Mild Steel,1197.4,817.718,1.9869,0.209,0.306
D3702,5.872,37.382,49.632,1.487,0,Mild Steel,1225.3,446.955,0.3959,0.1454,0.559
D3703,3.558,30.125,46.672,2.686,0,Mild Steel,341.5,332.465,0.5119,0.0668,0.752
D3704,7.522,35.303,60.424,6.111,2,Aluminium,512.6,121.596,0.4363,0.0737,0.781
D3705,8.27,78.269,92.729,4.926,2,Aluminium,246.6,35.528,0.2574,0.2755,2.674
D3706,9.204,58.929,68.34,6.17,1,Stainless Steel,1023.2,113.961,0.1473,0.5041,1.887
D3707,4.148,46.611,40.599,3.475,0,Mild Steel,871.6,343.94,0.3506,0.1048,0.727
D3708,3.546,33.897,56.754,4.53,2,Aluminium,425.9,409.314,2.9862,0.0313,0.232
D3709,9.813,36.083,80.947,9.4,1,Stainless Steel,604.3,106.98,0.1949,0.3898,2.01
D3710,6.867,49.659,46.074,5.424,2,Aluminium,451.5,70.034,0.1592,0.0721,1.356
D3711,6.208,50.127,56.714,7.691,1,Stainless Steel,1042.0,221.932,0.3285,0.24,0.969
D3712,8.714,31.434,51.793,8.588,2,Aluminium,975.6,160.01,0.3779,0.0651,0.594
D3713,8.853,49.233,47.28,7.703,2,Aluminium,823.9,78.129,0.1478,0.0946,1.216
D3714,8.888,76.374,89.917,4.681,0,Mild Steel,325.5,41.273,0.0883,0.8145,6.057
D3715,6.075,48.624,41.627,3.119,2,Aluminium,1066.4,211.381,0.4091,0.0564,0.449
D3716,3.19,64.274,72.363,3.387,0,Mild Steel,832.1,686.378,3.0233,0.198,0.364
D3717,6.309,52.942,98.161,5.972,1,Stainless Steel,484.6,171.894,0.7144,0.4459,1.251
D3718,7.495,50.659,81.963,5.219,0,Mild Steel,959.6,223.256,0.4955,0.4153,1.12
D3719,9.073,42.847,80.435,8.747,2,Aluminium,1149.4,198.936,1.0836,0.1435,0.478
D3720,7.351,47.788,79.524,8.648,0,Mild Steel,533.3,120.211,0.2826,0.3728,2.08
D3721,5.688,63.547,92.582,5.065,1,Stainless Steel,958.6,332.572,1.3481,0.4551,0.646
D3722,7.091,79.692,79.531,3.417,1,Stainless Steel,1368.4,234.634,0.5022,0.6112,0.916
D3723,9.324,33.413,66.851,5.331,2,Aluminium,338.7,65.324,0.2165,0.0956,1.454
D3724,9.389,55.54,58.077,5.103,2,Aluminium,104.3,10.46,0.0258,0.139,9.082
D3725,9.65,64.882,60.916,9.504,0,Mild Steel,1499.3,114.266,0.1163,0.509,2.188
D3726,7.653,30.576,58.909,7.1,2,Aluminium,1396.7,351.23,1.2078,0.0633,0.27
D3727,6.802,46.843,88.435,8.513,0,Mild Steel,1142.2,337.548,1.0717,0.376,0.741
D3728,5.439,74.672,89.658,5.571,1,Stainless Steel,297.1,90.487,0.3694,0.4952,2.376
D3729,5.665,77.289,76.832,8.876,1,Stainless Steel,602.1,130.557,0.4027,0.4575,1.647
D3730,7.937,62.027,86.285,6.835,1,Stainless Steel,111.1,19.03,0.0477,0.5777,11.298
D3731,7.996,62.482,54.618,6.497,2,Aluminium,328.5,35.222,0.0972,0.1252,2.697
D3732,3.81,59.512,78.159,1.574,2,Aluminium,630.2,505.239,5.3005,0.0813,0.188
D3733,3.057,63.669,87.886,3.004,1,Stainless Steel,384.4,429.428,2.9742,0.2326,0.501
D3734,9.156,51.537,73.734,8.393,2,Aluminium,321.3,42.012,0.1887,0.1597,2.261
D3735,9.317,74.723,51.637,7.979,0,Mild Steel,686.3,42.412,0.0313,0.4797,5.895
D3736,4.915,43.544,49.274,6.796,0,Mild Steel,1494.2,498.871,0.6915,0.1407,0.501
D3737,5.449,51.073,91.168,2.578,1,Stainless Steel,867.8,452.147,1.6496,0.345,0.476
D3738,8.665,53.749,41.695,9.13,1,Stainless Steel,198.3,15.29,0.0085,0.2641,14.062
D3739,5.619,74.867,73.532,8.523,2,Aluminium,1146.8,250.845,1.99,0.142,0.379
D3740,4.4,60.727,98.732,3.478,2,Aluminium,118.4,78.351,1.2764,0.1211,1.212
D3741,8.204,71.853,90.113,4.969,0,Mild Steel,100.3,15.49,0.037,0.7089,16.139
D3742,5.358,42.545,82.393,4.17,0,Mild Steel,521.7,278.255,0.8917,0.2507,0.898
D3743,3.53,59.225,47.116,2.284,2,Aluminium,1381.4,722.416,3.2153,0.0452,0.132
D3744,6.002,66.665,92.306,7.757,1,Stainless Steel,1319.6,365.449,1.4925,0.5023,0.588
D3745,6.793,59.132,91.77,4.831,0,Mild Steel,779.3,210.872,0.6499,0.4919,1.186
D3746,5.226,31.623,59.893,1.944,2,Aluminium,301.7,188.351,0.8323,0.0454,0.504
D3747,6.383,51.289,78.557,2.87,1,Stainless Steel,1153.4,378.991,0.869,0.3497,0.567
D3748,5.528,56.458,72.884,1.703,2,Aluminium,277.8,108.482,0.6536,0.1044,0.876
D3749,6.922,78.14,60.755,3.642,2,Aluminium,1385.1,191.226,0.6949,0.1508,0.497
D3750,6.311,68.286,78.036,8.671,2,Aluminium,330.6,67.68,0.5306,0.1544,1.404
D3751,8.997,65.412,41.057,7.777,1,Stainless Steel,701.4,42.142,0.0211,0.3286,5.102
D3752,7.244,75.295,81.348,5.309,2,Aluminium,1426.9,234.994,1.5558,0.2037,0.404
D3753,3.51,54.73,61.507,8.775,2,Aluminium,368.1,228.613,2.0977,0.0542,0.416
D3754,5.522,53.608,64.793,9.428,0,Mild Steel,957.4,262.766,0.577,0.256,0.951
D3755,9.008,37.986,48.853,7.335,0,Mild Steel,194.5,24.159,0.0163,0.2231,10.348
D3756,4.811,62.849,63.829,8.214,0,Mild Steel,700.0,212.663,0.5202,0.2576,1.176
D3757,5.813,36.3,48.902,1.086,1,Stainless Steel,1041.3,405.69,0.3539,0.1403,0.53
D3758,9.053,42.613,75.544,1.297,1,Stainless Steel,1354.4,292.594,0.3827,0.3964,0.735
D3759,7.696,32.111,95.96,1.657,0,Mild Steel,864.9,420.676,1.0442,0.3165,0.594
D3760,9.667,30.398,41.304,1.864,1,Stainless Steel,1131.4,160.318,0.0602,0.1651,1.341
D3761,7.975,52.929,99.482,9.276,0,Mild Steel,501.4,108.66,0.3677,0.5604,2.301
D3762,7.811,68.992,67.312,5.815,1,Stainless Steel,132.3,16.874,0.0254,0.4933,12.741
D3763,9.355,42.292,83.801,3.945,1,Stainless Steel,610.3,122.028,0.215,0.4509,1.762
D3764,5.391,44.903,60.771,8.424,1,Stainless Steel,1358.9,443.116,0.8983,0.2001,0.485
D3765,8.237,67.014,49.53,1.363,1,Stainless Steel,675.3,72.664,0.0454,0.3718,2.959
D3766,8.643,55.704,98.387,4.046,1,Stainless Steel,956.4,196.321,0.525,0.6442,1.095
D3767,8.679,44.922,85.302,2.272,2,Aluminium,861.5,204.964,1.0558,0.1526,0.463
D3768,4.605,55.649,75.394,9.933,2,Aluminium,360.5,156.852,1.6484,0.0887,0.606
D3769,4.946,59.326,49.187,3.934,2,Aluminium,628.3,167.636,0.6037,0.0663,0.567
D3770,3.677,67.141,75.845,5.075,1,Stainless Steel,287.0,170.974,0.7775,0.2547,1.258
D3771,7.586,71.225,97.1,6.523,1,Stainless Steel,1062.4,195.216,0.6483,0.7135,1.101
D3772,5.638,60.914,78.04,6.229,0,Mild Steel,253.8,75.69,0.2209,0.3577,3.303
D3773,6.183,37.189,84.137,7.412,1,Stainless Steel,823.6,355.627,1.1568,0.2631,0.605
D3774,4.835,66.049,56.444,3.043,0,Mild Steel,1449.3,436.209,0.6981,0.2406,0.573
D3775,9.249,73.23,55.267,2.718,1,Stainless Steel,743.4,61.014,0.0449,0.5091,3.524
D3776,7.845,72.119,68.319,5.659,0,Mild Steel,1157.7,142.985,0.2121,0.5158,1.748
D3777,7.972,65.274,95.471,1.256,1,Stainless Steel,176.9,40.367,0.0965,0.6757,5.326
D3778,4.466,39.484,68.066,2.709,2,Aluminium,165.0,118.243,0.8576,0.0551,0.803
D3779,8.008,35.074,74.455,7.626,2,Aluminium,1025.1,258.15,1.362,0.096,0.368
D3780,3.128,52.243,51.773,8.918,1,Stainless Steel,1107.8,763.926,1.9924,0.1151,0.281
D3781,4.861,66.217,86.809,2.347,0,Mild Steel,837.4,401.22,1.4405,0.3729,0.623
D3782,7.456,65.359,49.201,3.943,0,Mild Steel,914.1,105.202,0.0804,0.32,2.376
D3783,9.163,69.367,64.876,2.309,0,Mild Steel,860.5,90.861,0.0881,0.5503,2.751
D3784,6.122,47.896,91.628,5.172,2,Aluminium,968.4,384.736,3.9303,0.1233,0.247
D3785,6.875,43.859,69.041,6.623,2,Aluminium,578.2,146.146,0.7739,0.0956,0.65
D3786,3.946,53.121,99.249,2.35,1,Stainless Steel,612.6,611.423,3.8024,0.2829,0.352
D3787,8.568,54.034,59.229,3.126,0,Mild Steel,653.9,88.165,0.08,0.3659,2.836
D3788,6.456,42.199,75.174,3.73,0,Mild Steel,467.9,167.319,0.3502,0.2733,1.494
D3789,5.938,79.909,84.18,2.592,2,Aluminium,673.6,176.741,1.3923,0.1833,0.538
D3790,5.263,42.693,84.793,7.61,0,Mild Steel,253.2,128.565,0.4962,0.2542,1.945
D3791,8.14,45.896,72.917,3.097,0,Mild Steel,867.0,186.568,0.2716,0.3635,1.34
D3792,4.346,32.366,86.8,7.484,0,Mild Steel,138.8,136.367,0.6836,0.1629,1.833
D3793,8.57,46.718,69.991,2.254,0,Mild Steel,925.3,177.985,0.2157,0.374,1.405
D3794,4.151,66.092,58.161,6.716,1,Stainless Steel,564.8,201.075,0.4872,0.217,1.069
D3795,6.45,68.229,61.407,7.975,2,Aluminium,181.3,28.463,0.1329,0.124,3.338
D3796,9.077,66.469,60.93,4.261,0,Mild Steel,1137.5,109.806,0.1035,0.4906,2.277
D3797,5.26,53.444,97.576,8.952,2,Aluminium,226.1,103.313,1.5649,0.1259,0.92
D3798,7.281,59.309,88.284,5.234,0,Mild Steel,256.2,57.763,0.154,0.5087,4.328
D3799,8.179,77.855,76.869,5.482,0,Mild Steel,1441.6,173.121,0.3074,0.6532,1.444
D3800,3.496,61.655,43.919,8.901,0,Mild Steel,242.1,96.077,0.1557,0.1263,2.602
D3801,9.192,51.9,54.425,4.821,2,Aluminium,1182.9,124.965,0.2742,0.1192,0.76
D3802,3.538,38.261,97.521,5.117,1,Stainless Steel,750.2,1081.631,8.5115,0.1795,0.199
D3803,6.029,63.133,96.189,1.184,2,Aluminium,1099.3,448.173,4.0982,0.1681,0.212
D3804,5.529,74.884,78.828,8.628,0,Mild Steel,1356.9,327.252,1.0502,0.4356,0.764
D3805,4.83,56.225,55.076,1.301,0,Mild Steel,777.1,306.831,0.4098,0.1996,0.815
D3806,5.287,59.589,50.906,3.432,2,Aluminium,276.7,69.237,0.2403,0.0736,1.372
D3807,4.78,79.982,91.843,5.13,0,Mild Steel,484.7,181.248,0.8599,0.4686,1.379
D3808,8.234,70.247,79.179,5.699,0,Mild Steel,1376.9,185.131,0.3486,0.6112,1.35
D3809,6.023,51.477,63.871,2.884,1,Stainless Steel,261.8,77.421,0.1257,0.2693,2.777
D3810,4.644,34.874,56.521,1.844,1,Stainless Steel,789.5,528.972,0.8459,0.1245,0.406
D3811,9.663,73.718,64.581,2.396,0,Mild Steel,654.7,58.321,0.053,0.6139,4.287
D3812,5.264,52.164,89.436,6.709,1,Stainless Steel,1066.2,476.281,2.077,0.334,0.451
D3813,7.632,49.432,63.562,6.031,2,Aluminium,329.5,57.345,0.2232,0.1101,1.657
D3814,7.247,34.725,76.087,6.667,1,Stainless Steel,877.7,280.407,0.6064,0.2604,0.767
D3815,4.944,33.451,72.545,6.299,1,Stainless Steel,1068.8,684.777,2.0921,0.1632,0.314
D3816,6.381,30.336,93.043,7.467,0,Mild Steel,1249.0,689.266,2.5529,0.2404,0.363
D3817,4.277,73.368,73.795,8.335,1,Stainless Steel,308.4,115.715,0.4473,0.315,1.858
D3818,9.594,54.244,49.413,9.564,2,Aluminium,297.0,22.169,0.0434,0.118,4.285
D3819,8.81,57.305,80.451,6.091,1,Stainless Steel,267.7,39.162,0.0737,0.5524,5.49
D3820,7.254,59.045,62.146,3.381,2,Aluminium,1347.9,234.218,0.8322,0.1222,0.406
D3821,6.755,44.316,94.341,4.043,0,Mild Steel,191.3,74.17,0.2352,0.3769,3.371
D3822,6.65,71.943,70.834,6.893,0,Mild Steel,1052.2,175.415,0.3536,0.4522,1.425
D3823,3.085,68.926,84.704,6.275,1,Stainless Steel,1337.6,1175.851,8.3232,0.245,0.183
D3824,9.615,60.733,60.636,3.067,0,Mild Steel,353.6,35.144,0.0292,0.4725,7.114
D3825,6.897,58.298,46.54,4.989,1,Stainless Steel,876.1,117.905,0.0957,0.2545,1.823
D3826,7.316,45.769,66.121,6.583,2,Aluminium,1313.9,272.652,1.2283,0.1016,0.348
D3827,3.256,46.942,49.975,8.136,1,Stainless Steel,1102.6,754.117,1.7609,0.1039,0.285
D3828,4.966,41.091,86.694,6.598,1,Stainless Steel,482.8,296.29,1.2958,0.2406,0.726
D3829,6.059,39.411,96.997,1.026,2,Aluminium,1051.8,695.058,6.3462,0.1063,0.137
D3830,5.722,62.413,66.126,2.632,0,Mild Steel,371.6,104.691,0.1838,0.3151,2.388
D3831,3.389,71.582,62.09,3.447,2,Aluminium,454.8,258.093,2.2655,0.0691,0.368
D3832,8.189,50.583,52.686,4.173,0,Mild Steel,1130.0,150.173,0.119,0.2912,1.665
D3833,4.024,71.262,72.637,4.292,2,Aluminium,1401.0,656.809,6.7028,0.0956,0.145
D3834,6.631,64.172,61.522,2.219,1,Stainless Steel,1254.9,250.151,0.3237,0.356,0.859
D3835,9.914,68.613,70.945,3.969,0,Mild Steel,1402.9,131.415,0.1499,0.644,1.902
D3836,9.239,52.303,94.142,3.72,2,Aluminium,1058.1,198.462,1.2406,0.2088,0.479
D3837,5.514,55.494,89.054,7.218,0,Mild Steel,921.3,349.638,1.399,0.3636,0.715
D3838,7.452,38.82,95.227,1.206,1,Stainless Steel,1496.8,654.137,1.6672,0.3747,0.329
D3839,4.365,41.055,55.763,6.179,2,Aluminium,691.4,350.044,2.0353,0.0459,0.271
D3840,4.53,39.319,73.509,5.781,2,Aluminium,900.4,592.328,5.6743,0.0601,0.16
D3841,8.985,50.535,43.224,4.161,2,Aluminium,148.3,13.666,0.0189,0.0901,6.951
D3842,9.436,73.09,45.942,8.408,1,Stainless Steel,1218.1,66.24,0.0399,0.4309,3.246
D3843,6.106,69.248,82.144,8.127,1,Stainless Steel,974.0,222.243,0.7099,0.4723,0.967
D3844,4.593,74.211,70.052,3.878,0,Mild Steel,220.9,76.915,0.2111,0.3187,3.25
D3845,4.836,42.63,79.26,8.433,2,Aluminium,1265.0,694.5,7.5711,0.075,0.137
D3846,6.025,38.25,85.164,1.465,1,Stainless Steel,1202.1,701.733,1.8398,0.2669,0.306
D3847,5.261,52.592,69.885,1.614,2,Aluminium,1035.8,459.953,2.6755,0.0888,0.207
D3848,6.741,70.873,64.573,3.224,1,Stainless Steel,1191.5,206.662,0.3063,0.4195,1.04
D3849,8.152,46.112,84.26,9.041,2,Aluminium,436.4,88.736,0.6057,0.1454,1.071
D3850,5.545,74.05,48.43,4.282,0,Mild Steel,438.8,73.906,0.079,0.2654,3.383
D3851,4.416,74.747,72.045,6.189,2,Aluminium,330.1,116.046,1.1116,0.1092,0.819
D3852,6.049,71.737,78.718,8.098,0,Mild Steel,202.4,43.484,0.1244,0.4559,5.749
D3853,7.257,40.504,83.24,1.656,0,Mild Steel,1333.4,498.628,0.9937,0.3265,0.501
D3854,7.364,66.13,45.875,3.965,1,Stainless Steel,969.1,105.038,0.0734,0.3038,2.047
D3855,3.195,43.569,54.487,6.774,1,Stainless Steel,733.0,611.66,1.7302,0.1031,0.352
D3856,6.662,76.23,73.775,4.61,2,Aluminium,1233.6,217.525,1.2738,0.172,0.437
D3857,4.938,45.515,55.495,6.185,1,Stainless Steel,1380.1,499.664,0.8918,0.1696,0.43
D3858,8.326,58.043,75.73,6.819,0,Mild Steel,660.5,97.339,0.1713,0.4884,2.568
D3859,4.352,53.751,77.685,9.201,0,Mild Steel,745.6,387.361,1.5776,0.2425,0.645
D3860,6.138,38.227,46.053,3.21,1,Stainless Steel,223.2,60.788,0.0511,0.147,3.537
D3861,4.955,66.451,55.782,8.969,1,Stainless Steel,926.6,217.911,0.4124,0.2498,0.987
D3862,9.547,76.118,61.082,1.393,1,Stainless Steel,713.3,62.634,0.0509,0.6037,3.433
D3863,9.48,40.882,70.855,9.707,0,Mild Steel,313.2,45.326,0.064,0.3665,5.516
D3864,4.454,45.475,91.334,4.81,1,Stainless Steel,891.2,670.401,3.5014,0.2516,0.321
D3865,4.37,76.576,72.117,4.005,1,Stainless Steel,207.3,78.304,0.2521,0.3282,2.746
D3866,6.186,56.211,43.492,7.318,2,Aluminium,904.4,133.706,0.3241,0.0694,0.711
D3867,8.466,79.244,46.459,8.039,1,Stainless Steel,1169.7,72.819,0.0506,0.4239,2.953
D3868,3.949,54.232,43.685,6.944,2,Aluminium,1473.8,525.296,2.1326,0.0429,0.181
D3869,6.255,46.395,65.279,6.092,0,Mild Steel,1040.6,283.42,0.5098,0.2528,0.882
D3870,4.92,69.332,86.247,7.543,2,Aluminium,1293.7,466.756,5.8264,0.135,0.204
D3871,9.98,40.1,54.151,4.637,0,Mild Steel,456.7,53.823,0.0364,0.2892,4.645
D3872,9.733,78.028,87.435,3.391,0,Mild Steel,851.4,91.555,0.1582,0.8861,2.731
D3873,7.063,67.38,43.329,2.468,2,Aluminium,173.6,20.335,0.0345,0.0946,4.672
D3874,4.74,79.658,97.205,4.321,1,Stainless Steel,167.0,69.569,0.3747,0.4992,3.09
D3875,8.115,41.41,57.475,3.231,1,Stainless Steel,1004.0,188.582,0.1785,0.2627,1.14
D3876,8.195,51.236,95.657,7.038,1,Stainless Steel,1240.5,267.564,0.7981,0.5462,0.804
D3877,4.596,35.971,55.367,6.949,2,Aluminium,543.8,278.753,1.5322,0.042,0.341
D3878,7.714,33.393,40.367,4.421,0,Mild Steel,1331.4,226.584,0.1143,0.1388,1.103
D3879,5.959,57.509,66.466,2.464,0,Mild Steel,1179.6,340.084,0.5692,0.304,0.735
D3880,3.565,54.976,61.275,3.821,0,Mild Steel,775.2,506.028,1.4325,0.1602,0.494
D3881,9.928,46.751,86.407,3.87,2,Aluminium,321.0,53.826,0.2625,0.1841,1.765
D3882,7.883,38.502,98.81,2.345,0,Mild Steel,349.2,133.949,0.3572,0.4002,1.866
D3883,6.139,68.719,45.551,9.918,1,Stainless Steel,711.4,87.243,0.0876,0.2613,2.464
D3884,5.474,74.195,49.14,9.321,1,Stainless Steel,1105.5,169.24,0.2234,0.2714,1.27
D3885,5.918,75.062,73.553,4.377,0,Mild Steel,442.6,98.885,0.2264,0.436,2.528
D3886,7.413,35.362,47.264,4.994,1,Stainless Steel,415.8,82.228,0.0632,0.1685,2.615
D3887,5.22,40.111,45.381,3.792,0,Mild Steel,154.6,51.449,0.0507,0.1268,4.859
D3888,9.659,63.164,46.029,2.913,0,Mild Steel,475.4,34.431,0.0163,0.3747,7.261
D3889,8.305,49.378,42.936,2.216,0,Mild Steel,410.5,48.725,0.023,0.235,5.131
D3890,3.472,62.877,62.977,9.066,2,Aluminium,1218.6,689.247,6.7023,0.0631,0.138
D3891,6.042,64.379,71.875,5.825,1,Stainless Steel,591.0,137.135,0.3202,0.3803,1.568
D3892,3.534,66.306,60.029,1.06,2,Aluminium,182.8,122.974,0.7836,0.0646,0.773
D3893,3.894,73.462,94.787,2.933,1,Stainless Steel,751.3,508.546,3.0558,0.3688,0.423
D3894,6.13,56.938,48.34,7.866,0,Mild Steel,423.6,69.022,0.073,0.2252,3.622
D3895,6.541,71.172,64.607,8.796,1,Stainless Steel,790.4,120.038,0.2217,0.4091,1.791
D3896,6.815,31.663,65.206,2.267,2,Aluminium,1015.2,411.866,1.6279,0.0646,0.231
D3897,9.6,30.849,69.208,7.232,1,Stainless Steel,813.6,157.595,0.2048,0.2787,1.364
D3898,3.427,33.473,64.7,6.43,0,Mild Steel,1040.0,1172.633,4.1808,0.0991,0.213
D3899,5.477,75.792,89.88,6.826,0,Mild Steel,644.0,184.51,0.7509,0.4979,1.355
D3900,4.919,49.819,41.514,8.907,2,Aluminium,150.4,35.636,0.1052,0.0467,2.666
D3901,6.471,73.409,75.621,4.238,1,Stainless Steel,563.4,113.284,0.2539,0.4885,1.898
D3902,7.555,42.923,96.681,8.063,2,Aluminium,1109.5,326.074,3.1404,0.1439,0.291
D3903,5.464,69.527,56.531,8.341,1,Stainless Steel,376.6,72.062,0.1243,0.292,2.984
D3904,6.193,36.91,53.294,7.844,0,Mild Steel,768.2,209.055,0.2653,0.1626,1.196
D3905,4.473,73.31,41.716,4.079,2,Aluminium,1062.7,231.845,0.6819,0.0628,0.41
D3906,5.337,59.068,42.152,9.581,2,Aluminium,201.5,34.746,0.0974,0.061,2.734
D3907,3.044,66.312,46.197,2.539,2,Aluminium,1475.7,865.361,4.5075,0.0428,0.11
D3908,9.696,50.312,85.405,7.293,2,Aluminium,796.2,114.414,0.6269,0.1912,0.83
D3909,9.042,30.783,40.387,3.202,0,Mild Steel,1012.5,147.341,0.0586,0.15,1.697
D3910,5.678,52.264,77.986,4.883,2,Aluminium,104.7,37.593,0.3009,0.1062,2.527
D3911,5.399,38.529,75.441,5.685,0,Mild Steel,1313.2,658.626,1.8602,0.2094,0.38
D3912,8.545,51.23,76.613,6.312,2,Aluminium,908.4,148.587,0.7408,0.1539,0.639
D3913,6.247,48.322,57.124,7.495,0,Mild Steel,922.3,203.83,0.292,0.2301,1.227
D3914,6.907,68.51,99.026,6.555,1,Stainless Steel,480.6,110.838,0.4285,0.6372,1.94
D3915,6.073,67.882,66.762,6.331,2,Aluminium,963.0,192.067,1.0926,0.1263,0.495
D3916,5.538,51.253,70.316,2.614,0,Mild Steel,1301.7,504.764,1.0397,0.2663,0.495
D3917,3.144,61.796,63.35,7.013,0,Mild Steel,1137.3,803.191,3.0115,0.1642,0.311
D3918,9.742,77.309,98.677,5.534,2,Aluminium,1328.5,149.946,1.0354,0.3411,0.634
D3919,5.915,35.18,65.232,7.449,0,Mild Steel,857.8,328.948,0.6542,0.1811,0.76
D3920,4.42,56.805,66.817,6.534,1,Stainless Steel,1401.3,595.473,1.7664,0.2281,0.361
D3921,4.483,35.23,57.7,4.856,2,Aluminium,1341.5,811.823,4.7053,0.0418,0.117
D3922,5.033,62.59,94.877,1.05,1,Stainless Steel,535.9,310.107,1.1884,0.4065,0.693
D3923,4.667,67.732,46.222,8.169,1,Stainless Steel,1378.1,298.084,0.4096,0.1987,0.721
D3924,6.873,40.891,46.727,8.75,1,Stainless Steel,1416.1,247.372,0.2255,0.1786,0.869
D3925,7.679,65.723,45.462,3.883,1,Stainless Steel,616.6,61.962,0.0403,0.3121,3.47
D3926,5.029,77.623,47.945,2.861,1,Stainless Steel,920.7,188.681,0.2131,0.2545,1.139
D3927,9.704,76.69,53.134,2.058,1,Stainless Steel,1287.3,91.456,0.0571,0.5378,2.351
D3928,6.339,43.123,93.93,4.949,0,Mild Steel,1200.2,514.079,1.8108,0.3427,0.486
D3929,6.906,61.556,54.973,6.169,1,Stainless Steel,772.8,111.438,0.1313,0.3178,1.929
D3930,5.494,45.121,53.46,2.405,2,Aluminium,1486.6,512.242,1.7598,0.0608,0.185
D3931,8.429,75.217,43.569,2.251,2,Aluminium,724.0,55.568,0.0771,0.1268,1.71
D3932,8.554,48.523,85.25,3.327,0,Mild Steel,758.8,162.942,0.3096,0.4722,1.534
D3933,8.027,66.061,99.682,5.866,2,Aluminium,243.3,45.604,0.4089,0.2426,2.083
D3934,7.426,75.121,80.712,5.913,2,Aluminium,395.4,60.639,0.3917,0.2067,1.567
D3935,4.379,71.667,76.781,1.721,0,Mild Steel,1325.6,661.371,1.9945,0.3216,0.378
D3936,4.475,55.994,62.565,4.442,2,Aluminium,389.7,164.095,1.1024,0.072,0.579
D3937,3.451,76.141,81.549,5.078,1,Stainless Steel,1028.9,653.61,3.697,0.2914,0.329
D3938,7.096,65.645,74.411,4.834,1,Stainless Steel,732.4,133.732,0.2666,0.4714,1.608
D3939,7.584,42.231,74.504,3.807,2,Aluminium,1462.8,384.876,1.9037,0.1095,0.247
D3940,4.523,43.423,56.98,4.591,1,Stainless Steel,565.2,272.504,0.5394,0.1522,0.789
D3941,7.841,71.013,98.0,6.51,1,Stainless Steel,959.8,168.234,0.5469,0.7421,1.278
D3942,7.349,65.093,53.778,1.12,0,Mild Steel,953.8,145.053,0.1148,0.3433,1.724
D3943,6.33,44.13,75.453,5.788,2,Aluminium,1367.0,447.126,3.0411,0.0967,0.212
D3944,9.676,32.592,90.497,9.525,2,Aluminium,890.6,199.665,1.2959,0.131,0.476
D3945,4.461,60.152,79.164,9.701,0,Mild Steel,994.0,447.597,1.847,0.2835,0.559
D3946,6.732,61.273,85.692,2.237,2,Aluminium,542.8,153.296,1.0593,0.1622,0.62
D3947,7.171,57.958,87.264,1.956,0,Mild Steel,1055.7,290.244,0.6565,0.484,0.861
D3948,3.353,62.784,97.277,6.873,1,Stainless Steel,981.1,920.439,7.9057,0.2785,0.234
D3949,7.019,79.262,96.879,3.761,2,Aluminium,609.5,128.242,1.1723,0.2474,0.741
D3950,5.11,56.794,97.752,3.734,0,Mild Steel,928.0,489.537,2.2873,0.3786,0.511
D3951,8.842,61.473,79.861,7.833,1,Stainless Steel,788.4,101.033,0.1958,0.5904,2.128
D3952,8.948,39.569,49.009,2.707,0,Mild Steel,1187.9,170.322,0.0987,0.2316,1.468
D3953,9.044,51.244,42.033,1.787,2,Aluminium,938.2,91.475,0.1065,0.0894,1.039
D3954,4.679,51.746,65.304,1.254,1,Stainless Steel,200.5,108.772,0.2184,0.215,1.977
D3955,4.396,75.229,97.054,5.511,1,Stainless Steel,983.4,475.43,2.9164,0.4365,0.452
D3956,9.717,37.267,73.26,2.211,2,Aluminium,1186.1,236.704,0.7907,0.1218,0.401
D3957,3.996,35.823,51.552,2.629,1,Stainless Steel,966.9,711.662,1.2014,0.1004,0.302
D3958,3.693,75.616,68.513,3.961,2,Aluminium,913.5,451.678,4.4739,0.0878,0.21
D3959,9.555,35.523,54.893,1.065,0,Mild Steel,268.9,46.212,0.0287,0.2486,5.41
D3960,8.99,79.853,74.27,1.183,0,Mild Steel,1314.6,151.996,0.1856,0.7115,1.645
D3961,8.157,31.634,54.849,4.026,2,Aluminium,1192.0,267.231,0.6641,0.065,0.355
D3962,9.853,68.358,83.084,6.405,2,Aluminium,982.4,100.652,0.4995,0.2569,0.944
D3963,4.546,74.65,82.94,1.747,1,Stainless Steel,1456.7,701.572,2.4554,0.3828,0.306
D3964,5.936,49.757,71.555,9.019,1,Stainless Steel,688.3,197.511,0.5023,0.2874,1.089
D3965,5.02,32.528,78.735,5.119,0,Mild Steel,1154.7,832.815,2.7387,0.1716,0.3
D3966,9.858,53.84,73.79,9.909,2,Aluminium,1038.3,110.267,0.4689,0.1798,0.862
D3967,3.093,51.451,56.996,2.441,2,Aluminium,1154.0,1053.783,8.137,0.0416,0.09
D3968,6.894,72.671,84.874,2.711,0,Mild Steel,938.5,205.932,0.482,0.5674,1.214
D3969,9.231,75.97,79.792,7.677,1,Stainless Steel,475.5,45.752,0.0838,0.761,4.699
D3970,7.358,37.932,95.756,1.688,1,Stainless Steel,1148.7,512.996,1.3835,0.3635,0.419
D3971,6.558,31.201,74.951,2.964,1,Stainless Steel,243.9,118.945,0.2418,0.2086,1.808
D3972,4.433,75.413,43.795,1.353,2,Aluminium,598.3,163.659,0.4434,0.0672,0.58
D3973,8.809,49.505,95.009,2.019,0,Mild Steel,1158.7,274.519,0.5874,0.5529,0.911
D3974,7.716,74.631,85.045,3.792,0,Mild Steel,1061.9,174.996,0.3811,0.6535,1.429
D3975,6.225,48.844,99.199,5.419,0,Mild Steel,999.6,405.392,1.6563,0.4025,0.617
D3976,8.582,57.9,85.232,3.925,2,Aluminium,734.3,127.901,0.7202,0.1944,0.743
D3977,4.173,40.957,79.696,9.852,1,Stainless Steel,271.3,206.393,0.9561,0.1852,1.042
D3978,8.976,43.017,53.492,4.634,2,Aluminium,714.3,94.098,0.2037,0.0948,1.01
D3979,4.766,56.532,82.95,1.122,1,Stainless Steel,236.2,145.698,0.4564,0.304,1.476
D3980,6.621,55.433,78.994,5.709,0,Mild Steel,813.1,204.919,0.4983,0.3869,1.22
D3981,8.797,51.556,56.789,2.899,1,Stainless Steel,816.1,106.426,0.0883,0.3503,2.02
D3982,3.256,58.534,71.017,6.04,0,Mild Steel,650.1,510.314,2.3044,0.1806,0.49
D3983,6.986,30.676,49.381,1.866,2,Aluminium,794.1,246.57,0.53,0.0486,0.385
D3984,4.857,70.89,64.193,7.728,2,Aluminium,1118.9,300.1,2.1129,0.1014,0.317
D3985,7.98,74.381,58.554,7.843,2,Aluminium,907.5,84.837,0.2795,0.1595,1.12
D3986,4.304,75.354,61.497,6.631,1,Stainless Steel,1097.1,339.141,0.8803,0.2712,0.634
D3987,8.309,52.145,68.151,8.756,0,Mild Steel,1376.6,194.531,0.2914,0.394,1.285
D3988,5.783,79.486,52.923,9.584,0,Mild Steel,1464.1,202.553,0.2823,0.3247,1.234
D3989,4.12,73.633,87.651,7.899,1,Stainless Steel,1147.7,550.279,3.1106,0.3616,0.391
D3990,7.469,59.813,85.587,9.755,1,Stainless Steel,273.9,50.527,0.1428,0.52,4.255
D3991,9.377,55.944,73.39,3.662,2,Aluminium,477.0,63.599,0.2369,0.1767,1.494
D3992,7.005,36.989,47.857,8.601,2,Aluminium,1112.0,212.999,0.5556,0.0569,0.446
D3993,4.619,53.388,73.492,4.335,0,Mild Steel,598.9,294.758,0.9038,0.2418,0.848
D3994,4.538,79.203,48.472,9.452,0,Mild Steel,351.7,71.168,0.1082,0.2325,3.513
D3995,4.336,51.182,89.321,8.798,1,Stainless Steel,1182.7,747.625,4.1874,0.2696,0.288
D3996,5.864,61.213,61.908,5.668,1,Stainless Steel,279.1,62.269,0.1112,0.3022,3.453
D3997,9.837,38.545,85.532,8.658,0,Mild Steel,390.2,69.085,0.1331,0.4328,3.619
D3998,9.753,53.502,46.988,7.456,2,Aluminium,523.8,38.372,0.0635,0.1125,2.476
D3999,8.132,63.639,92.684,9.784,2,Aluminium,1219.8,195.876,1.6453,0.2202,0.485
D4000,7.438,75.145,84.342,6.723,1,Stainless Steel,823.5,128.34,0.3311,0.6411,1.675
D4001,9.352,53.08,58.576,4.33,0,Mild Steel,1163.6,127.683,0.1077,0.388,1.958
D4002,5.419,47.914,51.669,3.708,2,Aluminium,681.3,202.794,0.7146,0.0616,0.468
D4003,8.363,56.561,76.608,8.878,0,Mild Steel,1095.4,158.138,0.2977,0.4836,1.581
D4004,3.277,59.115,67.115,2.088,1,Stainless Steel,868.1,754.063,2.615,0.1768,0.285
D4005,9.288,51.581,74.353,5.694,2,Aluminium,1374.6,190.069,0.7927,0.1635,0.5
D4006,7.17,50.627,64.106,6.705,2,Aluminium,763.8,143.595,0.6251,0.1068,0.662
D4007,3.493,69.555,58.015,6.038,0,Mild Steel,940.6,444.718,1.2397,0.1881,0.562
D4008,5.753,53.636,45.024,3.856,1,Stainless Steel,1156.1,238.564,0.2141,0.1889,0.901
D4009,5.58,61.529,75.197,2.854,0,Mild Steel,1199.2,402.399,0.9538,0.3446,0.621
D4010,4.349,33.072,86.726,7.537,0,Mild Steel,1240.0,1188.464,5.9477,0.1665,0.21
D4011,7.275,48.044,50.022,5.602,1,Stainless Steel,579.4,90.305,0.0812,0.2378,2.381
D4012,8.795,39.571,79.984,7.405,2,Aluminium,373.8,76.086,0.412,0.1278,1.249
D4013,7.097,67.75,52.492,9.284,2,Aluminium,549.8,60.821,0.1904,0.1158,1.562
D4014,3.258,59.705,89.12,1.599,1,Stainless Steel,367.1,444.552,2.608,0.2358,0.484
D4015,5.653,30.81,64.968,9.744,0,Mild Steel,575.7,262.76,0.5673,0.151,0.951
D4016,6.98,65.018,57.2,1.662,0,Mild Steel,812.9,139.997,0.1376,0.3464,1.786
D4017,5.767,41.224,75.152,5.644,0,Mild Steel,1349.9,560.009,1.4495,0.2384,0.446
D4018,5.498,30.23,98.63,1.849,0,Mild Steel,1447.0,1426.772,5.526,0.2188,0.175
D4019,6.428,75.663,72.346,6.879,0,Mild Steel,194.3,33.475,0.0732,0.4695,7.468
D4020,9.495,37.202,65.857,8.317,2,Aluminium,817.3,124.041,0.425,0.1068,0.766
D4021,9.322,69.95,40.044,8.742,0,Mild Steel,389.0,19.551,0.0088,0.3485,12.787
D4022,6.923,66.025,92.18,5.564,0,Mild Steel,1409.6,322.621,1.0077,0.5623,0.775
D4023,8.159,52.556,86.868,3.04,1,Stainless Steel,1460.3,326.373,0.695,0.5066,0.659
D4024,5.924,66.286,45.183,6.304,0,Mild Steel,1284.4,185.878,0.1719,0.2368,1.345
D4025,8.83,55.287,49.096,7.178,1,Stainless Steel,1422.5,127.039,0.0917,0.326,1.692
D4026,8.818,52.368,63.477,4.827,0,Mild Steel,558.1,73.484,0.0795,0.3912,3.402
D4027,4.84,42.503,95.718,3.298,0,Mild Steel,996.9,777.224,3.6273,0.2628,0.322
D4028,4.659,58.73,49.359,1.705,1,Stainless Steel,167.3,58.49,0.0702,0.1837,3.676
D4029,3.28,35.29,98.721,2.692,2,Aluminium,1383.2,2815.394,61.9743,0.0524,0.034
D4030,7.472,58.974,96.646,2.136,1,Stainless Steel,535.4,146.721,0.4072,0.5792,1.465
D4031,8.832,57.336,52.05,2.275,1,Stainless Steel,1042.8,114.745,0.0772,0.3585,1.874
D4032,6.926,54.029,59.119,8.597,1,Stainless Steel,1450.5,239.97,0.3461,0.3009,0.896
D4033,5.78,34.859,99.659,9.846,0,Mild Steel,1047.7,620.979,3.0812,0.268,0.403
D4034,4.487,75.88,67.406,2.196,0,Mild Steel,208.0,79.056,0.1858,0.3063,3.162
D4035,5.004,66.51,65.48,9.11,1,Stainless Steel,687.3,185.754,0.4799,0.2964,1.157
D4036,8.945,34.913,88.038,4.797,0,Mild Steel,1435.1,383.512,0.7839,0.3669,0.652
D4037,7.917,54.773,69.941,6.827,2,Aluminium,303.2,47.897,0.2213,0.1392,1.983
D4038,3.702,76.129,57.502,1.913,1,Stainless Steel,710.8,334.414,0.7254,0.2204,0.643
D4039,5.395,68.433,95.324,5.222,0,Mild Steel,1474.9,535.303,2.3779,0.4696,0.467
D4040,5.812,69.926,73.995,7.562,1,Stainless Steel,1101.4,248.326,0.6738,0.409,0.866
D4041,8.107,69.119,62.105,1.537,0,Mild Steel,347.1,46.315,0.0452,0.4644,5.398
D4042,7.676,37.08,47.085,9.631,1,Stainless Steel,364.4,56.854,0.047,0.1823,3.782
D4043,8.308,56.523,76.996,2.973,2,Aluminium,1326.5,237.084,1.0831,0.1659,0.401
D4044,9.057,40.75,64.459,8.717,0,Mild Steel,552.5,80.876,0.0977,0.3175,3.091
D4045,5.341,60.842,43.871,9.449,1,Stainless Steel,801.2,139.655,0.1513,0.1939,1.54
D4046,8.618,51.362,49.494,9.422,0,Mild Steel,919.7,88.475,0.0678,0.2924,2.826
D4047,7.267,38.252,71.348,3.125,1,Stainless Steel,1488.7,462.91,0.7634,0.2697,0.464
D4048,4.242,56.895,84.412,2.757,0,Mild Steel,1083.2,730.837,2.9996,0.2719,0.342
D4049,3.268,52.258,58.515,7.801,1,Stainless Steel,101.8,72.658,0.2317,0.1359,2.959
D4050,9.432,77.258,89.11,8.344,1,Stainless Steel,609.8,60.991,0.138,0.8831,3.525
D4051,4.832,51.941,93.024,2.845,0,Mild Steel,711.2,454.838,1.9542,0.3116,0.55
D4052,4.727,48.882,78.179,3.053,1,Stainless Steel,597.6,350.409,1.1459,0.2457,0.614
D4053,6.22,68.329,41.665,1.607,2,Aluminium,945.1,140.767,0.241,0.0813,0.675
D4054,7.189,48.459,59.083,2.494,2,Aluminium,795.7,170.753,0.5284,0.0945,0.556
D4055,8.168,31.653,84.124,4.225,0,Mild Steel,1280.5,435.314,0.884,0.2902,0.574
D4056,6.993,62.817,42.482,1.561,1,Stainless Steel,489.5,65.028,0.0362,0.2538,3.306
D4057,3.09,42.515,49.232,4.882,2,Aluminium,1381.1,1171.599,7.6201,0.0297,0.081
D4058,4.414,44.642,58.446,1.135,1,Stainless Steel,933.4,593.219,1.0064,0.1566,0.362
D4059,7.356,30.354,76.475,5.295,0,Mild Steel,730.3,272.951,0.5408,0.2279,0.916
D4060,7.55,58.527,78.641,7.278,1,Stainless Steel,440.2,78.747,0.1762,0.4726,2.73
D4061,7.211,55.323,92.494,3.459,0,Mild Steel,172.0,47.819,0.1312,0.4924,5.228
D4062,4.186,69.668,99.709,9.759,0,Mild Steel,962.6,535.269,3.7337,0.3881,0.467
D4063,3.676,62.837,49.51,5.084,1,Stainless Steel,986.5,409.956,0.7948,0.1555,0.524
D4064,4.411,50.201,91.233,8.156,1,Stainless Steel,1057.6,677.964,3.8641,0.2747,0.317
D4065,7.293,55.151,94.363,6.99,2,Aluminium,196.9,48.119,0.4482,0.1742,1.974
D4066,9.715,38.059,46.665,8.353,1,Stainless Steel,1001.1,100.881,0.0604,0.2346,2.131
D4067,4.506,38.708,85.331,6.641,2,Aluminium,169.7,130.066,1.7256,0.0683,0.73
D4068,8.19,65.135,63.05,9.923,1,Stainless Steel,322.6,33.898,0.0468,0.4574,6.342
D4069,9.41,48.812,61.961,4.061,2,Aluminium,198.3,25.013,0.0672,0.1306,3.798
D4070,5.858,60.964,86.944,9.742,0,Mild Steel,1260.3,363.898,1.3521,0.4143,0.687
D4071,7.787,39.965,93.444,5.999,0,Mild Steel,206.4,63.05,0.1785,0.3881,3.965
D4072,8.096,69.308,76.732,8.957,2,Aluminium,1288.4,161.018,0.9175,0.1976,0.59
D4073,9.315,72.357,51.257,6.967,2,Aluminium,1057.0,68.751,0.1411,0.1586,1.382
D4074,6.966,77.979,99.567,9.384,2,Aluminium,549.3,103.427,1.1922,0.2483,0.919
D4075,5.036,30.589,77.905,8.764,0,Mild Steel,829.5,575.478,2.0077,0.1602,0.434
D4076,8.294,79.351,98.107,8.626,0,Mild Steel,1172.8,157.713,0.4892,0.8617,1.585
D4077,8.288,55.743,94.982,2.998,2,Aluminium,1118.5,250.831,1.7506,0.2014,0.379
D4078,9.71,45.18,59.824,9.566,1,Stainless Steel,1278.4,135.688,0.1371,0.3569,1.585
D4079,5.157,52.872,66.434,1.172,0,Mild Steel,160.2,72.581,0.1296,0.2417,3.444
D4080,9.642,61.68,85.18,7.116,2,Aluminium,647.8,76.876,0.4198,0.2325,1.236
D4081,5.846,71.324,99.052,5.228,2,Aluminium,600.3,187.789,2.3734,0.1896,0.506
D4082,3.104,46.604,50.576,1.667,0,Mild Steel,1188.8,1135.278,2.2075,0.0976,0.22
D4083,5.75,53.209,97.882,6.521,2,Aluminium,1478.9,606.247,7.9502,0.1374,0.157
D4084,6.439,51.402,59.141,6.488,2,Aluminium,1127.1,235.419,0.985,0.0898,0.404
D4085,6.351,79.465,68.023,6.848,1,Stainless Steel,1105.3,174.371,0.3542,0.4669,1.233
D4086,3.391,60.792,82.158,8.357,1,Stainless Steel,301.0,240.892,1.4595,0.2303,0.893
D4087,5.826,71.961,89.348,3.697,0,Mild Steel,552.9,166.282,0.5543,0.4999,1.503
D4088,9.452,52.321,93.391,8.194,2,Aluminium,488.1,75.518,0.5216,0.212,1.258
D4089,3.913,79.882,88.943,7.938,2,Aluminium,943.9,467.355,8.0442,0.1276,0.203
D4090,9.479,68.018,84.253,6.809,2,Aluminium,323.9,35.858,0.1939,0.2493,2.649
D4091,6.847,34.745,84.411,4.544,2,Aluminium,250.3,105.735,0.7824,0.0922,0.898
D4092,7.14,39.261,44.167,7.947,0,Mild Steel,1329.0,216.737,0.1602,0.1652,1.153
D4093,8.784,48.904,52.135,1.651,1,Stainless Steel,577.4,77.93,0.0512,0.3046,2.759
D4094,3.163,50.433,71.605,6.535,1,Stainless Steel,936.1,904.652,4.4639,0.1553,0.238
D4095,6.36,71.25,75.948,1.009,2,Aluminium,1081.4,282.401,1.4981,0.158,0.336
D4096,5.539,44.16,77.612,8.777,1,Stainless Steel,1171.7,469.213,1.5131,0.2582,0.458
D4097,7.898,60.877,93.291,4.14,1,Stainless Steel,967.5,202.344,0.5428,0.61,1.063
D4098,3.528,40.17,69.458,9.616,0,Mild Steel,824.2,779.669,3.1317,0.1314,0.321
D4099,5.086,78.704,98.988,8.499,2,Aluminium,514.0,173.536,2.7919,0.1819,0.547
D4100,9.687,48.771,41.815,2.191,1,Stainless Steel,136.3,11.948,0.0047,0.2687,17.995
D4101,3.732,76.889,44.055,5.644,0,Mild Steel,979.3,283.352,0.4189,0.1687,0.882
D4102,7.336,39.998,94.642,1.841,2,Aluminium,1134.5,472.976,3.5304,0.1275,0.201
D4103,7.728,54.57,62.889,6.624,0,Mild Steel,568.8,85.188,0.1124,0.3539,2.935
D4104,4.537,46.208,98.68,1.29,0,Mild Steel,134.5,130.393,0.5992,0.2761,1.917
D4105,5.699,50.408,60.922,2.092,0,Mild Steel,1276.7,428.555,0.6187,0.2336,0.583
D4106,5.3,61.282,91.324,1.77,1,Stainless Steel,1114.4,540.606,1.9277,0.4034,0.398
D4107,8.463,31.407,53.039,5.955,0,Mild Steel,369.8,70.287,0.058,0.1881,3.557
D4108,3.804,76.065,99.154,8.456,2,Aluminium,980.0,601.023,13.2237,0.1317,0.158
D4109,7.67,43.996,62.801,1.603,1,Stainless Steel,1299.8,304.929,0.3361,0.2882,0.705
D4110,8.734,79.324,86.35,9.023,0,Mild Steel,1067.4,114.122,0.2601,0.7983,2.191
D4111,7.876,66.365,82.93,1.987,0,Mild Steel,1006.9,192.213,0.3542,0.5785,1.301
D4112,5.018,44.12,81.283,1.636,1,Stainless Steel,178.6,119.896,0.3566,0.2447,1.793
D4113,6.888,50.812,83.506,6.006,0,Mild Steel,346.4,92.837,0.243,0.39,2.693
D4114,6.144,59.784,77.061,9.084,2,Aluminium,270.0,65.054,0.5165,0.1299,1.46
D4115,4.426,50.479,85.942,7.358,0,Mild Steel,1454.5,878.228,4.2194,0.2562,0.285
D4116,8.531,50.747,44.72,4.771,1,Stainless Steel,575.1,58.591,0.0338,0.2633,3.669
D4117,6.517,65.285,91.862,5.48,0,Mild Steel,557.3,143.849,0.4783,0.5215,1.738
D4118,5.065,31.178,64.689,4.485,0,Mild Steel,977.2,609.626,1.3061,0.1363,0.41
D4119,3.872,51.836,60.117,5.451,0,Mild Steel,674.7,371.078,0.9747,0.161,0.674
D4120,3.751,79.011,68.962,7.504,0,Mild Steel,895.9,378.421,1.4093,0.2727,0.661
D4121,5.035,76.431,72.28,4.071,2,Aluminium,562.4,164.69,1.2622,0.1277,0.577
D4122,6.611,49.365,53.185,6.421,2,Aluminium,810.7,151.433,0.4956,0.0797,0.627
D4123,5.014,48.241,55.045,1.975,2,Aluminium,360.0,145.871,0.5725,0.0611,0.651
D4124,6.389,35.065,92.597,5.839,0,Mild Steel,1400.7,694.699,2.4321,0.2768,0.36
D4125,7.915,74.444,92.937,7.056,2,Aluminium,1300.8,199.673,1.6399,0.2513,0.476
D4126,3.038,37.239,97.612,7.878,1,Stainless Steel,305.3,590.403,5.6366,0.1502,0.364
D4127,9.608,66.405,78.252,1.083,0,Mild Steel,973.0,126.035,0.1583,0.6662,1.984
D4128,4.43,58.618,40.239,4.618,0,Mild Steel,849.1,222.166,0.2171,0.1394,1.125
D4129,6.262,72.5,75.993,7.353,1,Stainless Steel,1321.7,258.654,0.6752,0.4692,0.831
D4130,9.86,47.452,43.315,1.006,1,Stainless Steel,672.9,64.467,0.0249,0.2756,3.335
D4131,8.656,32.346,67.805,9.018,0,Mild Steel,1011.3,211.641,0.3006,0.2533,1.181
D4132,5.892,42.972,63.708,6.871,2,Aluminium,1000.0,313.075,1.7056,0.074,0.303
D4133,9.757,39.947,87.323,2.117,2,Aluminium,887.7,196.334,0.9233,0.1562,0.484
D4134,8.33,49.95,82.696,8.356,1,Stainless Steel,1082.7,194.589,0.4395,0.468,1.105
D4135,3.297,65.99,83.26,2.697,2,Aluminium,314.6,285.933,4.4501,0.0832,0.332
D4136,3.881,63.081,77.624,6.39,2,Aluminium,411.8,234.015,3.0282,0.0872,0.406
D4137,4.1,71.523,43.114,7.59,2,Aluminium,1389.9,342.057,1.3104,0.058,0.278
D4138,6.278,65.94,64.98,4.313,0,Mild Steel,1165.8,236.045,0.392,0.359,1.059
D4139,7.906,78.818,82.464,9.786,2,Aluminium,1412.7,171.598,1.1793,0.2359,0.554
D4140,5.266,65.006,83.423,8.45,1,Stainless Steel,1499.5,484.288,1.9009,0.3884,0.444
D4141,8.041,56.46,47.637,1.449,2,Aluminium,981.5,125.574,0.2095,0.0993,0.757
D4142,3.844,79.953,97.395,3.664,2,Aluminium,411.5,257.919,4.8507,0.1374,0.368
D4143,5.866,45.426,43.966,4.705,0,Mild Steel,459.0,101.497,0.0851,0.1563,2.463
D4144,4.803,50.716,71.323,1.671,1,Stainless Steel,483.6,268.032,0.6471,0.2363,0.802
D4145,6.512,66.805,64.957,6.465,0,Mild Steel,220.5,38.161,0.0655,0.3771,6.551
D4146,8.043,72.256,74.232,6.017,0,Mild Steel,932.6,117.995,0.2029,0.5757,2.119
D4147,3.29,44.327,57.99,2.444,1,Stainless Steel,457.8,441.392,1.172,0.115,0.487
D4148,9.061,31.863,49.919,9.379,2,Aluminium,459.4,65.654,0.1398,0.0662,1.447
D4149,5.382,33.03,64.778,6.591,2,Aluminium,445.2,219.104,1.3623,0.0529,0.434
D4150,4.504,48.338,57.974,8.829,1,Stainless Steel,1266.0,510.686,1.1579,0.1716,0.421
D4151,3.017,39.52,98.02,1.109,0,Mild Steel,825.0,2027.253,14.3118,0.156,0.123
D4152,3.296,44.261,88.569,7.685,1,Stainless Steel,976.4,1224.341,8.8685,0.1757,0.176
D4153,7.816,71.631,57.781,3.999,2,Aluminium,949.2,107.161,0.3104,0.1485,0.887
D4154,6.748,41.952,50.415,3.001,2,Aluminium,684.1,158.084,0.3943,0.0655,0.601
D4155,5.292,59.127,76.89,4.193,0,Mild Steel,868.9,317.967,0.9017,0.3211,0.786
D4156,5.548,56.144,81.223,7.089,0,Mild Steel,1229.0,416.911,1.3736,0.3376,0.6
D4157,9.435,69.984,80.416,6.849,2,Aluminium,1189.6,123.055,0.6101,0.2437,0.772
D4158,4.207,58.307,74.772,1.304,0,Mild Steel,660.7,442.164,1.272,0.2448,0.565
D4159,9.433,58.784,75.593,7.081,0,Mild Steel,771.1,88.726,0.135,0.5594,2.818
D4160,4.871,60.333,91.442,3.155,0,Mild Steel,887.6,464.251,1.9461,0.3586,0.539
D4161,9.243,67.04,62.873,6.208,1,Stainless Steel,1368.9,122.237,0.1332,0.5298,1.759
D4162,4.616,65.534,97.852,2.836,1,Stainless Steel,795.5,461.14,2.3971,0.4025,0.466
D4163,5.212,54.151,44.486,9.8,1,Stainless Steel,559.9,115.967,0.1332,0.1708,1.854
D4164,4.498,75.752,88.973,5.834,0,Mild Steel,173.1,72.362,0.3537,0.4046,3.455
D4165,8.252,53.379,73.003,4.106,2,Aluminium,268.7,46.364,0.202,0.1476,2.049
D4166,9.105,71.592,89.058,1.314,2,Aluminium,1234.0,184.841,0.9351,0.2665,0.514
D4167,5.805,39.959,73.922,9.697,1,Stainless Steel,1353.8,515.989,1.4499,0.2332,0.417
D4168,3.833,53.512,68.301,7.617,0,Mild Steel,474.9,281.058,1.004,0.187,0.889
D4169,4.044,67.419,67.285,8.611,1,Stainless Steel,1256.3,522.086,1.7791,0.2495,0.412
D4170,7.139,34.993,71.481,4.042,2,Aluminium,1225.0,412.258,2.0372,0.082,0.23
D4171,9.792,60.522,76.22,9.047,1,Stainless Steel,639.1,64.216,0.1032,0.6143,3.348
D4172,4.469,75.47,50.666,3.3,0,Mild Steel,146.5,39.319,0.0565,0.2281,6.358
D4173,4.666,53.882,50.199,1.903,1,Stainless Steel,815.4,309.806,0.3906,0.1716,0.694
D4174,5.608,40.748,47.788,7.755,1,Stainless Steel,123.5,32.833,0.0389,0.1485,6.548
D4175,4.013,54.928,75.262,3.703,1,Stainless Steel,637.2,414.817,1.5858,0.2256,0.518
D4176,6.543,47.641,94.865,7.704,1,Stainless Steel,137.7,46.887,0.1826,0.4022,4.585
D4177,7.24,69.267,80.25,2.382,0,Mild Steel,1287.9,260.853,0.5064,0.5371,0.958
D4178,6.05,57.835,99.816,8.698,2,Aluminium,924.7,308.944,4.1622,0.1603,0.307
D4179,8.669,36.188,61.851,2.249,1,Stainless Steel,637.7,137.001,0.1326,0.2639,1.569
D4180,7.061,69.945,59.001,8.051,1,Stainless Steel,1332.3,165.902,0.2304,0.3963,1.296
D4181,7.717,56.605,62.007,6.138,1,Stainless Steel,1106.8,160.297,0.2102,0.3684,1.341
D4182,5.673,40.392,74.046,5.384,1,Stainless Steel,1031.1,447.104,1.1767,0.2307,0.481
D4183,8.706,45.783,85.546,9.387,0,Mild Steel,761.2,139.491,0.3155,0.4551,1.792
D4184,3.06,46.792,56.872,3.849,2,Aluminium,874.1,821.192,6.9541,0.0374,0.116
D4185,7.124,70.39,86.673,1.237,0,Mild Steel,221.3,52.833,0.1133,0.58,4.732
D4186,7.976,75.156,98.265,2.133,1,Stainless Steel,157.9,30.552,0.0814,0.8011,7.037
D4187,9.681,65.811,74.538,4.573,0,Mild Steel,835.7,87.539,0.1159,0.6338,2.856
D4188,7.214,74.538,88.24,5.276,0,Mild Steel,668.0,121.591,0.328,0.6332,2.056
D4189,3.129,69.284,99.029,2.313,0,Mild Steel,1159.0,1351.171,10.605,0.2865,0.185
D4190,7.838,54.845,53.683,5.844,2,Aluminium,484.4,61.54,0.1645,0.1059,1.544
D4191,7.865,59.411,51.605,1.038,1,Stainless Steel,109.7,15.478,0.0108,0.3279,13.891
D4192,5.559,70.689,51.947,1.214,1,Stainless Steel,277.8,63.598,0.0665,0.2776,3.381
D4193,8.469,34.077,47.446,3.131,2,Aluminium,433.0,75.749,0.1295,0.0629,1.254
D4194,3.202,52.034,55.067,7.991,0,Mild Steel,922.1,647.997,1.8024,0.1224,0.386
D4195,8.632,72.806,60.382,3.446,1,Stainless Steel,693.3,68.739,0.0675,0.5161,3.128
D4196,5.088,77.939,50.697,6.329,1,Stainless Steel,326.6,59.498,0.0859,0.2734,3.614
D4197,3.777,71.203,90.786,6.817,1,Stainless Steel,838.5,515.646,3.3895,0.332,0.417
D4198,5.459,69.903,63.001,2.698,0,Mild Steel,1393.0,362.367,0.6127,0.3208,0.69
D4199,4.554,62.641,53.846,7.956,2,Aluminium,157.6,45.108,0.2411,0.0705,2.106
D4200,7.273,70.941,96.703,7.909,0,Mild Steel,521.3,99.705,0.3454,0.6659,2.507
D4201,4.328,45.023,75.427,6.85,2,Aluminium,186.6,116.663,1.2716,0.0675,0.814
D4202,7.327,38.677,76.541,9.187,2,Aluminium,1043.9,278.623,1.7837,0.0996,0.341
D4203,9.771,65.201,59.346,6.682,1,Stainless Steel,1454.1,112.37,0.1036,0.5142,1.913
D4204,9.305,55.316,54.222,3.572,0,Mild Steel,102.2,10.364,0.0073,0.3724,24.121
D4205,3.689,77.98,78.194,1.753,0,Mild Steel,1463.2,933.451,3.5731,0.3002,0.268
D4206,8.104,50.063,77.313,5.909,2,Aluminium,1098.3,206.792,1.1043,0.144,0.459
D4207,5.313,50.252,68.883,8.679,2,Aluminium,884.9,299.209,2.225,0.0844,0.318
D4208,3.383,49.524,68.287,9.128,2,Aluminium,1424.3,1168.105,13.7062,0.0525,0.081
D4209,5.729,38.156,59.369,7.444,0,Mild Steel,690.0,235.449,0.4025,0.1732,1.062
D4210,4.382,53.246,68.086,4.245,1,Stainless Steel,764.9,386.213,1.1168,0.2161,0.557
D4211,5.388,63.378,97.794,2.066,0,Mild Steel,779.0,371.145,1.4702,0.4456,0.674
D4212,3.562,33.051,74.569,9.378,2,Aluminium,1468.9,1778.222,23.6314,0.0403,0.053
D4213,5.687,63.416,99.274,9.668,1,Stainless Steel,935.4,313.71,1.6264,0.4869,0.685
D4214,7.381,51.57,93.602,6.698,2,Aluminium,1382.8,353.657,3.1702,0.1635,0.269
D4215,7.017,58.829,62.43,6.975,2,Aluminium,1082.5,176.055,0.7513,0.1183,0.54
D4216,8.909,37.776,95.919,7.021,2,Aluminium,608.6,153.569,1.1655,0.1482,0.619
D4217,8.105,67.433,99.924,2.69,1,Stainless Steel,851.9,175.878,0.4906,0.7428,1.222
D4218,7.886,53.955,89.365,3.902,1,Stainless Steel,627.1,143.649,0.3506,0.5171,1.497
D4219,6.233,47.67,69.238,8.434,1,Stainless Steel,534.4,142.893,0.3185,0.2798,1.505
D4220,8.223,71.81,95.399,6.627,0,Mild Steel,1112.6,171.664,0.4838,0.7518,1.456
D4221,3.015,45.086,71.918,9.533,0,Mild Steel,1214.2,1450.535,7.3083,0.1305,0.172
D4222,9.614,60.63,89.855,1.532,1,Stainless Steel,761.8,121.029,0.2126,0.7123,1.776
D4223,7.702,36.354,68.424,4.122,2,Aluminium,1054.9,283.868,1.1793,0.0879,0.335
D4224,7.986,44.205,64.02,7.926,1,Stainless Steel,356.5,61.104,0.0861,0.3074,3.519
D4225,5.908,37.577,47.674,4.885,2,Aluminium,301.1,85.522,0.2441,0.0486,1.111
D4226,7.65,75.832,41.53,1.635,0,Mild Steel,861.9,77.824,0.0364,0.3215,3.212
D4227,4.579,64.356,64.272,9.689,1,Stainless Steel,1296.5,420.412,1.1543,0.2576,0.511
D4228,3.673,66.679,42.953,6.538,1,Stainless Steel,794.4,261.429,0.395,0.1431,0.822
D4229,5.811,77.901,49.709,7.427,1,Stainless Steel,1477.1,201.487,0.246,0.306,1.067
D4230,7.802,58.359,76.644,3.787,0,Mild Steel,331.0,61.616,0.1075,0.4657,4.057
D4231,8.164,48.56,60.258,9.186,0,Mild Steel,424.9,58.361,0.0704,0.3188,4.284
D4232,6.483,72.477,44.357,9.498,2,Aluminium,487.5,50.159,0.1249,0.0957,1.894
D4233,3.007,77.796,86.303,6.715,1,Stainless Steel,1171.0,978.4,7.3771,0.2745,0.22
D4234,9.812,41.778,99.858,9.972,0,Mild Steel,1142.0,213.065,0.5763,0.5463,1.173
D4235,8.994,38.362,54.554,9.511,0,Mild Steel,871.1,114.236,0.1013,0.2512,2.188
D4236,9.499,75.369,71.058,9.779,0,Mild Steel,465.7,36.482,0.0517,0.6789,6.853
D4237,5.564,49.1,60.151,3.297,2,Aluminium,1445.5,476.323,2.1564,0.0754,0.199
D4238,9.316,62.202,74.118,9.907,0,Mild Steel,219.1,22.412,0.0355,0.5732,11.155
D4239,9.362,63.483,89.256,8.003,2,Aluminium,1105.1,137.667,0.8746,0.2435,0.69
D4240,3.965,55.968,94.206,5.773,0,Mild Steel,352.9,267.234,1.6912,0.279,0.936
D4241,8.457,56.72,51.967,3.472,1,Stainless Steel,1033.3,117.387,0.0876,0.339,1.832
D4242,3.362,74.118,49.736,4.732,0,Mild Steel,326.5,137.801,0.2853,0.1654,1.814
D4243,6.23,67.488,55.297,3.012,2,Aluminium,392.1,71.467,0.2355,0.1067,1.329
D4244,7.682,48.758,51.006,9.662,0,Mild Steel,1284.6,164.79,0.1542,0.255,1.517
D4245,8.397,55.167,84.866,8.603,1,Stainless Steel,1361.2,222.831,0.5279,0.5347,0.965
D4246,7.45,78.495,70.309,7.068,0,Mild Steel,1369.1,168.175,0.2932,0.5487,1.487
D4247,6.753,33.028,57.888,8.278,0,Mild Steel,1476.1,412.288,0.563,0.1723,0.606
D4248,5.136,46.576,99.766,8.439,0,Mild Steel,628.6,355.192,1.9789,0.3185,0.704
D4249,4.863,36.024,96.326,8.171,2,Aluminium,165.6,129.926,2.0712,0.0775,0.731
D4250,9.05,42.83,50.446,4.853,1,Stainless Steel,560.7,68.366,0.047,0.2659,3.145
D4251,9.118,76.545,93.366,6.842,1,Stainless Steel,709.4,82.881,0.2062,0.8862,2.594
D4252,9.661,53.669,81.904,4.038,1,Stainless Steel,211.1,30.52,0.0497,0.5776,7.045
D4253,8.528,49.256,92.799,2.335,2,Aluminium,1323.7,321.844,2.0075,0.1789,0.295
D4254,3.694,33.792,67.38,2.417,1,Stainless Steel,943.3,1126.825,3.5117,0.1144,0.191
D4255,8.726,44.821,71.37,6.054,1,Stainless Steel,1179.3,199.375,0.2984,0.3796,1.078
D4256,9.411,64.249,81.936,6.046,0,Mild Steel,142.9,16.876,0.0294,0.6611,14.814
D4257,9.306,40.815,89.212,2.447,0,Mild Steel,831.7,197.966,0.359,0.4522,1.263
D4258,9.333,45.543,68.769,8.624,0,Mild Steel,547.0,72.538,0.0961,0.3901,3.446
D4259,8.823,67.705,49.432,6.151,1,Stainless Steel,440.9,33.394,0.0237,0.4016,6.438
D4260,6.674,78.576,86.209,1.316,0,Mild Steel,978.6,234.4,0.5368,0.6033,1.067
D4261,8.52,32.796,70.15,1.794,0,Mild Steel,1144.0,325.701,0.3894,0.2616,0.768
D4262,7.347,60.612,50.473,7.19,0,Mild Steel,1252.1,146.188,0.134,0.2999,1.71
D4263,5.468,65.291,74.994,1.054,0,Mild Steel,369.4,138.282,0.2919,0.3573,1.808
D4264,8.281,79.047,80.926,9.459,2,Aluminium,1330.6,146.144,0.9107,0.2432,0.65
D4265,8.053,71.416,85.364,6.11,1,Stainless Steel,909.6,133.225,0.3144,0.6677,1.614
D4266,5.001,77.534,40.327,3.659,2,Aluminium,453.8,75.517,0.1779,0.0718,1.258
D4267,9.96,54.179,86.908,8.119,1,Stainless Steel,777.4,98.508,0.1976,0.6378,2.183
D4268,9.537,47.365,53.83,1.234,2,Aluminium,531.4,66.794,0.117,0.1116,1.422
D4269,8.373,74.378,63.929,4.311,0,Mild Steel,1138.6,119.201,0.1363,0.5313,2.097
D4270,9.182,70.544,45.773,8.682,1,Stainless Steel,1477.8,86.637,0.0538,0.4032,2.482
D4271,4.228,67.134,69.225,9.48,2,Aluminium,1010.5,396.975,3.8309,0.0902,0.239
D4272,9.352,66.531,66.68,1.491,1,Stainless Steel,647.7,73.528,0.0731,0.5642,2.924
D4273,7.761,30.892,88.951,6.53,2,Aluminium,992.5,369.521,2.8038,0.0979,0.257
D4274,9.15,63.677,88.92,5.152,0,Mild Steel,436.0,61.118,0.1257,0.6914,4.09
D4275,4.479,34.275,45.318,4.976,0,Mild Steel,1426.2,694.992,0.862,0.0928,0.36
D4276,5.768,58.05,60.722,5.721,2,Aluminium,1130.1,268.203,1.3166,0.0933,0.354
D4277,9.981,63.654,42.781,4.135,0,Mild Steel,852.5,50.939,0.0211,0.3627,4.908
D4278,8.047,56.122,59.851,5.554,2,Aluminium,1277.1,170.196,0.5428,0.1241,0.558
D4279,4.029,53.212,76.574,6.864,2,Aluminium,293.7,180.338,2.197,0.0753,0.527
D4280,6.028,35.559,82.188,1.933,2,Aluminium,770.3,450.615,3.1831,0.0809,0.211
D4281,4.037,66.564,78.754,7.738,1,Stainless Steel,1468.4,728.922,3.3951,0.2878,0.295
D4282,3.617,33.815,43.576,3.256,2,Aluminium,1150.4,871.089,3.4479,0.0245,0.109
D4283,3.395,63.802,57.943,9.472,0,Mild Steel,808.4,433.771,1.26,0.1675,0.576
D4284,9.625,45.923,48.235,9.099,1,Stainless Steel,1156.2,99.841,0.0657,0.29,2.153
D4285,5.821,33.084,75.841,3.758,0,Mild Steel,1161.1,643.718,1.5524,0.1949,0.388
D4286,9.065,39.279,90.858,1.463,2,Aluminium,886.5,246.954,1.3172,0.1485,0.385
D4287,7.941,69.781,68.259,5.568,2,Aluminium,464.2,58.086,0.2449,0.1736,1.636
D4288,7.164,75.645,86.402,5.386,2,Aluminium,1303.6,230.938,1.7527,0.2149,0.411
D4289,5.734,33.554,81.52,8.942,2,Aluminium,984.6,509.619,4.8878,0.072,0.186
D4290,7.909,69.638,65.685,7.5,0,Mild Steel,251.9,28.918,0.0414,0.4828,8.645
D4291,9.35,46.469,98.709,9.427,0,Mild Steel,970.8,177.515,0.4916,0.5723,1.408
D4292,6.639,33.163,91.204,1.971,2,Aluminium,1480.1,858.063,6.7084,0.0922,0.111
D4293,7.771,42.672,91.392,7.464,1,Stainless Steel,520.2,140.121,0.411,0.4122,1.534
D4294,8.136,34.562,64.866,7.514,0,Mild Steel,622.5,135.015,0.1825,0.2434,1.852
D4295,6.593,58.164,86.765,6.437,2,Aluminium,279.3,72.566,0.6344,0.1527,1.309
D4296,5.944,32.063,98.918,1.243,2,Aluminium,1442.3,1217.77,12.0189,0.0865,0.078
D4297,4.447,64.292,45.217,2.929,1,Stainless Steel,713.9,207.291,0.242,0.1758,1.037
D4298,3.131,61.143,94.677,6.434,2,Aluminium,440.2,473.558,11.5435,0.0832,0.201
D4299,4.825,54.814,46.817,7.45,0,Mild Steel,1419.9,365.338,0.4732,0.1653,0.684
D4300,9.85,68.064,51.708,1.413,0,Mild Steel,363.3,28.413,0.0154,0.4626,8.799
D4301,7.72,41.876,68.372,6.759,0,Mild Steel,838.3,177.488,0.2781,0.295,1.409
D4302,3.217,60.036,97.772,5.14,1,Stainless Steel,391.2,429.899,3.7921,0.2568,0.5
D4303,7.407,79.185,68.657,7.512,0,Mild Steel,966.2,114.777,0.1943,0.5374,2.178
D4304,7.611,53.052,40.903,7.4,0,Mild Steel,1164.6,117.448,0.0681,0.2204,2.129
D4305,8.6,35.511,67.703,5.725,2,Aluminium,1180.3,247.882,0.94,0.0949,0.383
D4306,7.863,34.206,90.762,3.191,2,Aluminium,1460.6,557.003,3.8076,0.112,0.171
D4307,7.029,30.078,91.676,4.68,2,Aluminium,786.4,395.24,3.3627,0.089,0.24
D4308,7.229,70.737,55.247,9.856,2,Aluminium,763.0,81.463,0.2791,0.1297,1.166
D4309,3.191,44.697,77.176,4.987,2,Aluminium,435.4,517.077,7.9902,0.0505,0.184
D4310,7.336,68.361,84.357,9.56,1,Stainless Steel,649.8,107.201,0.2996,0.5753,2.006
D4311,4.316,32.163,75.712,2.222,1,Stainless Steel,1011.6,1091.882,3.5195,0.1429,0.197
D4312,6.123,46.278,92.078,8.123,2,Aluminium,893.9,340.388,3.809,0.1198,0.279
D4313,4.705,76.482,66.543,5.33,1,Stainless Steel,196.1,56.792,0.1504,0.3256,3.786
D4314,7.7,42.064,79.064,7.56,0,Mild Steel,634.0,151.997,0.3263,0.3418,1.645
D4315,5.746,33.956,60.955,8.414,2,Aluminium,152.1,58.46,0.3101,0.0546,1.625
D4316,9.69,71.045,81.115,9.723,0,Mild Steel,108.4,9.926,0.0179,0.7452,25.187
D4317,9.096,70.622,97.396,9.353,2,Aluminium,1230.6,153.798,1.24,0.2872,0.618
D4318,4.583,76.635,66.843,2.327,1,Stainless Steel,1373.6,488.349,1.1526,0.3193,0.44
D4319,4.163,71.766,71.188,3.152,2,Aluminium,396.1,180.234,1.6001,0.0976,0.527
D4320,6.536,46.533,67.775,7.313,0,Mild Steel,1136.9,286.217,0.5448,0.2751,0.873
D4321,8.847,58.216,58.398,8.502,1,Stainless Steel,1327.4,129.177,0.1359,0.4091,1.664
D4322,3.521,51.964,42.845,8.964,1,Stainless Steel,663.2,300.327,0.4766,0.1066,0.716
D4323,9.089,64.988,97.582,7.715,1,Stainless Steel,930.9,131.578,0.3675,0.7839,1.634
D4324,6.269,63.05,68.482,6.428,0,Mild Steel,841.1,174.409,0.3479,0.3612,1.433
D4325,8.56,74.269,73.443,6.258,2,Aluminium,1333.4,144.024,0.6574,0.2143,0.66
D4326,4.436,32.096,95.574,9.191,1,Stainless Steel,293.4,302.385,1.8953,0.1851,0.711
D4327,6.804,39.519,96.835,9.391,2,Aluminium,413.0,155.857,1.7465,0.1195,0.61
D4328,5.437,77.669,83.575,2.246,1,Stainless Steel,260.3,83.945,0.2522,0.48,2.561
D4329,8.698,53.977,46.233,5.789,0,Mild Steel,903.9,83.369,0.0503,0.2897,2.999
D4330,5.774,41.542,40.263,6.415,2,Aluminium,946.5,203.426,0.4478,0.0443,0.467
D4331,6.719,64.345,75.086,6.78,0,Mild Steel,790.7,153.804,0.343,0.4332,1.625
D4332,6.031,32.049,65.458,9.416,0,Mild Steel,720.5,283.41,0.575,0.1688,0.882
D4333,6.618,50.84,79.845,2.162,2,Aluminium,1007.7,331.433,2.0176,0.1233,0.287
D4334,9.553,57.864,96.043,8.304,2,Aluminium,1228.0,172.867,1.2501,0.2437,0.55
D4335,9.395,33.936,53.017,8.657,2,Aluminium,618.2,83.758,0.1898,0.0776,1.134
D4336,6.56,54.692,48.867,3.613,1,Stainless Steel,1200.5,210.314,0.188,0.2385,1.022
D4337,9.011,45.432,42.562,9.16,2,Aluminium,1165.6,101.054,0.1567,0.08,0.94
D4338,7.575,39.612,86.899,9.446,0,Mild Steel,735.2,203.683,0.5603,0.348,1.227
D4339,8.953,48.965,61.59,4.019,2,Aluminium,905.7,124.258,0.3491,0.1239,0.765
D4340,9.456,45.758,72.589,6.152,1,Stainless Steel,1085.5,157.592,0.2224,0.4271,1.364
D4341,6.154,37.792,60.862,4.532,0,Mild Steel,1434.4,487.45,0.7343,0.1889,0.513
D4342,3.777,69.683,85.17,7.294,1,Stainless Steel,434.9,254.622,1.4836,0.3048,0.844
D4343,6.784,49.462,83.229,3.836,1,Stainless Steel,1023.2,314.152,0.7915,0.3798,0.684
D4344,5.697,47.838,42.131,6.349,0,Mild Steel,1490.9,298.936,0.2521,0.1532,0.836
D4345,5.209,62.556,47.881,5.808,1,Stainless Steel,651.3,135.721,0.1675,0.2122,1.584
D4346,3.584,64.142,83.669,4.039,1,Stainless Steel,229.2,171.703,0.9426,0.2616,1.252
D4347,7.992,32.412,63.629,8.187,0,Mild Steel,430.7,99.342,0.1341,0.2199,2.517
D4348,6.559,57.65,71.199,3.138,0,Mild Steel,112.3,27.889,0.0498,0.3593,8.964
D4349,6.73,71.163,85.06,3.002,2,Aluminium,1062.2,245.287,1.7467,0.187,0.387
D4350,3.02,70.815,45.763,9.545,1,Stainless Steel,260.6,125.741,0.2654,0.1331,1.71
D4351,5.531,61.785,58.277,9.885,1,Stainless Steel,541.4,114.96,0.2124,0.2709,1.87
D4352,6.615,51.341,84.766,1.476,1,Stainless Steel,234.7,85.073,0.1994,0.3915,2.527
D4353,3.879,38.961,52.297,9.247,1,Stainless Steel,670.4,407.297,0.8742,0.1075,0.528
D4354,8.804,31.106,61.644,5.439,1,Stainless Steel,1080.4,228.245,0.2471,0.2296,0.942
D4355,7.654,52.017,86.075,1.345,1,Stainless Steel,686.2,190.484,0.3889,0.466,1.129
D4356,6.839,65.34,55.535,6.31,2,Aluminium,626.8,87.173,0.2978,0.1139,1.09
D4357,5.925,33.666,56.566,4.476,2,Aluminium,173.7,66.106,0.2602,0.0518,1.437
D4358,8.922,30.958,70.079,3.06,0,Mild Steel,377.2,97.73,0.1181,0.2583,2.558
D4359,9.781,56.825,47.215,6.499,2,Aluminium,287.2,20.33,0.033,0.1205,4.673
D4360,8.218,43.402,90.067,7.698,2,Aluminium,1387.3,325.321,2.4399,0.1474,0.292
D4361,3.076,52.503,77.971,5.77,0,Mild Steel,1135.9,1221.48,7.046,0.1681,0.205
D4362,4.266,30.299,44.338,8.075,2,Aluminium,241.9,133.137,0.5196,0.0263,0.714
D4363,7.442,50.779,44.227,8.868,1,Stainless Steel,1037.9,119.18,0.0889,0.2273,1.804
D4364,3.977,59.698,96.786,1.284,2,Aluminium,1037.2,976.61,14.5128,0.1055,0.097
D4365,4.288,69.854,46.622,4.756,1,Stainless Steel,738.1,198.141,0.2815,0.1899,1.085
D4366,9.396,78.069,98.824,4.016,2,Aluminium,893.7,112.911,0.772,0.3327,0.841
D4367,7.92,69.231,48.764,2.533,0,Mild Steel,663.0,68.493,0.0447,0.3568,3.65
D4368,8.073,40.944,63.522,5.413,0,Mild Steel,826.6,160.101,0.1967,0.2802,1.562
D4369,4.552,49.77,83.217,2.48,2,Aluminium,917.7,626.192,6.5326,0.0865,0.152
D4370,7.398,58.58,93.458,3.842,1,Stainless Steel,424.2,105.443,0.3026,0.5508,2.039
D4371,5.076,58.673,54.842,7.195,1,Stainless Steel,1166.7,300.522,0.5197,0.2221,0.715
D4372,9.11,59.491,69.398,7.11,0,Mild Steel,852.7,94.714,0.1267,0.5019,2.64
D4373,7.604,64.281,65.196,8.725,0,Mild Steel,1266.3,163.295,0.2483,0.4253,1.531
D4374,6.162,38.882,86.599,8.644,2,Aluminium,388.5,162.073,1.6076,0.0952,0.586
D4375,8.701,57.261,74.016,5.727,0,Mild Steel,719.3,100.272,0.1546,0.4921,2.493
D4376,7.232,37.353,90.614,9.574,1,Stainless Steel,363.0,120.819,0.3961,0.3329,1.78
D4377,4.941,48.467,72.331,3.321,0,Mild Steel,253.1,125.822,0.3277,0.2311,1.987
D4378,8.37,47.681,78.621,6.271,0,Mild Steel,1236.3,231.756,0.4297,0.4187,1.079
D4379,4.174,38.812,67.186,7.046,0,Mild Steel,595.6,410.265,1.2796,0.1453,0.609
D4380,7.959,57.558,91.913,7.241,2,Aluminium,633.2,122.471,0.9821,0.1933,0.776
D4381,3.028,71.148,48.643,7.894,2,Aluminium,340.7,173.025,1.1512,0.0481,0.549
D4382,3.579,45.778,51.418,3.382,0,Mild Steel,201.1,134.316,0.2605,0.1124,1.861
D4383,9.387,71.124,94.079,8.24,1,Stainless Steel,504.8,58.545,0.1481,0.8542,3.672
D4384,7.752,64.785,80.554,9.638,1,Stainless Steel,1092.1,163.851,0.3921,0.5502,1.312
D4385,5.385,58.557,80.61,8.377,1,Stainless Steel,701.6,233.358,0.8328,0.3457,0.921
D4386,9.695,53.546,96.973,2.498,2,Aluminium,641.9,116.922,0.6955,0.2311,0.813
D4387,8.535,62.365,95.107,2.411,0,Mild Steel,630.8,123.469,0.2799,0.6756,2.025
D4388,5.27,55.48,87.614,3.032,0,Mild Steel,391.6,186.44,0.6488,0.3418,1.341
D4389,3.608,63.425,66.587,6.239,1,Stainless Steel,949.5,529.376,1.95,0.2072,0.406
D4390,7.899,49.32,99.778,7.998,1,Stainless Steel,1154.3,281.44,0.9777,0.5286,0.764
D4391,6.86,55.577,59.069,1.936,0,Mild Steel,1471.1,310.716,0.338,0.3005,0.805
D4392,3.575,32.884,81.729,6.034,2,Aluminium,244.8,330.202,5.1586,0.0441,0.288
D4393,4.527,76.621,67.957,3.867,0,Mild Steel,239.8,80.609,0.2118,0.3146,3.101
D4394,5.479,70.774,56.377,4.277,0,Mild Steel,1009.4,211.654,0.3107,0.2917,1.181
D4395,5.986,46.309,97.476,5.546,1,Stainless Steel,881.0,395.755,1.7028,0.3675,0.543
D4396,5.491,70.188,68.943,6.04,1,Stainless Steel,818.4,197.479,0.4783,0.3614,1.089
D4397,3.34,64.106,61.756,5.272,0,Mild Steel,115.7,69.868,0.2282,0.1764,3.578
D4398,5.201,58.92,93.926,1.874,0,Mild Steel,427.0,227.691,0.8539,0.3841,1.098
D4399,9.507,48.099,77.72,7.937,0,Mild Steel,1034.4,144.245,0.235,0.4743,1.733
D4400,6.576,38.667,85.822,1.899,1,Stainless Steel,196.8,94.146,0.2344,0.2968,2.284
D4401,4.541,68.977,56.94,1.884,1,Stainless Steel,369.2,130.872,0.2187,0.2425,1.643
D4402,9.84,72.913,54.725,7.596,0,Mild Steel,961.0,59.0,0.0454,0.5239,4.237
D4403,7.688,74.035,90.584,1.259,1,Stainless Steel,538.4,110.18,0.2466,0.7012,1.951
D4404,3.184,55.369,79.609,2.399,2,Aluminium,527.7,595.449,8.6352,0.0644,0.16
D4405,6.921,54.059,94.529,4.145,0,Mild Steel,556.2,168.729,0.5242,0.472,1.482
D4406,3.896,43.526,58.236,6.67,2,Aluminium,910.7,555.753,4.0519,0.0453,0.171
D4407,6.054,45.836,63.45,1.455,0,Mild Steel,447.4,161.021,0.2248,0.235,1.553
D4408,7.594,47.404,54.365,3.634,0,Mild Steel,1442.3,248.068,0.2233,0.2612,1.008
D4409,9.567,56.007,81.576,4.569,0,Mild Steel,724.7,99.783,0.1605,0.5833,2.505
D4410,3.726,75.517,59.977,4.73,0,Mild Steel,840.1,347.162,0.9276,0.2252,0.72
D4411,4.291,56.677,70.547,1.156,0,Mild Steel,385.1,244.776,0.6038,0.229,1.021
D4412,7.116,66.08,87.138,6.343,1,Stainless Steel,803.1,161.115,0.4626,0.5572,1.334
D4413,9.314,41.017,84.731,6.367,1,Stainless Steel,1311.4,253.156,0.4989,0.4402,0.849
D4414,9.248,37.921,80.897,5.122,2,Aluminium,606.2,127.476,0.6204,0.1302,0.745
D4415,4.229,76.389,87.188,5.437,1,Stainless Steel,900.6,414.49,2.1418,0.383,0.519
D4416,6.784,72.732,89.793,5.037,1,Stainless Steel,1353.1,289.638,0.8942,0.6025,0.742
D4417,8.221,64.429,55.602,1.937,1,Stainless Steel,1322.6,161.281,0.1316,0.4005,1.333
D4418,8.507,41.537,76.695,8.972,0,Mild Steel,909.3,173.144,0.3208,0.3617,1.444
D4419,6.457,53.101,96.258,1.325,2,Aluminium,401.3,169.035,1.4515,0.1515,0.562
D4420,7.786,66.277,66.4,4.735,0,Mild Steel,1151.9,157.765,0.2156,0.4573,1.585
D4421,3.741,69.459,60.893,1.451,2,Aluminium,1477.6,828.23,5.3189,0.0726,0.115
D4422,3.15,31.475,63.183,7.846,2,Aluminium,903.9,1245.178,13.435,0.0288,0.076
D4423,3.758,70.363,73.096,2.655,2,Aluminium,691.7,409.85,4.1934,0.0887,0.232
D4424,9.294,37.545,96.101,5.823,1,Stainless Steel,934.0,228.072,0.57,0.4561,0.943
D4425,6.893,41.591,56.598,6.083,0,Mild Steel,716.7,158.439,0.1908,0.2165,1.578
D4426,4.712,79.139,46.092,9.265,2,Aluminium,962.2,172.139,0.6597,0.0789,0.552
D4427,4.848,36.166,86.939,4.202,0,Mild Steel,918.9,727.873,2.9305,0.2034,0.343
D4428,7.59,68.04,51.05,6.629,1,Stainless Steel,993.7,100.07,0.0921,0.3586,2.149
D4429,5.073,38.171,90.977,6.769,2,Aluminium,1323.9,878.927,11.5989,0.0809,0.108
D4430,3.691,64.082,40.804,2.956,2,Aluminium,804.3,295.562,0.9828,0.0443,0.321
D4431,5.471,77.842,84.084,9.901,2,Aluminium,594.9,147.669,1.6083,0.1644,0.643
D4432,5.711,69.15,81.637,8.376,0,Mild Steel,1133.6,289.86,0.9574,0.4303,0.862
D4433,3.815,78.014,55.838,6.687,2,Aluminium,316.6,107.513,0.738,0.0763,0.884
D4434,8.436,31.034,80.801,4.159,0,Mild Steel,488.3,153.719,0.2765,0.2823,1.626
D4435,5.128,54.284,42.497,9.278,1,Stainless Steel,679.0,139.045,0.1475,0.1609,1.546
D4436,3.136,37.972,76.814,1.919,2,Aluminium,685.6,1167.458,15.3866,0.042,0.081
D4437,6.018,33.944,97.687,7.278,1,Stainless Steel,1340.1,775.639,3.499,0.2714,0.277
D4438,7.753,44.887,91.115,7.786,2,Aluminium,802.1,203.988,1.6814,0.1455,0.466
D4439,6.89,44.098,44.308,3.642,1,Stainless Steel,347.5,62.53,0.0434,0.1831,3.438
D4440,5.505,64.094,70.994,7.21,0,Mild Steel,1111.1,291.986,0.7438,0.3343,0.856
D4441,6.773,57.061,62.054,2.767,0,Mild Steel,666.1,140.154,0.1795,0.3201,1.784
D4442,5.183,62.806,88.196,8.871,1,Stainless Steel,286.5,103.691,0.4659,0.3904,2.073
D4443,7.904,38.382,82.682,4.935,2,Aluminium,281.1,79.939,0.4861,0.1151,1.188
D4444,8.647,73.612,90.059,6.61,1,Stainless Steel,724.6,94.075,0.2305,0.7796,2.285
D4445,7.613,34.534,44.247,9.887,2,Aluminium,1206.8,192.069,0.3978,0.0534,0.495
D4446,8.485,75.578,95.215,2.361,1,Stainless Steel,1481.0,242.757,0.5739,0.8304,0.886
D4447,4.211,44.976,54.39,1.051,0,Mild Steel,549.5,355.527,0.5264,0.1375,0.703
D4448,8.849,39.723,81.158,5.992,0,Mild Steel,113.1,23.971,0.0439,0.3807,10.429
D4449,7.775,69.214,69.434,5.471,1,Stainless Steel,883.8,118.242,0.1885,0.5082,1.818
D4450,8.698,77.609,77.928,7.741,2,Aluminium,471.1,48.18,0.2531,0.2414,1.972
D4451,8.069,70.332,74.912,3.2,2,Aluminium,718.1,104.755,0.4737,0.1951,0.907
D4452,6.71,73.344,61.225,5.322,0,Mild Steel,1030.7,150.54,0.2135,0.4021,1.661
D4453,7.929,60.32,61.663,7.554,1,Stainless Steel,770.4,95.288,0.1245,0.4011,2.256
D4454,4.893,56.303,51.577,8.084,2,Aluminium,444.8,118.339,0.5365,0.0652,0.803
D4455,8.003,35.048,78.613,5.737,1,Stainless Steel,447.1,125.779,0.2506,0.2999,1.709
D4456,6.759,34.847,51.798,2.375,0,Mild Steel,1014.5,299.692,0.2621,0.1628,0.834
D4457,7.521,36.341,65.29,8.067,1,Stainless Steel,1032.9,244.085,0.3854,0.2427,0.881
D4458,4.534,77.482,41.055,6.513,0,Mild Steel,1150.0,210.09,0.2204,0.1925,1.19
D4459,7.355,76.553,76.526,6.191,0,Mild Steel,548.2,78.893,0.1613,0.575,3.169
D4460,4.196,67.272,78.197,3.057,1,Stainless Steel,789.8,417.535,1.5746,0.3002,0.515
D4461,8.768,31.229,96.219,7.656,0,Mild Steel,911.8,282.585,0.7716,0.3516,0.885
D4462,5.795,76.969,92.02,3.405,1,Stainless Steel,352.7,104.694,0.3802,0.5582,2.054
D4463,5.242,57.811,42.308,4.919,1,Stainless Steel,1167.0,237.085,0.22,0.1744,0.907
D4464,8.658,72.342,64.22,4.515,1,Stainless Steel,1343.9,135.597,0.1571,0.5471,1.586
D4465,8.21,79.897,42.319,6.877,1,Stainless Steel,946.8,58.005,0.0336,0.3775,3.707
D4466,3.822,34.041,84.581,3.63,0,Mild Steel,685.4,887.249,4.3647,0.1468,0.282
D4467,6.762,57.007,59.205,8.462,2,Aluminium,101.2,16.655,0.0691,0.1048,5.704
D4468,9.691,56.756,61.176,2.436,2,Aluminium,1118.2,121.666,0.2873,0.1545,0.781
D4469,3.843,35.391,77.739,7.57,2,Aluminium,1408.4,1428.592,19.1015,0.0485,0.066
D4470,9.645,63.613,74.285,1.765,2,Aluminium,323.0,39.701,0.1345,0.2092,2.393
D4471,9.71,78.365,81.564,9.269,1,Stainless Steel,1238.8,103.976,0.1942,0.8441,2.068
D4472,9.311,72.753,64.932,8.769,2,Aluminium,274.3,21.523,0.0741,0.2019,4.414
D4473,3.365,45.991,52.873,5.893,1,Stainless Steel,903.4,633.332,1.5797,0.1113,0.339
D4474,7.754,79.146,87.027,9.292,0,Mild Steel,1237.1,165.071,0.442,0.7127,1.514
D4475,5.412,53.819,74.11,8.374,2,Aluminium,1126.1,371.256,3.1147,0.0991,0.256
D4476,3.986,59.596,74.058,7.794,0,Mild Steel,1189.0,634.545,2.559,0.2348,0.394
D4477,7.667,46.597,82.522,9.468,2,Aluminium,433.5,94.8,0.6725,0.1353,1.002
D4478,8.799,65.525,90.188,2.8,1,Stainless Steel,303.3,49.646,0.1033,0.7072,4.331
D4479,7.221,72.561,81.021,5.599,2,Aluminium,1435.4,243.241,1.6201,0.1948,0.391
D4480,5.994,69.253,52.782,4.1,1,Stainless Steel,480.2,82.551,0.0981,0.298,2.604
D4481,5.127,74.585,72.752,4.001,1,Stainless Steel,1302.5,381.908,1.0339,0.3784,0.563
D4482,3.591,35.292,58.784,5.563,0,Mild Steel,1356.2,1228.135,3.371,0.0994,0.204
D4483,9.347,78.682,98.514,6.735,2,Aluminium,1169.5,134.507,1.0089,0.3326,0.706
D4484,6.751,32.751,78.662,2.129,0,Mild Steel,598.7,290.793,0.5783,0.2321,0.86
D4485,5.915,58.746,70.586,4.779,1,Stainless Steel,614.7,165.698,0.3685,0.3336,1.298
D4486,5.988,63.222,71.333,5.594,1,Stainless Steel,1174.4,282.143,0.6509,0.3673,0.762
D4487,6.914,34.361,40.685,4.084,1,Stainless Steel,1288.8,265.968,0.1584,0.1315,0.808
D4488,5.536,49.017,88.79,6.702,0,Mild Steel,349.9,150.615,0.5889,0.3216,1.66
D4489,9.269,67.801,58.712,8.614,1,Stainless Steel,967.9,74.548,0.0752,0.5018,2.884
D4490,8.245,55.717,89.394,7.842,1,Stainless Steel,400.8,71.965,0.19,0.5585,2.988
D4491,9.122,51.326,99.34,8.469,0,Mild Steel,509.6,90.6,0.2565,0.6207,2.759
D4492,8.873,66.599,81.793,2.514,0,Mild Steel,264.4,38.54,0.0622,0.645,6.487
D4493,4.608,48.984,97.186,3.886,2,Aluminium,465.1,338.373,5.1647,0.1007,0.281
D4494,4.869,57.692,61.48,7.12,0,Mild Steel,377.9,120.053,0.2637,0.2305,2.082
D4495,9.851,56.247,94.559,5.212,0,Mild Steel,1151.5,169.53,0.3621,0.6992,1.475
D4496,3.846,44.524,42.118,9.004,1,Stainless Steel,198.7,86.514,0.1214,0.0981,2.485
D4497,5.005,49.076,49.52,7.48,0,Mild Steel,627.9,178.226,0.2479,0.1623,1.403
D4498,3.357,72.249,66.921,6.559,1,Stainless Steel,228.6,128.233,0.5196,0.2207,1.677
D4499,7.219,70.45,65.863,3.449,0,Mild Steel,1234.3,191.577,0.2661,0.447,1.305
D4500,7.451,71.096,92.048,2.667,1,Stainless Steel,1204.8,254.414,0.6622,0.6631,0.845
D4501,4.924,44.358,73.275,1.897,2,Aluminium,670.0,408.798,2.885,0.0735,0.232
D4502,9.59,74.325,45.366,5.306,1,Stainless Steel,822.7,46.038,0.0243,0.4398,4.67
D4503,9.802,58.46,76.535,6.751,2,Aluminium,376.2,41.497,0.1776,0.2013,2.289
D4504,7.995,55.604,76.006,3.32,2,Aluminium,147.8,27.977,0.1324,0.1551,3.396
D4505,3.837,60.1,75.236,6.83,0,Mild Steel,1484.9,870.076,3.7255,0.2315,0.287
D4506,4.896,77.103,92.913,9.098,1,Stainless Steel,212.2,73.169,0.3898,0.477,2.938
D4507,5.053,34.792,62.587,3.113,0,Mild Steel,1372.1,799.221,1.499,0.1468,0.313
D4508,9.976,62.943,89.041,8.888,1,Stainless Steel,303.6,33.244,0.0711,0.7604,6.467
D4509,4.348,64.362,77.949,2.035,0,Mild Steel,1496.0,832.081,2.6788,0.2911,0.3
D4510,8.973,67.987,48.027,5.99,2,Aluminium,1014.3,72.472,0.1326,0.1345,1.311
D4511,6.797,72.714,96.202,7.014,0,Mild Steel,1465.6,314.476,1.1428,0.6345,0.795
D4512,5.168,43.164,46.733,1.829,1,Stainless Steel,938.9,345.183,0.3333,0.1418,0.623
D4513,3.985,54.635,85.763,2.564,0,Mild Steel,104.9,85.019,0.3828,0.2492,2.941
D4514,7.162,73.996,96.001,2.856,2,Aluminium,232.6,52.417,0.4389,0.2335,1.812
D4515,6.778,30.136,48.338,1.786,2,Aluminium,394.3,129.819,0.2752,0.0453,0.732
D4516,5.785,61.106,87.582,2.67,2,Aluminium,823.0,306.698,2.7092,0.1421,0.31
D4517,9.679,43.241,59.837,5.16,1,Stainless Steel,858.2,107.592,0.0972,0.3406,1.998
D4518,9.425,62.772,59.865,5.085,0,Mild Steel,1414.5,128.613,0.1155,0.4727,1.944
D4519,6.094,73.105,56.968,9.389,2,Aluminium,684.0,100.705,0.4431,0.1165,0.943
D4520,7.123,62.93,56.237,8.86,1,Stainless Steel,396.3,50.615,0.0642,0.3428,4.248
D4521,6.454,54.534,44.411,5.301,2,Aluminium,1406.4,215.16,0.4871,0.0717,0.442
D4522,7.952,44.998,43.061,4.48,2,Aluminium,739.2,94.0,0.1512,0.0707,1.011
D4523,4.636,74.789,43.499,2.788,1,Stainless Steel,1327.9,298.44,0.304,0.2051,0.72
D4524,7.804,62.465,50.627,2.969,2,Aluminium,1338.8,159.888,0.3392,0.1133,0.594
D4525,7.133,64.85,83.438,6.306,2,Aluminium,1200.9,234.267,1.718,0.1772,0.406
D4526,3.067,60.926,98.758,2.283,1,Stainless Steel,1365.5,1876.508,15.5061,0.251,0.115
D4527,5.764,61.972,56.089,8.189,0,Mild Steel,588.2,113.729,0.1749,0.2674,2.198
D4528,7.432,79.307,77.051,4.43,0,Mild Steel,1293.4,189.228,0.3635,0.6061,1.321
D4529,7.2,54.756,51.287,7.35,1,Stainless Steel,1069.5,145.078,0.1463,0.275,1.482
D4530,5.905,41.672,63.685,3.718,1,Stainless Steel,593.3,214.101,0.3702,0.2131,1.004
D4531,3.079,76.187,94.184,5.9,0,Mild Steel,851.6,759.371,6.4004,0.2948,0.329
D4532,9.594,73.119,55.476,3.872,0,Mild Steel,287.9,21.104,0.0152,0.5194,11.846
D4533,3.95,47.065,72.258,9.234,2,Aluminium,1388.5,930.546,10.4732,0.0617,0.102
D4534,8.968,70.025,59.634,7.942,2,Aluminium,1433.5,117.061,0.3489,0.1719,0.812
D4535,6.46,35.336,44.87,6.901,0,Mild Steel,1399.1,316.966,0.2653,0.1367,0.789
D4536,3.571,57.706,77.015,6.491,1,Stainless Steel,680.2,489.503,2.4512,0.2158,0.439
D4537,3.947,53.836,84.646,7.507,0,Mild Steel,197.3,136.253,0.723,0.24,1.835
D4538,7.204,49.335,77.777,2.947,2,Aluminium,161.1,43.425,0.2382,0.1269,2.188
D4539,7.948,74.293,44.708,5.34,2,Aluminium,666.5,51.64,0.0926,0.1212,1.84
D4540,3.93,35.725,70.107,8.918,2,Aluminium,1049.2,907.615,9.6633,0.0452,0.105
D4541,4.755,57.996,75.614,4.709,1,Stainless Steel,765.1,333.103,1.0993,0.2836,0.645
D4542,5.874,77.834,71.209,8.382,1,Stainless Steel,1482.8,278.892,0.7033,0.4428,0.771
D4543,9.266,41.88,51.699,2.976,2,Aluminium,1002.8,132.579,0.2411,0.0921,0.717
D4544,3.628,44.003,89.578,2.681,1,Stainless Steel,414.6,512.145,2.9398,0.1945,0.42
D4545,6.47,76.583,68.114,6.977,1,Stainless Steel,1107.5,174.9,0.3497,0.459,1.229
D4546,9.274,58.108,58.589,5.712,2,Aluminium,128.6,12.467,0.0324,0.1449,7.62
D4547,6.538,38.081,68.534,1.23,1,Stainless Steel,1281.9,527.209,0.8037,0.232,0.408
D4548,3.548,47.197,76.72,8.441,2,Aluminium,1490.7,1310.695,18.5122,0.059,0.072
D4549,6.191,50.035,95.117,7.849,1,Stainless Steel,1209.1,433.362,1.816,0.4007,0.496
D4550,7.145,62.606,93.777,3.582,2,Aluminium,801.6,201.82,1.6785,0.1925,0.471
D4551,9.793,36.713,48.3,3.78,0,Mild Steel,1358.8,166.903,0.0888,0.2317,1.498
D4552,9.498,79.636,66.881,1.973,0,Mild Steel,904.9,81.508,0.0793,0.6751,3.067
D4553,8.052,63.571,66.51,2.774,0,Mild Steel,803.5,118.076,0.1425,0.4543,2.117
D4554,9.111,77.032,99.484,5.013,1,Stainless Steel,998.3,131.077,0.3496,0.9496,1.64
D4555,8.891,49.809,82.861,1.551,2,Aluminium,507.8,105.089,0.4785,0.1684,0.904
D4556,5.837,70.053,65.049,8.162,0,Mild Steel,244.6,47.425,0.0966,0.355,5.271
D4557,4.67,50.8,74.524,6.996,0,Mild Steel,636.7,301.677,1.0187,0.2359,0.829
D4558,6.608,44.736,89.459,4.991,2,Aluminium,1280.9,466.456,4.1178,0.1214,0.204
D4559,7.369,37.221,86.667,9.409,2,Aluminium,452.2,139.973,1.1458,0.1091,0.679
D4560,7.01,46.87,67.339,2.386,1,Stainless Steel,283.8,75.702,0.1113,0.3009,2.84
D4561,6.911,44.873,48.564,8.112,1,Stainless Steel,444.6,73.763,0.0712,0.2048,2.915
D4562,6.368,35.011,83.621,9.42,1,Stainless Steel,134.3,55.823,0.18,0.2535,3.851
D4563,7.13,76.983,63.8,6.003,0,Mild Steel,918.2,116.568,0.1709,0.4673,2.145
D4564,3.961,76.678,63.166,1.373,0,Mild Steel,1229.7,587.32,1.3007,0.256,0.426
D4565,8.905,73.603,92.555,6.231,2,Aluminium,363.7,46.542,0.3216,0.2784,2.041
D4566,9.729,55.244,70.467,4.34,1,Stainless Steel,373.3,44.021,0.0532,0.5151,4.884
D4567,4.528,34.483,95.847,5.524,2,Aluminium,896.9,884.536,14.3041,0.0687,0.107
D4568,4.757,59.231,60.554,4.55,2,Aluminium,917.5,315.079,1.8526,0.0783,0.302
D4569,6.116,73.511,51.5,2.765,0,Mild Steel,545.0,89.131,0.0885,0.309,2.805
D4570,3.087,36.273,69.752,1.594,0,Mild Steel,345.7,595.323,2.1983,0.1042,0.42
D4571,8.034,72.585,77.339,7.47,2,Aluminium,1004.6,126.715,0.7157,0.207,0.75
D4572,3.662,70.699,83.826,3.686,0,Mild Steel,443.7,295.402,1.5061,0.2896,0.846
D4573,5.093,70.201,74.934,7.17,1,Stainless Steel,408.2,119.396,0.3838,0.3644,1.801
D4574,6.928,41.063,71.288,3.432,2,Aluminium,749.9,233.231,1.1536,0.0931,0.407
D4575,3.273,55.294,67.157,3.493,2,Aluminium,469.5,396.398,4.2519,0.0558,0.24
D4576,7.476,56.489,47.354,1.59,2,Aluminium,764.6,110.695,0.1994,0.0918,0.858
D4577,7.556,48.57,79.2,3.782,0,Mild Steel,1204.0,295.095,0.5709,0.3879,0.847
D4578,7.773,57.628,92.271,9.811,0,Mild Steel,1195.3,229.073,0.6938,0.5516,1.091
D4579,5.691,59.929,55.87,7.299,0,Mild Steel,229.8,47.708,0.0725,0.2543,5.24
D4580,8.084,40.317,79.923,2.654,0,Mild Steel,1299.1,361.206,0.6227,0.3476,0.692
D4581,6.69,47.228,69.086,9.455,0,Mild Steel,593.0,137.673,0.2765,0.2913,1.816
D4582,7.861,66.684,70.427,9.279,2,Aluminium,156.2,19.522,0.0976,0.1695,4.866
D4583,3.185,30.386,90.818,9.946,0,Mild Steel,429.9,862.233,6.5575,0.1173,0.29
D4584,6.291,48.661,61.034,1.372,2,Aluminium,1245.7,380.065,1.355,0.0858,0.25
D4585,7.277,30.658,42.283,5.83,1,Stainless Steel,1389.0,284.432,0.1842,0.1283,0.756
D4586,3.683,32.299,83.335,3.454,1,Stainless Steel,1426.5,2070.208,10.6066,0.1348,0.104
D4587,8.557,33.802,77.84,2.65,0,Mild Steel,871.8,253.359,0.3883,0.3004,0.987
D4588,6.35,60.307,44.559,1.092,0,Mild Steel,1366.4,246.52,0.1566,0.2277,1.014
D4589,4.394,42.36,54.95,6.484,1,Stainless Steel,758.9,359.895,0.726,0.1391,0.597
D4590,6.184,62.766,54.825,8.134,0,Mild Steel,489.8,80.362,0.1087,0.284,3.111
D4591,6.369,43.222,55.626,8.483,2,Aluminium,1048.5,238.525,0.937,0.0703,0.398
D4592,6.348,70.033,64.898,9.659,0,Mild Steel,336.1,54.318,0.1025,0.385,4.602
D4593,9.116,74.819,46.487,5.383,0,Mild Steel,747.5,46.571,0.0265,0.4231,5.368
D4594,6.065,77.865,95.746,6.036,2,Aluminium,192.3,48.484,0.5631,0.2076,1.959
D4595,5.615,40.236,84.548,3.219,1,Stainless Steel,996.3,556.244,1.7519,0.2598,0.387
D4596,4.192,73.148,80.855,8.815,0,Mild Steel,1279.4,547.977,2.5102,0.3309,0.456
D4597,5.041,78.483,95.431,4.554,2,Aluminium,1491.1,548.118,7.4707,0.1733,0.173
D4598,5.601,58.399,55.178,1.572,0,Mild Steel,1205.1,339.566,0.3945,0.2409,0.736
D4599,4.38,40.187,45.198,3.142,2,Aluminium,792.5,373.222,1.2565,0.0365,0.255
D4600,9.599,60.81,41.538,2.565,2,Aluminium,845.7,59.015,0.0653,0.1113,1.61
D4601,6.342,70.61,63.841,6.373,2,Aluminium,510.7,86.456,0.4277,0.1312,1.099
D4602,3.283,69.602,95.196,8.102,2,Aluminium,668.4,577.601,13.5746,0.0998,0.164
D4603,9.335,40.5,46.146,2.152,0,Mild Steel,1242.4,155.498,0.0741,0.2328,1.608
D4604,9.021,56.498,74.397,1.173,2,Aluminium,359.8,58.54,0.2071,0.174,1.623
D4605,9.16,55.395,46.16,3.936,0,Mild Steel,1392.1,121.712,0.0643,0.3126,2.054
D4606,7.639,55.618,89.779,1.1,1,Stainless Steel,485.5,134.078,0.2937,0.5188,1.604
D4607,6.979,50.902,63.554,5.156,0,Mild Steel,1382.0,282.949,0.4101,0.3013,0.884
D4608,3.918,54.2,63.944,1.416,1,Stainless Steel,888.1,617.114,1.476,0.1847,0.348
D4609,9.483,68.645,82.201,6.382,2,Aluminium,419.6,45.423,0.2308,0.2456,2.091
D4610,8.558,53.178,73.151,3.54,1,Stainless Steel,506.7,84.307,0.1233,0.4528,2.55
D4611,3.94,77.0,53.479,5.025,0,Mild Steel,563.3,181.932,0.3658,0.2165,1.374
D4612,9.887,44.785,60.455,8.423,0,Mild Steel,1245.2,133.609,0.1271,0.3572,1.871
D4613,3.621,34.084,68.538,6.854,2,Aluminium,741.1,778.072,8.5476,0.0388,0.122
D4614,6.599,72.315,97.657,5.986,1,Stainless Steel,1266.9,301.655,1.177,0.6337,0.713
D4615,7.945,38.761,87.312,9.695,1,Stainless Steel,709.8,184.229,0.5037,0.3657,1.167
D4616,3.167,55.622,57.065,5.654,1,Stainless Steel,1253.5,883.473,2.7334,0.1367,0.243
D4617,9.406,40.016,72.984,4.301,0,Mild Steel,1379.0,247.78,0.322,0.3666,1.009
D4618,6.299,51.791,53.695,6.539,1,Stainless Steel,1439.2,281.46,0.3567,0.2382,0.764
D4619,6.166,62.706,90.111,2.13,1,Stainless Steel,1359.4,467.7,1.4025,0.4738,0.46
D4620,4.092,38.492,90.373,1.33,2,Aluminium,1387.9,1786.18,22.5133,0.0653,0.053
D4621,9.602,58.244,97.915,7.288,1,Stainless Steel,550.8,79.787,0.2078,0.7447,2.695
D4622,3.873,60.41,67.131,9.559,2,Aluminium,635.9,320.796,3.178,0.0721,0.296
D4623,3.305,41.186,53.192,8.565,2,Aluminium,558.3,449.563,3.2769,0.0332,0.211
D4624,5.635,62.061,71.703,2.394,0,Mild Steel,809.8,259.89,0.5377,0.3346,0.962
D4625,7.607,43.726,95.895,6.712,1,Stainless Steel,641.6,187.65,0.6091,0.4338,1.146
D4626,9.211,63.017,63.791,7.13,1,Stainless Steel,689.3,65.092,0.0753,0.5036,3.303
D4627,6.804,33.652,52.328,6.21,0,Mild Steel,586.8,151.129,0.1586,0.1599,1.654
D4628,7.859,68.683,81.171,2.148,0,Mild Steel,1312.6,235.784,0.4212,0.5847,1.06
D4629,6.652,49.514,43.523,3.228,2,Aluminium,959.1,164.409,0.3146,0.0658,0.578
D4630,7.338,67.696,97.843,4.221,1,Stainless Steel,500.6,112.477,0.3632,0.6611,1.912
D4631,8.482,41.831,44.147,7.005,0,Mild Steel,152.4,17.478,0.0103,0.209,14.304
D4632,6.997,55.06,41.506,4.299,0,Mild Steel,1100.4,140.131,0.0834,0.2134,1.784
D4633,5.717,37.826,84.839,7.716,0,Mild Steel,612.9,300.9,1.059,0.2448,0.831
D4634,5.347,61.516,51.464,2.904,0,Mild Steel,1156.8,286.305,0.3352,0.2259,0.873
D4635,9.12,59.294,51.079,7.873,0,Mild Steel,771.3,61.907,0.0457,0.3686,4.038
D4636,3.867,65.25,69.9,6.001,2,Aluminium,224.1,112.543,1.1761,0.0809,0.844
D4637,3.344,45.068,86.784,6.584,2,Aluminium,216.6,254.373,4.8712,0.06,0.373
D4638,4.625,49.569,46.303,3.195,1,Stainless Steel,126.1,44.532,0.0529,0.1444,4.828
D4639,7.85,71.807,66.745,5.337,1,Stainless Steel,749.2,91.698,0.1329,0.5117,2.345
D4640,7.526,69.567,89.413,3.115,2,Aluminium,1314.3,264.153,1.8365,0.2149,0.36
D4641,8.388,48.203,95.306,5.796,2,Aluminium,719.4,163.545,1.2691,0.1769,0.581
D4642,3.65,67.115,65.994,6.454,0,Mild Steel,942.3,479.557,1.6594,0.2158,0.521
D4643,4.5,48.594,68.182,2.292,2,Aluminium,911.0,540.071,3.7798,0.0684,0.176
D4644,3.073,63.147,41.729,3.336,0,Mild Steel,734.1,381.381,0.5822,0.1081,0.656
D4645,7.617,79.05,85.562,4.143,0,Mild Steel,1221.7,192.75,0.4381,0.6875,1.297
D4646,5.703,74.007,44.928,3.092,1,Stainless Steel,419.2,66.206,0.0574,0.2579,3.247
D4647,8.094,50.333,89.621,5.917,2,Aluminium,1492.2,324.545,2.3327,0.1676,0.293
D4648,6.606,32.172,57.547,6.76,0,Mild Steel,603.5,185.645,0.248,0.1632,1.347
D4649,3.504,48.996,63.763,2.415,0,Mild Steel,863.8,740.961,2.1245,0.1461,0.337
D4650,6.04,68.602,96.558,6.659,0,Mild Steel,882.4,252.078,1.0512,0.5339,0.992
D4651,6.22,42.2,79.348,1.321,1,Stainless Steel,1297.0,608.609,1.3226,0.2832,0.353
D4652,9.862,46.256,60.306,7.151,2,Aluminium,295.6,31.764,0.0847,0.1263,2.991
D4653,5.155,76.973,81.587,3.719,0,Mild Steel,756.5,242.115,0.7793,0.432,1.033
D4654,9.808,69.835,62.83,4.576,0,Mild Steel,443.0,35.988,0.0334,0.5743,6.947
D4655,6.996,68.841,80.142,1.544,0,Mild Steel,1408.6,322.217,0.6153,0.5151,0.776
D4656,6.151,76.411,89.827,8.566,0,Mild Steel,207.7,45.955,0.1693,0.5634,5.44
D4657,5.509,35.266,69.5,2.428,0,Mild Steel,1076.9,613.075,1.226,0.1802,0.408
D4658,5.131,48.16,54.59,3.971,1,Stainless Steel,304.4,103.748,0.1578,0.1834,2.072
D4659,9.034,68.493,58.878,8.516,1,Stainless Steel,806.1,64.719,0.0675,0.4954,3.322
D4660,3.906,41.866,88.693,9.229,1,Stainless Steel,927.1,876.52,5.3729,0.1973,0.245
D4661,8.783,73.04,99.301,1.426,2,Aluminium,1232.8,214.933,1.4142,0.2924,0.442
D4662,3.884,76.665,94.749,3.497,1,Stainless Steel,1180.9,743.943,4.6357,0.3837,0.289
D4663,5.84,50.263,63.434,9.518,0,Mild Steel,340.0,87.608,0.1733,0.2485,2.854
D4664,5.402,43.587,91.017,2.645,1,Stainless Steel,1363.0,840.329,3.1004,0.2914,0.256
D4665,4.844,63.397,79.276,6.739,0,Mild Steel,881.4,334.413,1.2184,0.3249,0.748
D4666,8.461,47.95,50.367,4.432,2,Aluminium,1176.1,146.928,0.2999,0.0938,0.647
D4667,8.402,49.341,83.984,6.059,0,Mild Steel,1366.1,264.27,0.5529,0.4646,0.946
D4668,6.362,68.172,92.463,7.533,0,Mild Steel,1029.1,252.102,0.9267,0.5352,0.992
D4669,3.73,75.849,62.407,1.477,2,Aluminium,1446.0,762.695,5.1767,0.081,0.125
D4670,6.195,55.199,92.512,8.32,1,Stainless Steel,1207.1,377.436,1.5093,0.4302,0.57
D4671,8.127,30.799,74.198,1.457,0,Mild Steel,499.3,178.653,0.2467,0.2478,1.399
D4672,6.692,34.444,65.901,2.522,2,Aluminium,543.1,208.544,0.8731,0.0697,0.456
D4673,9.791,64.57,91.375,9.844,0,Mild Steel,511.7,56.873,0.1288,0.7709,4.396
D4674,6.59,45.81,91.823,8.152,2,Aluminium,1480.9,496.044,5.07,0.1272,0.192
D4675,3.74,60.575,42.227,3.033,2,Aluminium,107.4,41.981,0.1479,0.0439,2.263
D4676,6.912,67.581,57.9,5.057,1,Stainless Steel,1072.8,153.929,0.1934,0.3678,1.397
D4677,7.536,38.422,53.424,4.897,1,Stainless Steel,163.9,32.832,0.0315,0.2104,6.549
D4678,7.325,65.673,81.204,5.377,1,Stainless Steel,967.2,178.257,0.4159,0.5312,1.206
D4679,6.548,32.899,45.703,7.925,1,Stainless Steel,236.8,55.887,0.0507,0.1339,3.847
D4680,7.597,43.596,65.421,6.07,0,Mild Steel,664.7,135.957,0.1947,0.2891,1.839
D4681,5.983,30.261,73.888,8.044,0,Mild Steel,410.7,200.559,0.5113,0.1785,1.247
D4682,6.546,56.313,46.691,1.931,0,Mild Steel,1276.0,229.598,0.1645,0.2297,1.089
D4683,9.086,42.535,58.291,9.22,2,Aluminium,1036.7,129.353,0.3731,0.1034,0.734
D4684,3.809,41.97,57.91,6.061,0,Mild Steel,307.6,204.341,0.5151,0.1235,1.223
D4685,6.379,51.93,52.016,9.961,1,Stainless Steel,990.1,170.676,0.2142,0.2344,1.26
D4686,8.297,39.869,56.896,4.686,2,Aluminium,1428.0,248.662,0.6695,0.0864,0.382
D4687,6.722,30.429,58.625,5.2,2,Aluminium,127.5,43.048,0.1612,0.055,2.207
D4688,3.469,71.909,84.888,5.935,0,Mild Steel,1108.1,752.587,4.5167,0.2826,0.332
D4689,9.788,55.907,69.544,3.453,0,Mild Steel,1267.3,149.306,0.1626,0.5079,1.674
D4690,5.917,61.697,66.071,9.824,2,Aluminium,410.9,87.325,0.5375,0.1107,1.088
D4691,4.445,33.788,68.391,7.052,0,Mild Steel,843.3,603.747,1.818,0.1371,0.414
D4692,5.625,34.325,50.203,5.959,0,Mild Steel,438.3,151.098,0.1816,0.1293,1.655
D4693,9.461,31.32,58.549,4.539,2,Aluminium,209.9,37.906,0.0921,0.0796,2.506
D4694,9.769,54.735,62.85,4.176,2,Aluminium,748.9,79.397,0.2112,0.1543,1.197
D4695,4.31,47.307,59.236,4.485,2,Aluminium,1449.6,731.031,4.6114,0.0554,0.13
D4696,8.748,38.339,59.774,1.552,2,Aluminium,314.2,62.858,0.1516,0.092,1.511
D4697,3.302,48.791,80.164,7.245,0,Mild Steel,1403.3,1439.619,8.2288,0.1724,0.174
D4698,8.899,67.788,56.071,6.419,0,Mild Steel,265.7,22.27,0.0196,0.4514,11.226
D4699,8.8,43.957,86.582,9.795,0,Mild Steel,635.6,119.481,0.2754,0.447,2.092
D4700,9.747,75.658,59.604,5.994,0,Mild Steel,719.7,49.36,0.0435,0.5865,5.065
D4701,9.897,46.434,58.348,2.625,2,Aluminium,1232.9,149.006,0.3154,0.1231,0.638
D4702,8.014,55.783,75.288,1.716,0,Mild Steel,1210.2,245.359,0.3598,0.4491,1.019
D4703,8.278,58.123,77.123,2.049,1,Stainless Steel,485.8,89.336,0.1401,0.5047,2.407
D4704,7.109,76.296,67.336,1.505,2,Aluminium,1246.2,210.16,0.8046,0.1676,0.452
D4705,5.367,60.194,59.161,8.305,2,Aluminium,171.1,40.95,0.2208,0.0877,2.32
D4706,3.435,72.221,72.875,8.233,0,Mild Steel,1128.9,657.432,2.9858,0.2412,0.38
D4707,9.145,31.141,56.231,5.131,1,Stainless Steel,1255.9,228.044,0.1943,0.2178,0.943
D4708,9.52,35.65,55.444,1.391,1,Stainless Steel,465.2,79.616,0.0534,0.2559,2.7
D4709,4.732,72.087,80.731,8.758,2,Aluminium,1245.8,427.548,4.9753,0.1264,0.222
D4710,7.515,32.709,72.536,8.42,1,Stainless Steel,804.7,233.233,0.4584,0.2425,0.922
D4711,8.825,44.531,57.182,5.73,0,Mild Steel,337.5,45.558,0.0412,0.2999,5.488
D4712,7.05,32.123,89.28,7.476,2,Aluminium,815.0,339.785,2.9869,0.0928,0.28
D4713,9.337,73.162,78.707,9.103,2,Aluminium,302.8,28.291,0.1437,0.2468,3.358
D4714,5.531,45.51,89.266,8.049,1,Stainless Steel,175.6,79.613,0.3361,0.3056,2.701
D4715,4.18,36.452,77.023,7.302,0,Mild Steel,1363.6,1138.692,4.6803,0.1566,0.22
D4716,8.964,30.915,82.263,1.106,1,Stainless Steel,1457.0,486.84,0.7549,0.31,0.442
D4717,3.206,67.897,95.88,2.95,2,Aluminium,1416.0,1489.629,32.3447,0.0958,0.064
D4718,3.349,64.678,56.505,3.023,2,Aluminium,1305.3,781.226,5.6181,0.0562,0.122
D4719,5.698,70.103,48.064,6.075,1,Stainless Steel,659.5,103.722,0.117,0.2611,2.073
D4720,5.215,64.475,61.391,5.032,0,Mild Steel,356.1,94.609,0.1802,0.2754,2.642
D4721,8.34,56.543,85.725,7.919,1,Stainless Steel,1295.4,214.92,0.5157,0.5498,1.0
D4722,4.93,50.016,41.365,2.954,2,Aluminium,203.4,57.501,0.1392,0.0468,1.652
D4723,7.091,63.158,60.413,6.546,2,Aluminium,338.0,49.207,0.1919,0.1242,1.931
D4724,7.8,65.087,85.253,9.554,0,Mild Steel,1001.4,156.725,0.4018,0.5776,1.595
D4725,9.647,55.878,61.681,9.866,0,Mild Steel,499.7,44.489,0.0468,0.4437,5.619
D4726,4.662,32.94,78.975,4.724,1,Stainless Steel,1175.7,975.164,3.5962,0.1649,0.22
D4727,9.173,65.343,58.048,5.366,0,Mild Steel,393.1,34.635,0.0305,0.4643,7.218
D4728,5.683,31.287,86.54,7.141,2,Aluminium,1384.1,858.054,9.0571,0.0706,0.111
D4729,5.1,45.24,61.012,6.409,0,Mild Steel,850.5,319.195,0.6438,0.1879,0.783
D4730,9.409,59.107,42.628,3.676,1,Stainless Steel,859.8,62.608,0.028,0.3224,3.434
D4731,9.663,47.174,43.146,4.453,2,Aluminium,418.2,35.655,0.0458,0.0903,2.664
D4732,3.854,48.363,78.695,7.578,2,Aluminium,728.7,544.467,7.437,0.0673,0.174
D4733,7.031,73.543,45.632,9.79,2,Aluminium,558.6,49.929,0.1204,0.1083,1.903
D4734,7.44,57.443,62.252,2.995,0,Mild Steel,312.7,54.464,0.0638,0.355,4.59
D4735,6.469,73.509,43.976,2.663,2,Aluminium,1012.9,128.371,0.251,0.096,0.74
D4736,4.783,79.493,87.926,3.215,1,Stainless Steel,1046.9,411.677,1.696,0.4546,0.522
D4737,6.034,34.31,95.002,8.131,0,Mild Steel,962.8,524.007,2.1905,0.2625,0.477
D4738,9.196,37.87,72.036,8.506,1,Stainless Steel,112.7,19.392,0.0296,0.3412,11.087
D4739,6.453,68.703,78.297,9.397,1,Stainless Steel,1413.6,273.606,0.7617,0.4721,0.786
D4740,5.235,72.134,71.431,1.285,1,Stainless Steel,738.6,253.701,0.5391,0.3668,0.847
D4741,4.796,72.827,50.217,6.338,0,Mild Steel,240.2,51.705,0.0757,0.2341,4.835
D4742,6.037,69.778,56.03,8.236,1,Stainless Steel,1402.6,220.738,0.3331,0.321,0.974
D4743,8.285,40.786,70.209,6.38,1,Stainless Steel,651.8,129.498,0.2015,0.3227,1.66
D4744,6.846,44.608,98.501,5.445,0,Mild Steel,342.9,127.215,0.458,0.4014,1.965
D4745,4.073,57.42,92.844,4.441,2,Aluminium,1230.9,890.018,14.7193,0.0997,0.107
D4746,5.898,33.774,57.411,7.622,0,Mild Steel,706.5,248.735,0.3859,0.1526,1.005
D4747,3.756,39.038,43.926,2.662,2,Aluminium,1342.0,861.874,3.1888,0.0296,0.11
D4748,4.742,37.191,97.944,9.85,0,Mild Steel,897.4,715.647,4.2524,0.2305,0.349
D4749,4.462,46.912,51.166,5.662,2,Aluminium,1005.1,397.916,1.8731,0.0492,0.239
D4750,6.352,70.267,45.411,4.763,1,Stainless Steel,1258.4,160.523,0.1356,0.2757,1.339
D4751,5.311,72.058,92.345,6.426,0,Mild Steel,581.4,192.383,0.8481,0.4717,1.299
D4752,9.176,66.434,52.647,5.372,0,Mild Steel,818.5,64.298,0.0465,0.4283,3.888
D4753,9.225,57.137,72.393,4.394,2,Aluminium,705.3,90.889,0.3458,0.1751,1.045
D4754,3.606,53.076,81.361,9.895,2,Aluminium,1212.7,973.235,15.2086,0.0715,0.098
D4755,6.665,58.268,72.0,8.095,0,Mild Steel,713.7,144.52,0.3088,0.3731,1.73
D4756,9.528,41.169,98.84,9.337,1,Stainless Steel,495.3,99.09,0.2783,0.5273,2.17
D4757,9.982,61.84,97.429,4.494,1,Stainless Steel,1023.6,141.412,0.319,0.8179,1.52
D4758,6.005,59.855,77.812,2.53,0,Mild Steel,784.3,249.754,0.5702,0.3732,1.001
D4759,3.251,69.21,51.309,4.893,1,Stainless Steel,796.8,393.474,0.9382,0.157,0.546
D4760,8.287,55.445,82.173,4.022,2,Aluminium,966.0,179.871,0.9848,0.1733,0.528
D4761,6.12,51.38,48.873,9.635,2,Aluminium,1331.9,236.67,0.7655,0.0705,0.401
D4762,3.046,75.902,75.419,8.416,2,Aluminium,1298.7,947.202,15.0605,0.08,0.1
D4763,5.693,55.202,79.132,9.994,0,Mild Steel,774.7,236.441,0.7536,0.3319,1.057
D4764,7.831,63.813,58.141,3.335,0,Mild Steel,410.0,53.707,0.0526,0.3877,4.655
D4765,5.019,56.705,77.772,6.294,1,Stainless Steel,738.7,291.159,1.0043,0.301,0.738
D4766,8.3,62.514,92.471,3.363,0,Mild Steel,1383.5,264.037,0.6122,0.6403,0.947
D4767,5.182,61.626,46.609,8.904,1,Stainless Steel,493.5,96.165,0.1207,0.2024,2.236
D4768,8.478,50.676,56.695,2.7,0,Mild Steel,308.9,44.259,0.0365,0.325,5.649
D4769,9.345,32.385,93.61,3.803,0,Mild Steel,478.0,140.499,0.2967,0.3781,1.779
D4770,7.793,58.027,76.708,9.344,0,Mild Steel,399.8,63.49,0.1314,0.4629,3.938
D4771,6.856,40.795,85.344,9.369,0,Mild Steel,289.0,91.856,0.2733,0.3185,2.722
D4772,5.574,52.625,97.726,1.834,2,Aluminium,1096.8,600.747,6.5113,0.1316,0.158
D4773,5.782,35.226,76.242,3.701,0,Mild Steel,1452.7,772.0,1.8912,0.2072,0.324
D4774,9.957,57.043,41.943,6.182,2,Aluminium,926.4,56.718,0.0704,0.1093,1.675
D4775,5.887,34.392,50.704,7.31,0,Mild Steel,790.1,243.704,0.2935,0.137,1.026
D4776,7.622,63.892,44.202,9.815,0,Mild Steel,622.5,53.442,0.038,0.2872,4.678
D4777,5.269,56.639,83.726,7.603,1,Stainless Steel,573.5,216.288,0.8421,0.3398,0.994
D4778,8.564,73.754,72.624,6.914,2,Aluminium,1455.2,153.376,0.6974,0.2106,0.619
D4779,6.582,56.328,61.702,8.514,0,Mild Steel,1323.2,241.002,0.3871,0.3053,1.037
D4780,4.422,61.29,87.953,6.527,0,Mild Steel,1071.6,555.178,2.752,0.3181,0.45
D4781,9.833,48.488,56.785,3.486,2,Aluminium,1488.0,163.418,0.3426,0.1243,0.581
D4782,4.904,49.172,83.706,1.89,1,Stainless Steel,282.3,178.989,0.5919,0.2745,1.201
D4783,4.431,59.73,51.331,4.472,1,Stainless Steel,270.5,89.081,0.1459,0.1848,2.414
D4784,3.237,42.427,76.331,3.154,2,Aluminium,1396.5,1816.493,25.0292,0.0481,0.052
D4785,3.747,35.202,43.558,3.894,2,Aluminium,525.8,346.705,1.3597,0.0264,0.274
D4786,5.598,46.352,97.073,2.858,1,Stainless Steel,878.0,501.91,2.0475,0.3425,0.428
D4787,9.323,47.525,53.516,3.636,1,Stainless Steel,621.8,72.024,0.0513,0.3225,2.985
D4788,9.263,52.493,46.8,8.371,0,Mild Steel,1431.0,114.238,0.0703,0.3037,2.188
D4789,3.408,76.512,64.84,9.832,0,Mild Steel,205.4,102.051,0.3698,0.2256,2.45
D4790,4.804,75.178,65.959,8.769,1,Stainless Steel,1130.5,295.285,0.8064,0.324,0.728
D4791,3.241,51.789,74.447,3.569,0,Mild Steel,346.8,351.516,1.6236,0.1667,0.711
D4792,4.076,54.796,49.617,2.885,2,Aluminium,821.5,360.507,1.5675,0.0509,0.264
D4793,3.299,72.025,55.328,4.595,2,Aluminium,316.8,159.193,1.2026,0.0603,0.597
D4794,9.622,51.425,41.037,2.01,0,Mild Steel,1305.1,108.765,0.0394,0.271,2.299
D4795,6.681,65.407,84.909,9.725,1,Stainless Steel,709.0,145.87,0.4613,0.5046,1.474
D4796,8.839,68.831,55.43,3.936,0,Mild Steel,1025.4,92.521,0.0735,0.4501,2.702
D4797,3.226,37.244,49.33,7.257,1,Stainless Steel,648.6,561.91,1.29,0.0806,0.383
D4798,6.152,47.322,71.521,3.506,0,Mild Steel,590.1,197.594,0.3918,0.2779,1.265
D4799,5.485,78.783,44.43,8.053,1,Stainless Steel,373.6,49.463,0.0522,0.2611,4.347
D4800,5.257,31.746,48.487,7.64,1,Stainless Steel,1464.3,572.617,0.7502,0.11,0.375
D4801,3.335,72.835,44.078,1.964,1,Stainless Steel,723.5,328.159,0.4753,0.1456,0.655
D4802,3.379,33.699,80.79,2.258,1,Stainless Steel,1104.7,1888.554,9.2865,0.1251,0.114
D4803,3.277,34.817,52.732,2.603,0,Mild Steel,221.1,245.51,0.529,0.0803,1.018
D4804,4.502,76.272,92.281,3.35,2,Aluminium,1371.4,652.866,8.9758,0.1455,0.146
D4805,9.581,38.038,81.826,7.065,2,Aluminium,617.3,115.574,0.586,0.1369,0.822
D4806,4.982,67.267,80.097,7.789,2,Aluminium,1119.9,376.25,4.0112,0.1232,0.252
D4807,3.164,37.076,56.719,8.788,1,Stainless Steel,1452.3,1510.622,4.6743,0.0905,0.142
D4808,7.312,44.45,89.718,7.682,2,Aluminium,1035.7,292.042,2.4955,0.1338,0.325
D4809,9.822,52.086,55.58,5.055,1,Stainless Steel,671.2,63.412,0.0484,0.3867,3.391
D4810,5.458,57.11,48.399,8.941,2,Aluminium,1197.2,237.024,0.8473,0.0693,0.401
D4811,4.677,38.07,60.802,6.121,0,Mild Steel,966.9,507.602,1.1162,0.1445,0.493
D4812,9.277,64.119,58.48,8.613,0,Mild Steel,616.6,49.944,0.0482,0.4642,5.006
D4813,6.115,31.833,82.789,7.944,1,Stainless Steel,417.9,209.217,0.6752,0.2192,1.028
D4814,5.322,48.834,42.794,5.531,1,Stainless Steel,375.9,87.041,0.083,0.1512,2.47
D4815,3.019,32.716,48.949,9.144,2,Aluminium,601.5,672.404,4.5438,0.0222,0.141
D4816,7.724,36.603,54.337,7.566,0,Mild Steel,1326.0,249.639,0.2522,0.205,1.001
D4817,5.011,67.521,47.253,6.238,2,Aluminium,1439.7,290.876,1.0365,0.0734,0.327
D4818,6.232,76.657,74.827,6.803,0,Mild Steel,152.0,28.344,0.0687,0.477,8.82
D4819,5.93,77.431,73.676,2.617,1,Stainless Steel,113.9,27.022,0.0585,0.4601,7.956
D4820,7.235,57.511,65.675,4.12,2,Aluminium,1388.0,253.981,1.0465,0.1254,0.374
D4821,8.145,75.917,97.269,9.061,1,Stainless Steel,1033.0,147.486,0.4804,0.8179,1.458
D4822,4.441,38.688,94.896,8.116,2,Aluminium,500.1,427.303,7.3101,0.0748,0.222
D4823,9.445,72.05,94.278,4.294,2,Aluminium,965.7,123.573,0.7728,0.2945,0.769
D4824,6.432,72.619,98.924,5.98,2,Aluminium,172.6,43.424,0.5012,0.2121,2.188
D4825,8.208,65.129,95.929,1.619,1,Stainless Steel,1144.4,243.318,0.5814,0.6974,0.884
D4826,8.405,64.028,90.326,5.705,1,Stainless Steel,1187.5,192.488,0.4771,0.6611,1.117
D4827,7.384,73.18,44.573,1.2,0,Mild Steel,1242.4,137.308,0.0747,0.3214,1.821
D4828,7.656,78.339,82.35,4.218,1,Stainless Steel,1350.8,204.424,0.4448,0.6717,1.052
D4829,3.92,41.74,64.542,5.224,2,Aluminium,1430.4,1031.842,8.8664,0.0485,0.092
D4830,3.348,33.877,82.713,9.51,1,Stainless Steel,827.5,1227.653,7.6367,0.1276,0.175
D4831,4.948,48.089,98.08,9.734,1,Stainless Steel,1011.0,574.311,3.3931,0.3174,0.374
D4832,4.291,38.993,51.433,5.045,0,Mild Steel,688.6,361.163,0.6084,0.1148,0.692
D4833,4.058,40.047,80.391,1.001,1,Stainless Steel,1179.0,1365.421,4.7436,0.1777,0.157
D4834,7.868,35.83,91.747,5.514,0,Mild Steel,1008.5,336.567,0.8927,0.3451,0.743
D4835,3.981,66.956,71.589,3.981,2,Aluminium,1260.8,641.166,6.3488,0.0876,0.148
D4836,9.069,58.568,85.004,8.004,1,Stainless Steel,538.9,73.39,0.157,0.614,2.93
D4837,5.572,79.784,53.977,4.391,0,Mild Steel,1234.0,212.106,0.2812,0.3202,1.179
D4838,9.427,54.901,75.356,1.637,0,Mild Steel,1460.2,221.838,0.2717,0.5205,1.127
D4839,8.364,39.408,55.236,6.884,2,Aluminium,1336.6,209.493,0.5664,0.0836,0.453
D4840,6.702,38.001,82.434,9.165,2,Aluminium,115.1,39.68,0.3267,0.0964,2.394
D4841,9.95,40.734,86.266,8.704,2,Aluminium,214.2,35.43,0.1987,0.1605,2.681
D4842,9.621,79.675,49.339,8.417,0,Mild Steel,442.4,22.88,0.015,0.5047,10.927
D4843,4.728,36.741,63.817,8.057,0,Mild Steel,1377.5,741.227,1.8436,0.1479,0.337
D4844,5.601,47.616,56.613,5.019,0,Mild Steel,343.4,100.151,0.1489,0.2015,2.496
D4845,3.711,32.233,52.818,4.463,2,Aluminium,1143.7,992.158,5.9299,0.029,0.096
D4846,8.468,34.507,69.647,2.893,2,Aluminium,657.0,168.588,0.6142,0.0934,0.564
D4847,4.716,72.636,62.662,3.555,2,Aluminium,216.9,66.939,0.4061,0.0985,1.419
D4848,5.515,50.944,63.101,2.064,0,Mild Steel,861.2,315.485,0.5064,0.2366,0.792
D4849,3.668,40.069,71.977,5.626,0,Mild Steel,1482.5,1389.646,5.5911,0.1412,0.18
D4850,4.016,32.805,46.098,1.757,2,Aluminium,725.2,554.82,1.9389,0.0279,0.171
D4851,8.15,53.423,63.226,7.175,2,Aluminium,1059.4,145.756,0.5368,0.1264,0.652
D4852,4.739,32.997,78.39,3.802,2,Aluminium,216.2,179.736,1.7186,0.0563,0.529
D4853,7.002,60.682,45.488,1.267,0,Mild Steel,1446.2,216.761,0.1307,0.2579,1.153
D4854,3.292,78.466,60.177,1.262,0,Mild Steel,472.2,299.531,0.7352,0.2074,0.835
D4855,5.103,63.698,96.146,5.24,0,Mild Steel,187.5,81.517,0.3938,0.417,3.067
D4856,8.981,31.95,64.472,1.693,2,Aluminium,240.8,58.82,0.1616,0.0849,1.615
D4857,3.838,60.887,59.419,9.803,2,Aluminium,559.1,252.193,1.975,0.0637,0.377
D4858,8.017,75.537,66.32,4.84,1,Stainless Steel,860.2,97.505,0.1336,0.5462,2.205
D4859,5.873,48.259,51.193,8.383,0,Mild Steel,1442.7,314.705,0.3959,0.1936,0.794
D4860,4.826,37.614,54.066,8.212,2,Aluminium,382.0,163.313,0.8278,0.045,0.582
D4861,5.305,37.709,50.316,8.661,0,Mild Steel,256.8,84.771,0.1162,0.1343,2.949
D4862,5.408,41.918,89.201,1.142,2,Aluminium,1300.5,914.146,8.0726,0.0928,0.104
D4863,8.763,74.8,63.467,2.3,2,Aluminium,1145.1,119.354,0.3372,0.1909,0.796
D4864,9.632,61.582,81.675,2.208,2,Aluminium,151.2,20.699,0.0868,0.2224,4.59
D4865,7.449,78.965,65.552,1.459,2,Aluminium,1345.6,195.91,0.6733,0.177,0.485
D4866,4.14,61.468,54.798,8.286,1,Stainless Steel,284.6,100.807,0.2226,0.1897,2.133
D4867,7.403,65.32,59.357,5.741,1,Stainless Steel,128.4,16.843,0.021,0.3904,12.765
D4868,9.113,48.039,57.573,1.499,0,Mild Steel,958.9,136.754,0.1007,0.3363,1.828
D4869,8.473,42.01,80.957,8.965,2,Aluminium,265.4,53.149,0.3195,0.1323,1.787
D4870,6.739,64.044,76.097,6.708,2,Aluminium,302.3,59.678,0.3941,0.1507,1.592
D4871,7.475,40.596,70.665,4.914,0,Mild Steel,596.7,151.83,0.2484,0.2862,1.647
D4872,6.2,54.501,70.593,3.074,2,Aluminium,412.7,119.548,0.648,0.1095,0.795
D4873,3.072,69.032,68.491,9.84,0,Mild Steel,892.6,638.987,2.8661,0.1938,0.391
D4874,8.475,39.498,57.452,6.362,1,Stainless Steel,780.5,125.841,0.1276,0.2616,1.709
D4875,9.842,46.938,81.839,4.699,0,Mild Steel,888.2,138.346,0.2176,0.5045,1.807
D4876,4.615,31.379,42.883,6.508,1,Stainless Steel,157.0,71.586,0.0832,0.0845,3.003
D4877,7.738,30.179,48.513,4.781,1,Stainless Steel,1069.2,237.151,0.1809,0.1541,0.907
D4878,6.29,54.106,44.084,9.197,1,Stainless Steel,1070.4,155.835,0.1412,0.204,1.38
D4879,7.965,53.719,75.88,5.237,2,Aluminium,770.8,140.13,0.719,0.149,0.678
D4880,3.393,70.487,56.26,5.212,2,Aluminium,1354.2,659.137,5.0788,0.0618,0.144
D4881,8.12,60.79,62.426,7.598,1,Stainless Steel,1261.6,149.974,0.1955,0.4191,1.434
D4882,5.773,49.157,86.091,1.54,2,Aluminium,807.3,399.371,3.1569,0.1121,0.238
D4883,6.93,44.336,87.103,1.526,1,Stainless Steel,1141.1,448.948,1.059,0.364,0.479
D4884,9.106,35.46,92.209,7.582,0,Mild Steel,1273.5,311.695,0.7458,0.3973,0.802
D4885,9.869,73.481,77.375,5.596,0,Mild Steel,1487.3,134.99,0.1951,0.7488,1.852
D4886,9.403,53.768,56.387,4.13,0,Mild Steel,1145.9,119.243,0.0919,0.3804,2.097
D4887,5.423,32.149,47.603,5.052,2,Aluminium,381.1,146.585,0.4649,0.0381,0.648
D4888,6.157,38.095,45.087,4.507,1,Stainless Steel,1293.1,322.985,0.2762,0.1438,0.666
D4889,5.466,59.848,67.73,1.328,1,Stainless Steel,676.6,243.885,0.4457,0.3013,0.882
D4890,3.153,33.732,53.945,1.677,1,Stainless Steel,583.9,797.361,1.796,0.078,0.27
D4891,3.769,42.162,85.8,3.95,2,Aluminium,524.3,561.284,8.5064,0.0626,0.169
D4892,6.587,37.742,44.684,8.672,1,Stainless Steel,658.7,129.102,0.1129,0.1511,1.665
D4893,8.29,39.02,51.022,5.469,0,Mild Steel,244.5,37.962,0.0292,0.2202,6.585
D4894,7.671,43.48,54.101,7.665,0,Mild Steel,1404.6,223.893,0.2266,0.2408,1.117
D4895,7.434,62.492,83.962,6.466,1,Stainless Steel,587.9,110.622,0.2809,0.5304,1.944
D4896,9.14,58.324,54.175,9.07,1,Stainless Steel,816.7,68.547,0.0604,0.3928,3.137
D4897,7.01,75.626,66.733,6.216,2,Aluminium,1236.7,171.246,0.8179,0.1624,0.555
D4898,8.346,32.512,49.869,1.751,1,Stainless Steel,611.5,130.167,0.0832,0.184,1.652
D4899,4.913,59.939,81.682,6.884,2,Aluminium,1053.8,423.217,4.6839,0.1104,0.224
D4900,6.827,32.478,98.75,1.069,1,Stainless Steel,395.9,256.245,0.7647,0.2978,0.839
D4901,8.266,71.625,82.314,2.604,1,Stainless Steel,1016.3,157.59,0.2904,0.6628,1.364
D4902,9.664,42.872,73.37,5.11,1,Stainless Steel,832.3,129.645,0.1761,0.4134,1.658
D4903,4.724,52.513,77.273,2.277,1,Stainless Steel,1302.6,742.061,2.2505,0.2607,0.29
D4904,6.113,48.93,83.648,2.784,2,Aluminium,1206.0,481.148,3.6607,0.1148,0.197
D4905,9.384,52.027,55.458,3.36,0,Mild Steel,751.6,82.386,0.0596,0.3613,3.034
D4906,9.911,57.597,52.354,8.921,1,Stainless Steel,533.5,37.954,0.0283,0.4065,5.665
D4907,8.813,30.216,72.154,2.527,0,Mild Steel,125.9,36.11,0.0457,0.2564,6.923
D4908,4.885,78.285,66.862,7.654,2,Aluminium,1486.1,372.272,2.821,0.1174,0.255
D4909,6.526,45.885,73.031,7.915,2,Aluminium,166.8,45.373,0.2952,0.1004,2.094
D4910,6.839,46.059,88.861,3.312,1,Stainless Steel,207.0,73.69,0.2043,0.3807,2.918
D4911,8.681,76.459,43.013,2.539,2,Aluminium,254.8,17.708,0.0235,0.131,5.365
D4912,7.739,31.159,95.355,4.699,1,Stainless Steel,252.8,107.072,0.3145,0.3127,2.008
D4913,4.321,66.658,60.513,5.207,0,Mild Steel,263.9,93.532,0.2175,0.2326,2.673
D4914,4.45,71.064,79.64,1.666,1,Stainless Steel,407.2,207.285,0.6806,0.3425,1.037
D4915,3.527,66.79,99.377,6.865,2,Aluminium,237.1,193.633,4.6043,0.1074,0.491
D4916,3.337,75.686,84.288,4.045,0,Mild Steel,836.7,609.246,3.5623,0.2841,0.41
D4917,4.045,37.839,93.884,8.143,0,Mild Steel,1367.1,1411.694,9.0355,0.1918,0.177
D4918,3.613,33.747,60.579,7.262,0,Mild Steel,1410.9,1320.927,3.9407,0.0986,0.189
D4919,5.899,40.129,78.897,2.451,2,Aluminium,740.4,370.344,2.5594,0.0857,0.257
D4920,9.536,40.873,72.055,8.106,1,Stainless Steel,880.2,132.663,0.1926,0.3819,1.621
D4921,5.394,63.369,76.629,5.109,2,Aluminium,585.2,185.231,1.5353,0.1202,0.513
D4922,4.702,67.972,50.845,2.32,2,Aluminium,258.4,75.226,0.2787,0.0746,1.263
D4923,5.577,42.582,63.387,3.458,1,Stainless Steel,831.1,328.404,0.5939,0.2047,0.655
D4924,5.473,65.114,56.48,2.672,2,Aluminium,850.0,212.157,0.8317,0.0924,0.448
D4925,9.803,33.988,49.225,8.145,0,Mild Steel,1221.9,143.776,0.091,0.2189,1.739
D4926,3.822,73.334,62.531,2.423,0,Mild Steel,1335.6,641.208,1.5957,0.2339,0.39
D4927,9.019,61.812,79.774,3.747,1,Stainless Steel,790.9,111.086,0.1835,0.6048,1.935
D4928,7.532,64.756,89.231,6.926,1,Stainless Steel,1408.9,262.064,0.7498,0.5919,0.82
D4929,5.839,76.071,75.385,6.726,0,Mild Steel,1096.4,234.131,0.6204,0.4468,1.068
D4930,7.165,67.878,88.891,1.96,0,Mild Steel,1106.9,265.025,0.6228,0.5769,0.943
D4931,3.916,59.022,65.319,3.435,0,Mild Steel,1170.5,652.812,1.8412,0.2015,0.383
D4932,3.832,52.851,47.982,1.475,2,Aluminium,423.3,234.457,0.9116,0.0446,0.405
D4933,7.069,59.663,86.53,9.829,2,Aluminium,1216.7,251.468,2.168,0.1675,0.378
D4934,4.978,77.276,43.81,2.036,2,Aluminium,655.8,133.13,0.3353,0.0774,0.714
D4935,7.962,46.902,84.152,3.383,1,Stainless Steel,1039.9,259.604,0.5425,0.4274,0.828
D4936,5.381,52.399,96.955,4.598,1,Stainless Steel,738.1,366.282,1.7076,0.3718,0.587
D4937,7.691,62.682,88.235,8.332,2,Aluminium,483.2,85.411,0.6749,0.1952,1.112
D4938,9.987,57.362,47.941,4.087,1,Stainless Steel,705.7,52.475,0.0282,0.3735,4.097
D4939,4.06,38.148,81.771,2.184,0,Mild Steel,368.6,406.178,1.5787,0.169,0.615
D4940,4.813,41.9,65.74,9.496,1,Stainless Steel,1425.6,658.357,1.7972,0.1803,0.327
D4941,6.836,39.987,69.733,2.14,2,Aluminium,337.2,116.109,0.519,0.0875,0.818
D4942,8.818,42.597,94.823,9.365,1,Stainless Steel,1391.9,296.992,0.842,0.4844,0.724
D4943,7.022,67.641,74.003,8.103,2,Aluminium,1285.3,209.418,1.2892,0.1613,0.454
D4944,5.154,54.072,62.962,2.243,2,Aluminium,206.9,79.69,0.4044,0.0805,1.192
D4945,8.019,43.138,97.333,8.073,0,Mild Steel,209.4,55.297,0.1736,0.4494,4.521
D4946,9.648,33.318,94.266,8.195,2,Aluminium,295.9,69.919,0.4802,0.1391,1.359
D4947,8.648,57.582,45.939,1.528,1,Stainless Steel,1078.5,113.008,0.0582,0.3111,1.903
D4948,3.414,50.503,40.024,3.238,1,Stainless Steel,1499.1,776.074,0.9916,0.0938,0.277
D4949,6.496,33.379,64.326,6.775,0,Mild Steel,465.6,159.01,0.2708,0.1861,1.572
D4950,5.487,46.98,41.745,7.479,1,Stainless Steel,1178.3,248.443,0.2289,0.1463,0.865
D4951,4.023,39.329,41.887,6.672,0,Mild Steel,1330.0,608.182,0.7634,0.0884,0.411
D4952,7.62,79.271,82.598,7.737,0,Mild Steel,1175.0,158.481,0.3776,0.6658,1.577
D4953,7.428,74.091,97.264,8.081,2,Aluminium,155.3,27.428,0.2729,0.2457,3.464
D4954,9.3,64.816,89.812,3.343,0,Mild Steel,1309.6,189.876,0.364,0.7225,1.317
D4955,8.991,49.139,97.119,4.445,1,Stainless Steel,664.2,139.688,0.3531,0.5835,1.539
D4956,4.46,37.118,98.885,9.527,0,Mild Steel,190.4,173.596,1.1179,0.2185,1.44
D4957,8.844,32.748,89.998,9.458,0,Mild Steel,264.2,69.101,0.17,0.3478,3.618
D4958,8.117,76.017,79.874,7.163,1,Stainless Steel,455.7,56.082,0.1184,0.6703,3.834
D4959,7.601,43.972,94.168,5.457,2,Aluminium,1320.0,392.947,3.3094,0.1445,0.242
D4960,8.162,73.808,47.025,8.54,2,Aluminium,342.7,24.498,0.0515,0.13,3.878
D4961,9.64,48.496,52.963,2.308,1,Stainless Steel,1443.2,161.684,0.1023,0.3367,1.33
D4962,4.515,50.154,60.349,4.398,1,Stainless Steel,1004.4,449.056,0.9912,0.1859,0.479
D4963,3.38,72.878,65.033,4.47,2,Aluminium,176.5,98.978,1.0004,0.0735,0.96
D4964,9.787,70.965,43.212,2.778,0,Mild Steel,148.4,8.817,0.0036,0.4005,28.354
D4965,7.168,51.577,45.619,9.838,2,Aluminium,461.8,56.723,0.1338,0.0774,1.675
D4966,5.868,73.558,49.489,2.973,0,Mild Steel,947.0,158.473,0.1545,0.2851,1.578
D4967,3.002,50.879,84.498,2.805,0,Mild Steel,661.4,930.245,5.7955,0.1723,0.269
D4968,4.333,30.19,41.406,5.812,1,Stainless Steel,1177.4,615.883,0.7052,0.0737,0.349
D4969,6.684,49.357,84.442,1.233,0,Mild Steel,1136.1,425.666,0.9281,0.3718,0.587
D4970,6.63,64.792,99.135,5.558,2,Aluminium,521.1,141.388,1.5589,0.1955,0.672
D4971,7.188,69.325,63.123,4.358,2,Aluminium,1386.6,202.634,0.7854,0.1444,0.469
D4972,7.846,64.303,42.527,8.782,1,Stainless Steel,679.5,53.909,0.0349,0.2918,3.988
D4973,7.503,62.427,82.206,3.006,2,Aluminium,1270.6,264.607,1.5519,0.1767,0.359
D4974,6.659,77.497,78.878,1.603,2,Aluminium,1266.7,277.035,1.5751,0.1868,0.343
D4975,9.998,40.923,53.503,5.247,2,Aluminium,186.8,20.794,0.0405,0.1005,4.569
D4976,9.815,59.219,65.362,6.166,2,Aluminium,269.3,25.416,0.0779,0.1744,3.738
D4977,6.149,42.271,96.883,8.517,1,Stainless Steel,317.9,137.288,0.6095,0.3425,1.566
D4978,4.853,42.033,55.818,6.412,0,Mild Steel,149.5,60.525,0.1082,0.152,4.131
D4979,6.438,51.823,95.48,8.351,2,Aluminium,493.3,157.881,1.8,0.1462,0.602
D4980,7.07,77.48,83.969,8.748,1,Stainless Steel,1196.8,188.282,0.5363,0.6256,1.142
D4981,9.655,33.099,68.811,3.049,2,Aluminium,908.6,186.728,0.576,0.1009,0.509
D4982,5.348,34.807,57.814,7.586,2,Aluminium,278.3,114.77,0.5856,0.0494,0.828
D4983,6.505,34.386,57.371,7.346,0,Mild Steel,1386.0,402.868,0.553,0.1713,0.621
D4984,7.084,36.803,85.515,5.102,1,Stainless Steel,428.4,159.189,0.4243,0.3032,1.351
D4985,9.681,54.619,93.333,3.171,0,Mild Steel,1208.8,202.111,0.3967,0.6586,1.237
D4986,8.341,56.56,70.905,1.446,0,Mild Steel,359.0,63.631,0.078,0.4464,3.929
D4987,7.634,56.875,90.388,7.901,2,Aluminium,1090.1,222.628,1.8443,0.1801,0.427
D4988,3.904,58.093,87.979,8.121,2,Aluminium,834.0,564.395,9.5277,0.0916,0.168
D4989,4.11,49.475,67.825,3.5,2,Aluminium,542.3,341.933,2.8548,0.0633,0.278
D4990,5.25,41.829,42.166,5.536,2,Aluminium,1495.5,408.268,1.074,0.0425,0.233
D4991,6.283,68.952,69.143,6.37,1,Stainless Steel,1064.4,203.301,0.4265,0.4074,1.058
D4992,4.927,69.698,62.136,4.653,1,Stainless Steel,657.5,183.959,0.3921,0.2902,1.169
D4993,8.171,57.756,82.904,1.04,2,Aluminium,986.8,213.627,1.0344,0.1796,0.445
D4994,3.075,64.75,93.761,6.764,1,Stainless Steel,808.0,842.827,7.3352,0.2539,0.255
D4995,4.882,58.697,63.953,5.858,1,Stainless Steel,800.2,266.792,0.635,0.2493,0.806
D4996,4.858,51.214,44.522,5.499,0,Mild Steel,1349.1,366.223,0.4056,0.1478,0.683
D4997,6.347,39.445,59.288,9.364,2,Aluminium,589.2,155.187,0.7058,0.0681,0.612
D4998,5.869,31.614,43.422,8.562,2,Aluminium,1295.3,365.192,0.9618,0.037,0.26
D4999,5.727,68.983,75.335,8.852,2,Aluminium,149.2,34.847,0.2854,0.1366,2.726
D5000,4.271,56.966,60.609,1.32,1,Stainless Steel,313.7,169.105,0.3262,0.2006,1.271
